timestamp,cpu_percent,ram_percent,gpu_avg_util_percent,gpu_avg_mem_percent,disk_read_MBps,disk_write_MBps,disk_total_MBps,net_sent_MBps,net_recv_MBps,net_total_MBps
2025-08-11 10:37:02,3.8,6.8,98.0,80.56,0.0,2.09,2.09,0.0,0.0,0.0
2025-08-11 10:37:03,3.3,6.8,98.0,80.56,0.0,1.0,1.0,0.0,0.0,0.0
2025-08-11 10:37:04,3.9,6.8,96.0,80.56,0.0,2.06,2.06,0.0,0.0,0.0
2025-08-11 10:37:05,7.7,6.8,95.0,80.56,0.0,1.9,1.9,0.0,0.0,0.0
2025-08-11 10:37:06,5.7,6.8,94.0,80.56,0.0,1.93,1.93,0.0,0.0,0.0
2025-08-11 10:37:07,5.5,6.8,92.0,80.56,0.0,1.31,1.31,0.0,0.0,0.0
2025-08-11 10:37:08,5.1,6.8,93.0,80.56,0.0,1.8,1.8,0.0,0.0,0.0
2025-08-11 10:37:09,4.6,6.8,93.0,80.56,0.0,1.28,1.28,0.0,0.0,0.0
2025-08-11 10:37:10,8.2,6.8,95.0,80.56,0.0,2.49,2.49,0.0,0.0,0.0
2025-08-11 10:37:11,4.2,6.8,96.0,80.56,0.0,0.42,0.42,0.0,0.0,0.0
2025-08-11 10:37:12,3.9,6.8,97.0,80.56,0.0,1.26,1.26,0.0,0.0,0.0
2025-08-11 10:37:13,4.4,6.8,98.0,80.56,0.0,2.04,2.04,0.0,0.0,0.0
2025-08-11 10:37:14,5.4,6.8,97.0,80.56,0.0,1.19,1.19,0.0,0.0,0.0
2025-08-11 10:37:15,5.9,6.8,97.0,80.56,0.0,3.0,3.0,0.0,0.0,0.0
2025-08-11 10:37:16,4.3,6.8,96.0,80.56,0.0,1.38,1.38,0.0,0.0,0.0
2025-08-11 10:37:17,5.7,6.8,94.0,80.56,0.0,1.9,1.9,0.0,0.0,0.0
2025-08-11 10:37:18,4.9,6.8,94.0,80.56,0.0,8.76,8.76,0.0,0.0,0.0
2025-08-11 10:37:19,4.7,6.8,93.0,80.56,0.0,8.91,8.91,0.0,0.0,0.0
2025-08-11 10:37:20,4.3,6.8,93.0,80.56,0.0,2.38,2.38,0.0,0.0,0.0
2025-08-11 10:37:21,4.8,6.8,95.0,80.56,0.0,2.05,2.05,0.0,0.0,0.0
2025-08-11 10:37:22,4.1,6.8,96.0,80.56,0.0,1.22,1.22,0.0,0.0,0.0
2025-08-11 10:37:23,4.4,6.8,97.0,80.56,0.0,2.06,2.06,0.0,0.0,0.0
2025-08-11 10:37:24,4.2,6.8,98.0,80.56,0.0,1.04,1.04,0.0,0.0,0.0
2025-08-11 10:37:25,4.6,6.8,98.0,80.56,0.0,2.78,2.78,0.0,0.0,0.0
2025-08-11 10:37:26,5.7,6.8,97.0,80.56,0.0,1.26,1.26,0.0,0.0,0.0
2025-08-11 10:37:27,3.7,6.9,0.0,80.56,0.0,2.24,2.24,0.0,0.0,0.0
2025-08-11 10:37:28,3.4,6.9,3.0,88.84,0.0,0.81,0.81,0.0,0.0,0.01
2025-08-11 10:37:29,6.1,6.9,40.0,89.03,0.0,1.8,1.8,0.01,0.0,0.01
2025-08-11 10:37:30,4.2,6.9,0.0,89.4,0.0,1.19,1.19,0.01,0.01,0.01
2025-08-11 10:37:31,3.1,6.9,0.0,89.4,0.0,2.28,2.28,0.01,0.01,0.02
2025-08-11 10:37:32,2.6,6.9,0.0,89.4,0.0,0.88,0.88,0.0,0.0,0.0
2025-08-11 10:37:33,2.7,6.9,0.0,89.4,0.0,1.43,1.43,0.0,0.0,0.0
2025-08-11 10:37:34,3.6,6.9,0.0,89.4,0.0,0.92,0.92,0.0,0.0,0.0
2025-08-11 10:37:35,3.1,6.9,0.0,89.4,0.0,2.66,2.66,0.0,0.0,0.0
2025-08-11 10:37:36,3.6,6.9,0.0,89.4,0.0,1.35,1.35,0.0,0.0,0.0
2025-08-11 10:37:37,2.9,6.9,0.0,89.4,0.0,1.92,1.92,0.0,0.0,0.0
2025-08-11 10:37:38,4.5,6.9,0.0,89.4,0.0,0.67,0.67,0.0,0.0,0.0
2025-08-11 10:37:39,3.1,6.9,0.0,89.4,0.0,2.16,2.16,0.0,0.0,0.0
2025-08-11 10:37:40,3.6,6.9,0.0,89.4,0.0,2.13,2.13,0.0,0.0,0.0
2025-08-11 10:37:41,3.3,6.9,0.0,89.4,0.0,2.45,2.45,0.0,0.0,0.0
2025-08-11 10:37:42,2.6,6.9,0.0,89.4,0.0,0.81,0.81,0.0,0.0,0.0
2025-08-11 10:37:43,2.4,6.9,0.0,89.4,0.0,1.8,1.8,0.0,0.0,0.0
2025-08-11 10:37:44,2.8,6.9,0.0,89.4,0.0,0.84,0.84,0.0,0.0,0.0
2025-08-11 10:37:45,3.1,6.9,0.0,89.4,0.0,1.93,1.93,0.0,0.0,0.0
2025-08-11 10:37:46,3.1,6.9,0.0,89.4,0.0,1.13,1.13,0.0,0.0,0.0
2025-08-11 10:37:47,2.5,6.9,0.0,89.4,0.0,1.76,1.76,0.0,0.0,0.0
2025-08-11 10:37:48,3.3,6.9,0.0,89.4,0.0,0.96,0.96,0.0,0.0,0.0
2025-08-11 10:37:49,3.0,6.9,0.0,89.4,0.0,1.5,1.5,0.0,0.0,0.0
2025-08-11 10:37:50,4.5,6.9,0.0,89.4,0.0,5.69,5.69,0.0,0.0,0.0
2025-08-11 10:37:51,3.6,6.9,0.0,89.4,0.0,2.43,2.43,0.0,0.0,0.0
2025-08-11 10:37:52,2.8,6.9,0.0,89.4,0.0,0.78,0.78,0.0,0.0,0.0
2025-08-11 10:37:53,2.7,6.9,0.0,89.4,0.0,0.88,0.88,0.0,0.0,0.0
2025-08-11 10:37:54,3.0,6.9,0.0,89.4,0.0,1.77,1.77,0.0,0.0,0.0
2025-08-11 10:37:55,3.1,6.9,0.0,89.4,0.0,0.91,0.91,0.0,0.0,0.0
2025-08-11 10:37:56,4.6,6.9,0.0,89.4,0.0,1.94,1.94,0.0,0.0,0.0
2025-08-11 10:37:57,3.4,6.9,0.0,89.4,0.0,1.02,1.02,0.0,0.0,0.0
2025-08-11 10:37:58,2.8,6.9,0.0,89.4,0.0,2.14,2.14,0.0,0.0,0.0
2025-08-11 10:37:59,3.5,6.9,0.0,89.4,0.0,0.93,0.93,0.0,0.0,0.0
2025-08-11 10:38:00,3.4,6.9,0.0,89.4,0.0,1.51,1.51,0.0,0.0,0.0
2025-08-11 10:38:01,2.5,6.9,0.0,89.4,0.0,1.06,1.06,0.0,0.0,0.0
2025-08-11 10:38:02,2.0,6.9,0.0,89.4,0.0,1.75,1.75,0.0,0.0,0.0
2025-08-11 10:38:03,2.3,6.9,0.0,89.4,0.0,1.31,1.31,0.0,0.0,0.0
2025-08-11 10:38:04,2.5,6.9,0.0,89.4,0.0,1.89,1.89,0.0,0.0,0.0
2025-08-11 10:38:05,2.2,6.9,0.0,89.4,0.0,0.92,0.92,0.0,0.0,0.0
2025-08-11 10:38:06,2.6,6.9,0.0,89.4,0.0,2.03,2.03,0.01,0.01,0.01
2025-08-11 10:38:07,1.9,6.9,0.0,89.4,0.0,0.79,0.79,0.0,0.0,0.0
2025-08-11 10:38:08,2.9,6.9,0.0,89.4,0.0,2.27,2.27,0.0,0.0,0.0
2025-08-11 10:38:09,2.8,6.9,0.0,89.4,0.0,0.97,0.97,0.0,0.0,0.0
2025-08-11 10:38:10,2.3,6.9,0.0,89.4,0.0,1.72,1.72,0.0,0.0,0.0
2025-08-11 10:38:11,2.7,6.9,0.0,89.4,0.0,0.89,0.89,0.0,0.0,0.0
2025-08-11 10:38:12,1.9,6.9,0.0,89.4,0.0,1.77,1.77,0.0,0.0,0.0
2025-08-11 10:38:13,2.0,6.9,0.0,89.4,0.0,1.31,1.31,0.0,0.0,0.0
2025-08-11 10:38:14,1.6,6.9,0.0,89.4,0.0,1.74,1.74,0.0,0.0,0.0
2025-08-11 10:38:15,2.1,6.9,0.0,89.4,0.0,0.92,0.92,0.0,0.0,0.0
2025-08-11 10:38:16,2.3,6.9,0.0,89.4,0.0,1.74,1.74,0.0,0.0,0.0
2025-08-11 10:38:17,2.2,6.9,0.0,89.4,0.0,1.12,1.12,0.0,0.0,0.0
2025-08-11 10:38:18,2.2,6.9,0.0,89.4,0.0,9.79,9.79,0.0,0.0,0.0
2025-08-11 10:38:19,3.3,6.9,0.0,89.4,0.0,1.38,1.38,0.0,0.0,0.0
2025-08-11 10:38:20,3.1,6.9,0.0,89.4,0.0,8.38,8.38,0.0,0.0,0.0
2025-08-11 10:38:21,3.1,6.9,0.0,89.4,0.0,0.98,0.98,0.0,0.0,0.0
2025-08-11 10:38:22,2.8,6.9,0.0,89.4,0.0,1.45,1.45,0.0,0.0,0.0
2025-08-11 10:38:23,2.1,6.9,0.0,89.4,0.0,1.06,1.06,0.0,0.0,0.0
2025-08-11 10:38:24,1.7,6.9,0.0,89.4,0.0,2.36,2.36,0.0,0.0,0.0
2025-08-11 10:38:25,2.7,6.9,0.0,89.4,0.0,1.12,1.12,0.0,0.0,0.0
2025-08-11 10:38:26,2.3,6.9,0.0,89.4,0.0,0.19,0.19,0.0,0.0,0.0
2025-08-11 10:38:27,3.4,6.9,0.0,89.4,0.0,1.93,1.93,0.0,0.0,0.0
2025-08-11 10:38:28,2.1,6.9,0.0,89.4,0.0,2.67,2.67,0.0,0.0,0.0
2025-08-11 10:38:29,2.5,6.9,0.0,89.4,0.0,1.51,1.51,0.0,0.0,0.0
2025-08-11 10:38:30,1.9,6.9,0.0,89.4,0.0,0.21,0.21,0.02,0.01,0.03
2025-08-11 10:38:31,2.2,6.9,0.0,89.4,0.0,1.64,1.64,0.01,0.01,0.03
2025-08-11 10:38:32,1.4,6.9,0.0,89.4,0.0,0.77,0.77,0.01,0.01,0.02
2025-08-11 10:38:33,2.0,6.9,0.0,89.4,0.0,1.51,1.51,0.0,0.0,0.0
2025-08-11 10:38:34,2.9,6.8,0.0,89.4,0.0,1.27,1.27,0.0,0.0,0.0
2025-08-11 10:38:35,4.1,6.8,0.0,89.4,0.0,1.76,1.76,0.0,0.0,0.0
2025-08-11 10:38:36,4.5,6.8,0.0,89.4,0.0,0.86,0.86,0.0,0.0,0.0
2025-08-11 10:38:37,3.1,6.8,0.0,89.4,0.0,1.61,1.61,0.0,0.0,0.0
2025-08-11 10:38:38,1.6,6.8,0.0,89.4,0.0,0.83,0.83,0.0,0.0,0.0
2025-08-11 10:38:39,2.0,6.8,0.0,89.4,0.0,2.32,2.32,0.0,0.0,0.0
2025-08-11 10:38:40,1.6,6.8,0.0,89.4,0.0,0.8,0.8,0.0,0.0,0.0
2025-08-11 10:38:41,2.7,6.8,0.0,89.4,0.0,1.84,1.84,0.0,0.0,0.0
2025-08-11 10:38:42,1.4,6.7,0.0,89.4,0.0,0.67,0.67,0.0,0.0,0.0
2025-08-11 10:38:43,2.1,6.7,0.0,89.4,0.0,2.01,2.01,0.0,0.0,0.0
2025-08-11 10:38:44,3.4,6.7,0.0,89.4,0.0,1.0,1.0,0.01,0.01,0.02
2025-08-11 10:38:45,2.8,6.7,0.0,89.4,0.0,2.34,2.34,0.0,0.02,0.03
2025-08-11 10:38:46,1.9,6.7,0.0,89.4,0.0,0.74,0.74,0.0,0.0,0.0
2025-08-11 10:38:47,1.8,6.7,0.0,89.4,0.0,1.74,1.74,0.0,0.0,0.0
2025-08-11 10:38:48,1.7,6.7,0.0,89.4,0.0,0.8,0.8,0.0,0.0,0.0
2025-08-11 10:38:49,2.1,6.6,0.0,89.4,0.0,1.84,1.84,0.0,0.0,0.0
2025-08-11 10:38:50,3.3,6.5,0.0,89.4,0.0,1.29,1.29,0.0,0.0,0.0
2025-08-11 10:38:51,1.8,6.5,0.0,89.4,0.0,6.35,6.35,0.0,0.0,0.0
2025-08-11 10:38:52,3.1,6.5,0.0,89.4,0.0,0.67,0.67,0.0,0.0,0.0
2025-08-11 10:38:53,1.6,6.5,0.0,89.4,0.0,1.91,1.91,0.0,0.0,0.0
2025-08-11 10:38:54,3.6,6.5,0.0,89.4,0.0,0.83,0.83,0.0,0.0,0.0
2025-08-11 10:38:55,2.4,6.5,0.0,89.4,0.0,2.42,2.42,0.0,0.0,0.0
2025-08-11 10:38:56,2.6,6.5,0.0,89.4,0.0,0.83,0.83,0.0,0.0,0.0
2025-08-11 10:38:57,1.7,6.5,0.0,89.4,0.0,1.77,1.77,0.0,0.0,0.0
2025-08-11 10:38:58,2.0,6.5,0.0,89.4,0.0,0.72,0.72,0.0,0.0,0.0
2025-08-11 10:38:59,1.6,6.5,0.0,89.4,0.0,2.06,2.06,0.0,0.0,0.0
2025-08-11 10:39:00,2.0,6.5,0.0,89.4,0.0,1.6,1.6,0.0,0.0,0.0
2025-08-11 10:39:01,1.8,6.5,0.0,89.4,0.0,1.62,1.62,0.0,0.0,0.0
2025-08-11 10:39:02,1.9,6.5,0.0,89.4,0.0,0.91,0.91,0.0,0.0,0.0
2025-08-11 10:39:03,1.7,6.5,0.0,89.4,0.0,1.73,1.73,0.0,0.0,0.0
2025-08-11 10:39:04,2.1,6.5,0.0,89.4,0.0,1.02,1.02,0.0,0.0,0.0
2025-08-11 10:39:05,2.1,6.5,0.0,89.4,0.0,2.07,2.07,0.0,0.0,0.0
2025-08-11 10:39:06,2.2,6.5,0.0,89.4,0.0,1.01,1.01,0.0,0.0,0.0
2025-08-11 10:39:07,3.8,6.5,0.0,89.4,0.0,0.35,0.35,0.0,0.0,0.0
2025-08-11 10:39:08,2.3,6.5,0.0,89.4,0.0,1.62,1.62,0.0,0.0,0.0
2025-08-11 10:39:09,1.9,6.5,0.0,89.4,0.0,1.03,1.03,0.0,0.0,0.0
2025-08-11 10:39:10,2.0,6.5,0.0,89.4,0.0,2.26,2.26,0.0,0.0,0.0
2025-08-11 10:39:11,3.2,6.5,0.0,89.4,0.0,0.95,0.95,0.0,0.0,0.0
2025-08-11 10:39:12,3.3,6.5,0.0,89.4,0.0,1.56,1.56,0.0,0.0,0.0
2025-08-11 10:39:13,2.3,6.5,0.0,89.4,0.0,0.97,0.97,0.0,0.0,0.0
2025-08-11 10:39:14,2.0,6.5,0.0,89.4,0.0,1.79,1.79,0.0,0.0,0.0
2025-08-11 10:39:15,1.8,6.5,0.0,89.4,0.0,0.97,0.97,0.0,0.0,0.0
2025-08-11 10:39:16,2.2,6.5,0.0,89.4,0.0,1.97,1.97,0.0,0.0,0.0
2025-08-11 10:39:17,1.7,6.5,0.0,89.4,0.0,0.93,0.93,0.0,0.0,0.0
2025-08-11 10:39:18,2.7,6.5,0.0,89.4,0.0,9.42,9.42,0.0,0.0,0.0
2025-08-11 10:39:19,3.1,6.5,0.0,89.4,0.0,0.83,0.83,0.0,0.0,0.0
2025-08-11 10:39:20,3.2,6.5,0.0,89.4,0.0,1.82,1.82,0.0,0.0,0.0
2025-08-11 10:39:21,1.7,6.5,0.0,89.4,0.0,8.0,8.0,0.0,0.0,0.0
2025-08-11 10:39:22,2.0,6.5,0.0,89.4,0.0,2.08,2.08,0.0,0.0,0.0
2025-08-11 10:39:23,1.4,6.5,0.0,89.4,0.0,0.84,0.84,0.0,0.0,0.0
2025-08-11 10:39:24,1.7,6.5,0.0,89.4,0.0,1.83,1.83,0.0,0.0,0.0
2025-08-11 10:39:25,2.6,6.5,0.0,89.4,0.0,1.01,1.01,0.0,0.0,0.0
2025-08-11 10:39:26,2.1,6.5,0.0,89.4,0.0,1.81,1.81,0.0,0.0,0.0
2025-08-11 10:39:27,1.6,6.5,0.0,89.4,0.0,1.42,1.42,0.0,0.0,0.0
2025-08-11 10:39:28,2.3,6.5,0.0,89.4,0.0,1.7,1.7,0.0,0.0,0.0
2025-08-11 10:39:29,4.0,6.5,0.0,89.4,0.0,1.0,1.0,0.0,0.0,0.0
2025-08-11 10:39:30,2.4,6.5,0.0,89.4,0.0,2.0,2.0,0.0,0.0,0.0
2025-08-11 10:39:31,1.8,6.5,0.0,89.4,0.0,0.74,0.74,0.0,0.0,0.0
2025-08-11 10:39:32,1.7,6.5,0.0,89.4,0.0,2.36,2.36,0.0,0.0,0.0
2025-08-11 10:39:33,2.4,6.5,0.0,89.4,0.0,1.0,1.0,0.0,0.0,0.0
2025-08-11 10:39:34,1.7,6.5,0.0,89.4,0.0,1.56,1.56,0.0,0.0,0.0
2025-08-11 10:39:35,1.9,6.5,0.0,89.4,0.0,1.06,1.06,0.0,0.0,0.0
2025-08-11 10:39:36,2.0,6.5,0.0,89.4,0.0,1.8,1.8,0.0,0.0,0.0
2025-08-11 10:39:37,2.6,6.5,0.0,89.4,0.0,1.18,1.18,0.0,0.0,0.0
2025-08-11 10:39:38,2.1,6.5,0.0,89.4,0.0,1.71,1.71,0.0,0.0,0.0
2025-08-11 10:39:39,2.2,6.5,0.0,89.4,0.0,1.02,1.02,0.0,0.0,0.0
2025-08-11 10:39:40,2.9,6.5,0.0,89.4,0.0,1.67,1.67,0.0,0.0,0.0
2025-08-11 10:39:41,3.4,6.5,0.0,89.4,0.0,0.76,0.76,0.0,0.0,0.0
2025-08-11 10:39:42,2.3,6.5,0.0,89.4,0.0,2.0,2.0,0.0,0.0,0.0
2025-08-11 10:39:43,2.6,6.5,0.0,89.4,0.0,1.15,1.15,0.0,0.0,0.0
2025-08-11 10:39:44,2.3,6.5,0.0,89.4,0.0,1.7,1.7,0.0,0.0,0.0
2025-08-11 10:39:45,2.8,6.5,0.0,89.4,0.0,0.42,0.42,0.0,0.0,0.0
2025-08-11 10:39:46,2.7,6.5,0.0,89.4,0.0,2.34,2.34,0.0,0.0,0.0
2025-08-11 10:39:47,4.0,6.5,0.0,89.4,0.0,0.81,0.81,0.0,0.0,0.0
2025-08-11 10:39:48,2.6,6.5,0.0,89.4,0.0,0.91,0.91,0.0,0.0,0.0
2025-08-11 10:39:49,2.7,6.5,0.0,89.4,0.0,1.67,1.67,0.0,0.0,0.0
2025-08-11 10:39:50,3.3,6.5,0.0,89.4,0.0,1.21,1.21,0.0,0.0,0.0
2025-08-11 10:39:51,2.8,6.5,0.0,89.4,0.0,1.63,1.63,0.0,0.0,0.0
2025-08-11 10:39:52,2.8,6.5,0.0,89.4,0.0,5.19,5.19,0.0,0.0,0.0
2025-08-11 10:39:53,2.9,6.5,0.0,89.4,0.0,2.51,2.51,0.0,0.0,0.0
2025-08-11 10:39:54,2.0,6.5,0.0,89.4,0.0,0.85,0.85,0.0,0.0,0.0
2025-08-11 10:39:55,3.6,6.5,0.0,89.4,0.0,1.97,1.97,0.0,0.0,0.0
2025-08-11 10:39:56,2.4,6.5,0.0,89.4,0.0,0.74,0.74,0.0,0.0,0.0
2025-08-11 10:39:57,4.3,6.5,0.0,89.4,0.0,1.75,1.75,0.0,0.0,0.0
2025-08-11 10:39:58,2.6,6.5,0.0,89.4,0.0,0.91,0.91,0.0,0.0,0.0
2025-08-11 10:39:59,3.3,6.5,0.0,89.4,0.0,1.97,1.97,0.0,0.0,0.0
2025-08-11 10:40:00,2.3,6.5,0.0,89.4,0.0,1.19,1.19,0.0,0.0,0.0
2025-08-11 10:40:01,2.6,6.5,0.0,89.4,0.0,1.76,1.76,0.0,0.0,0.0
2025-08-11 10:40:02,3.8,6.5,0.0,89.4,0.0,0.98,0.98,0.0,0.0,0.0
2025-08-11 10:40:03,3.5,6.5,0.0,89.4,0.0,2.13,2.13,0.0,0.0,0.0
2025-08-11 10:40:04,4.8,6.5,0.0,89.4,0.0,0.28,0.28,0.0,0.0,0.0
2025-08-11 10:40:05,3.7,6.5,0.0,89.4,0.0,1.28,1.28,0.0,0.0,0.0
2025-08-11 10:40:06,3.4,6.5,0.0,89.4,0.0,1.69,1.69,0.0,0.0,0.0
2025-08-11 10:40:07,3.2,6.5,0.0,89.4,0.0,0.9,0.9,0.0,0.0,0.0
2025-08-11 10:40:08,2.4,6.5,0.0,89.4,0.0,2.1,2.1,0.0,0.0,0.0
2025-08-11 10:40:09,2.6,6.5,0.0,89.4,0.0,0.85,0.85,0.0,0.0,0.0
2025-08-11 10:40:10,2.5,6.5,0.0,89.4,0.0,1.87,1.87,0.0,0.0,0.0
2025-08-11 10:40:11,3.3,6.5,0.0,89.4,0.0,0.99,0.99,0.0,0.0,0.0
2025-08-11 10:40:12,2.5,6.5,0.0,89.4,0.0,1.76,1.76,0.0,0.0,0.0
2025-08-11 10:40:13,3.4,6.5,0.0,89.4,0.0,0.83,0.83,0.0,0.0,0.0
2025-08-11 10:40:14,3.9,6.5,0.0,89.4,0.0,2.21,2.21,0.0,0.0,0.0
2025-08-11 10:40:15,3.0,6.5,0.0,89.4,0.0,0.89,0.89,0.0,0.0,0.0
2025-08-11 10:40:16,2.3,6.5,0.0,89.4,0.0,1.81,1.81,0.0,0.0,0.0
2025-08-11 10:40:17,3.4,6.5,0.0,89.4,0.0,1.01,1.01,0.0,0.0,0.0
2025-08-11 10:40:18,2.4,6.5,0.0,89.4,0.0,9.35,9.35,0.0,0.0,0.0
2025-08-11 10:40:20,2.6,6.5,0.0,89.4,0.0,0.74,0.74,0.0,0.0,0.0
2025-08-11 10:40:21,2.5,6.5,0.0,89.4,0.0,2.49,2.49,0.0,0.0,0.0
2025-08-11 10:40:22,3.7,6.5,0.0,89.4,0.0,0.8,0.8,0.0,0.0,0.0
2025-08-11 10:40:23,2.9,6.5,0.0,89.4,0.0,8.1,8.1,0.0,0.0,0.0
2025-08-11 10:40:24,2.6,6.5,0.0,89.4,0.0,0.9,0.9,0.0,0.0,0.0
2025-08-11 10:40:25,2.3,6.5,0.0,89.4,0.0,2.32,2.32,0.0,0.0,0.0
2025-08-11 10:40:26,5.0,6.5,0.0,89.4,0.0,1.09,1.09,0.0,0.0,0.0
2025-08-11 10:40:27,2.5,6.5,0.0,89.4,0.0,2.08,2.08,0.0,0.0,0.0
2025-08-11 10:40:28,2.9,6.5,0.0,89.4,0.0,0.84,0.84,0.0,0.0,0.0
2025-08-11 10:40:29,2.3,6.5,0.0,89.4,0.0,1.6,1.6,0.0,0.0,0.0
2025-08-11 10:40:30,3.3,6.5,0.0,89.4,0.0,1.49,1.49,0.0,0.0,0.0
2025-08-11 10:40:31,2.1,6.5,0.0,89.4,0.0,1.67,1.67,0.0,0.0,0.0
2025-08-11 10:40:32,2.3,6.5,0.0,89.4,0.0,0.6,0.6,0.0,0.0,0.0
2025-08-11 10:40:33,2.5,6.5,0.0,89.4,0.0,2.22,2.22,0.0,0.0,0.0
2025-08-11 10:40:34,2.5,6.5,0.0,89.4,0.0,0.39,0.39,0.0,0.0,0.0
2025-08-11 10:40:35,2.3,6.5,0.0,89.4,0.0,1.17,1.17,0.0,0.0,0.0
2025-08-11 10:40:36,4.0,6.5,0.0,89.4,0.0,2.21,2.21,0.0,0.0,0.0
2025-08-11 10:40:37,3.1,6.5,0.0,89.4,0.0,0.73,0.73,0.0,0.0,0.0
2025-08-11 10:40:38,3.9,6.5,0.0,89.4,0.0,1.88,1.88,0.0,0.0,0.0
2025-08-11 10:40:39,2.8,6.5,0.0,89.4,0.0,0.78,0.78,0.0,0.0,0.0
2025-08-11 10:40:40,2.8,6.5,0.0,89.4,0.0,1.93,1.93,0.0,0.0,0.0
2025-08-11 10:40:41,2.2,6.5,0.0,89.4,0.0,0.79,0.79,0.0,0.0,0.0
2025-08-11 10:40:42,4.1,6.5,0.0,89.4,0.0,1.88,1.88,0.0,0.0,0.0
2025-08-11 10:40:43,2.0,6.5,0.0,89.4,0.0,0.95,0.95,0.0,0.0,0.0
2025-08-11 10:40:44,2.4,6.5,0.0,89.4,0.0,1.71,1.71,0.0,0.0,0.0
2025-08-11 10:40:45,2.7,6.5,0.0,89.4,0.0,0.92,0.92,0.0,0.0,0.0
2025-08-11 10:40:46,3.7,6.5,0.0,89.4,0.0,2.02,2.02,0.0,0.0,0.0
2025-08-11 10:40:47,2.3,6.5,0.0,89.4,0.0,0.66,0.66,0.0,0.0,0.0
2025-08-11 10:40:48,2.6,6.5,0.0,89.4,0.0,2.06,2.06,0.0,0.0,0.0
2025-08-11 10:40:49,2.9,6.5,0.0,89.4,0.0,0.14,0.14,0.0,0.0,0.0
2025-08-11 10:40:50,4.6,6.5,0.0,89.4,0.0,2.42,2.42,0.0,0.0,0.0
2025-08-11 10:40:51,3.4,6.5,97.0,89.49,0.0,1.02,1.02,0.01,0.01,0.02
2025-08-11 10:40:52,3.0,6.5,97.0,89.49,0.0,1.82,1.82,0.0,0.0,0.0
2025-08-11 10:40:53,2.5,6.5,97.0,89.49,0.0,1.18,1.18,0.0,0.0,0.0
2025-08-11 10:40:54,3.8,6.5,98.0,89.49,0.0,6.31,6.31,0.0,0.0,0.0
2025-08-11 10:40:55,4.1,6.5,97.0,89.49,0.0,0.82,0.82,0.0,0.0,0.0
2025-08-11 10:40:56,5.1,6.5,97.0,89.49,0.0,2.32,2.32,0.0,0.0,0.0
2025-08-11 10:40:57,2.3,6.5,98.0,89.49,0.0,0.72,0.72,0.0,0.0,0.0
2025-08-11 10:40:58,3.9,6.5,98.0,89.49,0.0,2.03,2.03,0.0,0.0,0.0
2025-08-11 10:40:59,4.9,6.5,97.0,89.49,0.0,0.81,0.81,0.0,0.0,0.0
2025-08-11 10:41:00,4.9,6.5,97.0,89.49,0.0,1.66,1.66,0.0,0.0,0.0
2025-08-11 10:41:01,2.9,6.5,96.0,89.49,0.0,1.27,1.27,0.0,0.0,0.01
2025-08-11 10:41:02,2.4,6.5,97.0,89.49,0.0,1.71,1.71,0.0,0.0,0.0
2025-08-11 10:41:03,3.0,6.5,97.0,89.49,0.0,1.04,1.04,0.0,0.0,0.0
2025-08-11 10:41:04,2.1,6.5,97.0,89.49,0.0,1.53,1.53,0.0,0.0,0.0
2025-08-11 10:41:05,3.0,6.5,97.0,89.49,0.0,1.02,1.02,0.0,0.0,0.0
2025-08-11 10:41:06,2.2,6.5,98.0,89.49,0.0,2.0,2.0,0.0,0.0,0.0
2025-08-11 10:41:07,2.7,6.5,98.0,89.49,0.0,0.53,0.53,0.0,0.0,0.0
2025-08-11 10:41:08,3.0,6.5,97.0,89.49,0.0,2.19,2.19,0.0,0.0,0.0
2025-08-11 10:41:09,2.9,6.5,98.0,89.49,0.0,0.22,0.22,0.0,0.0,0.0
2025-08-11 10:41:10,2.7,6.5,98.0,89.49,0.0,2.23,2.23,0.0,0.0,0.0
2025-08-11 10:41:11,3.0,6.5,98.0,89.49,0.0,0.96,0.96,0.0,0.0,0.0
2025-08-11 10:41:12,4.5,6.5,98.0,89.49,0.0,1.22,1.22,0.0,0.0,0.0
2025-08-11 10:41:13,2.9,6.5,98.0,89.49,0.0,1.78,1.78,0.0,0.0,0.0
2025-08-11 10:41:14,2.1,6.5,98.0,89.49,0.0,1.02,1.02,0.0,0.0,0.0
2025-08-11 10:41:15,2.6,6.5,98.0,89.49,0.0,1.73,1.73,0.0,0.0,0.0
2025-08-11 10:41:16,2.2,6.5,98.0,89.49,0.0,1.06,1.06,0.0,0.0,0.0
2025-08-11 10:41:17,2.7,6.5,98.0,89.49,0.0,1.85,1.85,0.0,0.0,0.0
2025-08-11 10:41:18,3.0,6.5,97.0,89.49,0.0,1.02,1.02,0.0,0.0,0.0
2025-08-11 10:41:19,3.1,6.5,98.0,89.49,0.0,9.91,9.91,0.0,0.0,0.0
2025-08-11 10:41:20,3.4,6.5,98.0,89.49,0.0,0.7,0.7,0.0,0.0,0.0
2025-08-11 10:41:21,11.6,6.6,97.0,89.49,0.0,1.75,1.75,0.0,0.0,0.0
2025-08-11 10:41:22,7.7,6.8,97.0,89.49,0.0,1.33,1.33,0.0,0.0,0.0
2025-08-11 10:41:23,3.4,6.8,97.0,89.49,0.0,1.94,1.94,0.0,0.0,0.0
2025-08-11 10:41:24,2.3,6.8,97.0,89.49,0.0,1.04,1.04,0.0,0.0,0.0
2025-08-11 10:41:25,3.1,6.8,97.0,89.49,0.0,20.09,20.09,0.0,0.0,0.0
2025-08-11 10:41:26,2.8,6.8,98.0,89.49,0.0,72.92,72.92,0.0,0.0,0.0
2025-08-11 10:41:27,2.7,6.8,97.0,89.49,0.0,2.35,2.35,0.0,0.0,0.0
2025-08-11 10:41:28,3.5,6.8,98.0,89.49,0.0,0.79,0.79,0.0,0.0,0.0
2025-08-11 10:41:29,2.7,6.8,98.0,89.49,0.0,2.11,2.11,0.0,0.0,0.0
2025-08-11 10:41:30,3.3,6.8,98.0,89.49,0.0,0.68,0.68,0.0,0.0,0.0
2025-08-11 10:41:31,2.9,6.8,97.0,89.49,0.0,1.91,1.91,0.0,0.0,0.0
2025-08-11 10:41:32,2.7,6.8,97.0,89.49,0.0,1.19,1.19,0.0,0.0,0.0
2025-08-11 10:41:33,2.7,6.8,97.0,89.49,0.0,1.55,1.55,0.0,0.0,0.0
2025-08-11 10:41:34,4.6,6.8,97.0,89.49,0.0,1.28,1.28,0.0,0.0,0.0
2025-08-11 10:41:35,4.4,6.8,97.0,89.49,0.0,1.8,1.8,0.0,0.0,0.0
2025-08-11 10:41:36,2.8,6.8,0.0,89.49,0.0,0.78,0.78,0.01,0.0,0.01
2025-08-11 10:41:37,2.0,6.8,0.0,89.49,0.0,2.45,2.45,0.0,0.0,0.0
2025-08-11 10:41:38,2.8,6.8,0.0,89.49,0.0,0.86,0.86,0.0,0.0,0.0
2025-08-11 10:41:39,2.3,6.8,0.0,89.49,0.0,2.32,2.32,0.0,0.0,0.0
2025-08-11 10:41:40,1.8,6.8,0.0,89.49,0.0,0.72,0.72,0.0,0.0,0.0
2025-08-11 10:41:41,1.9,6.8,0.0,89.49,0.0,1.74,1.74,0.0,0.0,0.0
2025-08-11 10:41:42,2.3,6.8,0.0,89.49,0.0,1.04,1.04,0.0,0.0,0.0
2025-08-11 10:41:43,1.6,6.8,0.0,89.49,0.0,2.0,2.0,0.0,0.0,0.0
2025-08-11 10:41:44,4.1,6.8,0.0,89.49,0.0,0.97,0.97,0.0,0.0,0.0
2025-08-11 10:41:45,4.2,6.8,0.0,89.49,0.0,1.63,1.63,0.0,0.0,0.0
2025-08-11 10:41:46,3.2,6.8,0.0,89.49,0.0,1.03,1.03,0.0,0.0,0.0
2025-08-11 10:41:47,1.7,6.8,0.0,89.49,0.0,1.62,1.62,0.0,0.0,0.0
2025-08-11 10:41:48,2.4,6.8,0.0,89.49,0.0,0.62,0.62,0.0,0.0,0.0
2025-08-11 10:41:49,2.2,6.8,0.0,89.49,0.0,0.87,0.87,0.0,0.0,0.0
2025-08-11 10:41:50,2.3,6.8,0.0,89.49,0.0,2.0,2.0,0.0,0.0,0.0
2025-08-11 10:41:51,1.7,6.8,0.0,89.49,0.0,2.0,2.0,0.0,0.0,0.0
2025-08-11 10:41:52,2.3,6.8,0.0,89.49,0.0,1.09,1.09,0.0,0.0,0.0
2025-08-11 10:41:53,1.5,6.8,0.0,89.49,0.0,0.85,0.85,0.0,0.0,0.0
2025-08-11 10:41:54,2.0,6.8,0.0,89.49,0.0,1.66,1.66,0.0,0.0,0.0
2025-08-11 10:41:55,2.4,6.8,0.0,89.49,0.0,5.18,5.18,0.0,0.0,0.0
2025-08-11 10:41:56,2.6,6.8,0.0,89.49,0.0,2.08,2.08,0.0,0.0,0.0
2025-08-11 10:41:57,2.7,6.8,0.0,89.49,0.0,0.75,0.75,0.0,0.0,0.0
2025-08-11 10:41:58,2.5,6.8,0.0,89.49,0.0,2.22,2.22,0.0,0.0,0.0
2025-08-11 10:41:59,1.7,6.8,0.0,89.49,0.0,1.19,1.19,0.0,0.0,0.0
2025-08-11 10:42:00,2.0,6.8,0.0,89.49,0.0,1.56,1.56,0.0,0.0,0.0
2025-08-11 10:42:01,1.6,6.8,0.0,89.49,0.0,0.89,0.89,0.0,0.0,0.0
2025-08-11 10:42:02,1.8,6.8,0.0,89.49,0.0,1.64,1.64,0.0,0.0,0.0
2025-08-11 10:42:03,2.0,6.8,0.0,89.49,0.0,0.84,0.84,0.0,0.0,0.0
2025-08-11 10:42:04,1.9,6.8,0.0,89.49,0.0,1.98,1.98,0.0,0.0,0.0
2025-08-11 10:42:05,2.4,6.8,0.0,89.49,0.0,0.95,0.95,0.0,0.0,0.0
2025-08-11 10:42:06,2.1,6.8,0.0,89.49,0.0,1.76,1.76,0.0,0.0,0.0
2025-08-11 10:42:07,3.1,6.8,0.0,89.49,0.0,0.78,0.78,0.0,0.0,0.0
2025-08-11 10:42:08,2.6,6.8,0.0,89.49,0.0,1.72,1.72,0.0,0.0,0.0
2025-08-11 10:42:09,2.0,6.8,0.0,89.49,0.0,1.53,1.53,0.0,0.0,0.0
2025-08-11 10:42:10,2.5,6.8,0.0,89.49,0.0,1.73,1.73,0.0,0.0,0.0
2025-08-11 10:42:11,2.0,6.8,0.0,89.49,0.0,0.78,0.78,0.0,0.0,0.0
2025-08-11 10:42:12,3.6,6.8,0.0,89.49,0.0,1.65,1.65,0.0,0.0,0.0
2025-08-11 10:42:13,1.8,6.8,0.0,89.49,0.0,1.02,1.02,0.0,0.0,0.0
2025-08-11 10:42:14,1.8,6.8,0.0,89.49,0.0,2.43,2.43,0.0,0.0,0.0
2025-08-11 10:42:15,2.1,6.8,0.0,89.49,0.0,0.93,0.93,0.0,0.0,0.0
2025-08-11 10:42:16,1.7,6.8,0.0,89.49,0.0,1.77,1.77,0.0,0.0,0.0
2025-08-11 10:42:17,2.2,6.8,0.0,89.49,0.0,0.8,0.8,0.0,0.0,0.0
2025-08-11 10:42:18,2.9,6.8,0.0,89.49,0.0,0.12,0.12,0.0,0.0,0.0
2025-08-11 10:42:19,1.8,6.8,0.0,89.49,0.0,9.21,9.21,0.0,0.0,0.0
2025-08-11 10:42:20,2.7,6.8,0.0,89.49,0.0,0.3,0.3,0.0,0.0,0.0
2025-08-11 10:42:21,4.1,6.8,0.0,89.49,0.0,0.2,0.2,0.0,0.0,0.0
2025-08-11 10:42:22,3.3,6.8,0.0,89.49,0.0,2.46,2.46,0.0,0.0,0.0
2025-08-11 10:42:23,2.7,6.8,0.0,89.49,0.0,0.84,0.84,0.0,0.0,0.0
2025-08-11 10:42:24,2.4,6.8,0.0,89.49,0.0,2.31,2.31,0.0,0.0,0.0
2025-08-11 10:42:25,3.2,6.8,0.0,89.49,0.0,1.04,1.04,0.0,0.0,0.0
2025-08-11 10:42:26,2.7,6.8,0.0,89.49,0.0,8.25,8.25,0.0,0.0,0.0
2025-08-11 10:42:27,2.8,6.8,0.0,89.49,0.0,0.79,0.79,0.0,0.0,0.0
2025-08-11 10:42:28,3.7,6.8,0.0,89.49,0.0,1.84,1.84,0.0,0.0,0.0
2025-08-11 10:42:29,4.7,6.8,0.0,89.49,0.0,1.58,1.58,0.0,0.0,0.0
2025-08-11 10:42:30,3.5,6.8,0.0,89.49,0.0,1.65,1.65,0.0,0.0,0.0
2025-08-11 10:42:31,2.9,6.8,0.0,89.49,0.0,0.79,0.79,0.0,0.0,0.0
2025-08-11 10:42:32,2.7,6.8,0.0,89.49,0.0,1.62,1.62,0.0,0.0,0.0
2025-08-11 10:42:33,2.8,6.8,0.0,89.49,0.0,0.8,0.8,0.0,0.0,0.0
2025-08-11 10:42:34,2.5,6.8,0.0,89.49,0.0,1.8,1.8,0.0,0.0,0.0
2025-08-11 10:42:35,4.4,6.8,0.0,89.49,0.0,1.88,1.88,0.0,0.0,0.0
2025-08-11 10:42:36,5.5,6.8,0.0,89.49,0.0,1.8,1.8,0.0,0.0,0.0
2025-08-11 10:42:37,4.2,6.8,0.0,89.49,0.0,1.05,1.05,0.0,0.0,0.0
2025-08-11 10:42:38,2.5,6.8,0.0,89.49,0.0,1.58,1.58,0.0,0.0,0.0
2025-08-11 10:42:39,3.4,6.8,0.0,89.49,0.0,0.88,0.88,0.0,0.0,0.0
2025-08-11 10:42:40,3.0,6.8,0.0,89.49,0.0,2.44,2.44,0.0,0.0,0.0
2025-08-11 10:42:41,2.8,6.8,0.0,89.49,0.0,0.89,0.89,0.0,0.0,0.0
2025-08-11 10:42:42,3.6,6.8,0.0,89.49,0.0,1.56,1.56,0.0,0.0,0.0
2025-08-11 10:42:43,2.8,6.8,0.0,89.49,0.0,0.59,0.59,0.0,0.0,0.0
2025-08-11 10:42:44,2.3,6.8,0.0,89.49,0.0,2.32,2.32,0.0,0.0,0.0
2025-08-11 10:42:45,4.4,6.8,0.0,89.49,0.0,0.71,0.71,0.0,0.0,0.0
2025-08-11 10:42:46,2.3,6.8,0.0,89.49,0.0,1.06,1.06,0.0,0.0,0.0
2025-08-11 10:42:47,3.1,6.8,0.0,89.49,0.0,2.0,2.0,0.0,0.0,0.0
2025-08-11 10:42:48,2.4,6.8,0.0,89.49,0.0,0.67,0.67,0.0,0.0,0.0
2025-08-11 10:42:49,3.2,6.8,0.0,89.49,0.0,1.72,1.72,0.0,0.0,0.0
2025-08-11 10:42:50,2.8,6.8,0.0,89.49,0.0,1.06,1.06,0.0,0.0,0.0
2025-08-11 10:42:51,2.7,6.8,0.0,89.49,0.0,2.02,2.02,0.0,0.0,0.0
2025-08-11 10:42:52,2.9,6.8,0.0,89.49,0.0,0.76,0.76,0.0,0.0,0.0
2025-08-11 10:42:53,3.7,6.8,0.0,89.49,0.0,1.86,1.86,0.0,0.0,0.0
2025-08-11 10:42:54,2.4,6.8,0.0,89.49,0.0,0.79,0.79,0.0,0.0,0.0
2025-08-11 10:42:55,3.5,6.8,0.0,89.49,0.0,2.15,2.15,0.0,0.0,0.0
2025-08-11 10:42:56,3.2,6.8,0.0,89.49,0.0,5.97,5.97,0.0,0.0,0.0
2025-08-11 10:42:57,3.0,6.8,0.0,89.49,0.0,1.76,1.76,0.0,0.0,0.0
2025-08-11 10:42:58,2.7,6.8,0.0,89.49,0.0,0.83,0.83,0.0,0.0,0.0
2025-08-11 10:42:59,3.8,6.8,0.0,89.49,0.0,1.66,1.66,0.0,0.0,0.0
2025-08-11 10:43:00,2.7,6.8,0.0,89.49,0.0,0.83,0.83,0.0,0.0,0.0
2025-08-11 10:43:01,2.8,6.8,0.0,89.49,0.0,1.93,1.93,0.0,0.0,0.0
2025-08-11 10:43:02,2.5,6.8,0.0,89.49,0.0,1.26,1.26,0.0,0.0,0.0
2025-08-11 10:43:03,3.1,6.8,0.0,89.49,0.0,1.99,1.99,0.0,0.0,0.0
2025-08-11 10:43:04,4.7,6.8,0.0,89.49,0.0,0.91,0.91,0.0,0.0,0.0
2025-08-11 10:43:05,4.1,6.8,0.0,89.49,0.0,1.8,1.8,0.0,0.0,0.0
2025-08-11 10:43:06,2.4,6.8,0.0,89.49,0.0,1.11,1.11,0.0,0.0,0.0
2025-08-11 10:43:07,2.7,6.8,0.0,89.49,0.0,2.44,2.44,0.0,0.0,0.0
2025-08-11 10:43:08,1.9,6.8,0.0,89.49,0.0,0.68,0.68,0.0,0.0,0.0
2025-08-11 10:43:09,2.1,6.8,0.0,89.49,0.0,1.75,1.75,0.0,0.0,0.0
2025-08-11 10:43:10,2.1,6.8,0.0,89.49,0.0,0.74,0.74,0.0,0.0,0.0
2025-08-11 10:43:11,2.0,6.8,0.0,89.49,0.0,1.84,1.84,0.0,0.0,0.0
2025-08-11 10:43:12,3.3,6.8,0.0,89.49,0.0,1.39,1.39,0.0,0.0,0.0
2025-08-11 10:43:13,2.6,6.8,0.0,89.49,0.0,1.71,1.71,0.0,0.0,0.0
2025-08-11 10:43:14,3.5,6.8,0.0,89.49,0.0,1.07,1.07,0.0,0.0,0.0
2025-08-11 10:43:15,2.2,6.8,0.0,89.49,0.0,1.68,1.68,0.0,0.0,0.0
2025-08-11 10:43:16,1.9,6.8,0.0,89.49,0.0,0.57,0.57,0.0,0.0,0.0
2025-08-11 10:43:17,1.9,6.8,0.0,89.49,0.0,1.79,1.79,0.0,0.0,0.0
2025-08-11 10:43:18,2.6,6.8,0.0,89.49,0.0,4.57,4.57,0.0,0.0,0.0
2025-08-11 10:43:19,2.1,6.8,0.0,89.49,0.0,6.26,6.26,0.0,0.0,0.0
2025-08-11 10:43:20,2.5,6.8,0.0,89.49,0.0,0.97,0.97,0.0,0.0,0.0
2025-08-11 10:43:21,1.3,6.8,0.0,89.49,0.0,1.42,1.42,0.0,0.0,0.0
2025-08-11 10:43:22,1.9,6.8,0.0,89.49,0.0,0.73,0.73,0.0,0.0,0.0
2025-08-11 10:43:23,1.4,6.8,0.0,89.49,0.0,0.99,0.99,0.0,0.0,0.0
2025-08-11 10:43:24,2.2,6.8,0.0,89.49,0.0,2.54,2.54,0.0,0.0,0.0
2025-08-11 10:43:25,2.9,6.8,0.0,89.49,0.0,0.24,0.24,0.0,0.0,0.0
2025-08-11 10:43:27,5.0,6.8,0.0,89.49,0.0,1.9,1.9,0.0,0.0,0.0
2025-08-11 10:43:28,4.2,6.8,0.0,89.49,0.0,7.92,7.92,0.0,0.0,0.0
2025-08-11 10:43:29,2.4,6.8,0.0,89.49,0.0,1.57,1.57,0.0,0.0,0.0
2025-08-11 10:43:30,2.1,6.8,0.0,89.49,0.0,0.95,0.95,0.0,0.0,0.0
2025-08-11 10:43:31,2.0,6.8,0.0,89.49,0.0,1.83,1.83,0.0,0.0,0.0
2025-08-11 10:43:32,1.7,6.8,0.0,89.49,0.0,1.06,1.06,0.0,0.0,0.0
2025-08-11 10:43:33,2.5,6.8,0.0,89.49,0.0,2.09,2.09,0.0,0.0,0.0
2025-08-11 10:43:34,1.9,6.8,0.0,89.49,0.0,0.98,0.98,0.0,0.0,0.0
2025-08-11 10:43:35,2.4,6.8,0.0,89.49,0.0,1.95,1.95,0.0,0.0,0.0
2025-08-11 10:43:36,1.9,6.8,0.0,89.49,0.0,0.97,0.97,0.0,0.0,0.0
2025-08-11 10:43:37,2.1,6.8,0.0,89.49,0.0,1.76,1.76,0.0,0.0,0.0
2025-08-11 10:43:38,2.9,6.8,0.0,89.49,0.0,0.85,0.85,0.0,0.0,0.0
2025-08-11 10:43:39,2.2,6.8,0.0,89.49,0.0,2.3,2.3,0.0,0.0,0.0
2025-08-11 10:43:40,2.1,6.8,0.0,89.49,0.0,0.8,0.8,0.0,0.0,0.0
2025-08-11 10:43:41,2.3,6.8,0.0,89.49,0.0,1.7,1.7,0.0,0.0,0.0
2025-08-11 10:43:42,4.9,6.8,0.0,89.49,0.0,0.72,0.72,0.0,0.0,0.0
2025-08-11 10:43:43,3.1,6.8,0.0,89.49,0.0,1.77,1.77,0.0,0.0,0.0
2025-08-11 10:43:44,2.9,6.8,0.0,89.49,0.0,1.5,1.5,0.0,0.0,0.0
2025-08-11 10:43:45,2.9,6.8,0.0,89.49,0.0,1.92,1.92,0.0,0.0,0.0
2025-08-11 10:43:46,2.7,6.8,0.0,89.49,0.0,0.79,0.79,0.0,0.0,0.0
2025-08-11 10:43:47,2.6,6.8,0.0,89.49,0.0,1.67,1.67,0.0,0.0,0.0
2025-08-11 10:43:48,2.9,6.8,0.0,89.49,0.0,0.99,0.99,0.0,0.0,0.0
2025-08-11 10:43:49,3.3,6.8,0.0,89.49,0.0,2.16,2.16,0.0,0.0,0.0
2025-08-11 10:43:50,4.6,6.8,0.0,89.49,0.0,0.95,0.95,0.0,0.0,0.0
2025-08-11 10:43:51,4.2,6.8,0.0,89.49,0.0,2.11,2.11,0.0,0.0,0.0
2025-08-11 10:43:52,2.5,6.8,0.0,89.49,0.0,0.63,0.63,0.0,0.0,0.0
2025-08-11 10:43:53,3.1,6.8,0.0,89.49,0.0,1.85,1.85,0.0,0.0,0.0
2025-08-11 10:43:54,3.0,6.8,0.0,89.49,0.0,1.25,1.25,0.0,0.0,0.0
2025-08-11 10:43:55,2.4,6.8,0.0,89.49,0.0,2.0,2.0,0.0,0.0,0.0
2025-08-11 10:43:56,3.2,6.8,0.0,89.49,0.0,0.8,0.8,0.0,0.0,0.0
2025-08-11 10:43:57,2.5,6.8,0.0,89.49,0.0,1.88,1.88,0.0,0.0,0.0
2025-08-11 10:43:58,4.2,6.8,0.0,89.49,0.0,5.42,5.42,0.0,0.0,0.0
2025-08-11 10:43:59,4.4,6.8,0.0,89.49,0.0,1.76,1.76,0.0,0.0,0.0
2025-08-11 10:44:00,4.0,6.8,0.0,89.49,0.0,1.13,1.13,0.0,0.0,0.0
2025-08-11 10:44:01,3.5,6.8,0.0,89.49,0.0,1.55,1.55,0.0,0.0,0.0
2025-08-11 10:44:02,3.0,6.8,0.0,89.49,0.0,0.91,0.91,0.0,0.0,0.0
2025-08-11 10:44:03,2.3,6.8,0.0,89.49,0.0,0.19,0.19,0.0,0.0,0.0
2025-08-11 10:44:04,4.7,6.8,0.0,89.49,0.0,2.35,2.35,0.0,0.0,0.0
2025-08-11 10:44:05,2.6,6.8,0.0,89.49,0.0,1.09,1.09,0.0,0.0,0.0
2025-08-11 10:44:06,2.8,6.8,0.0,89.49,0.0,1.81,1.81,0.0,0.0,0.0
2025-08-11 10:44:07,2.6,6.8,0.0,89.49,0.0,0.81,0.81,0.0,0.0,0.0
2025-08-11 10:44:08,3.9,6.8,0.0,89.49,0.0,1.71,1.71,0.0,0.0,0.0
2025-08-11 10:44:09,2.4,6.8,0.0,89.49,0.0,0.74,0.74,0.0,0.0,0.0
2025-08-11 10:44:10,3.0,6.8,0.0,89.49,0.0,1.92,1.92,0.0,0.0,0.0
2025-08-11 10:44:11,3.5,6.8,0.0,89.49,0.0,0.86,0.86,0.0,0.0,0.0
2025-08-11 10:44:12,2.3,6.8,0.0,89.49,0.0,1.79,1.79,0.0,0.0,0.0
2025-08-11 10:44:13,2.0,6.8,0.0,89.49,0.0,0.78,0.78,0.0,0.0,0.0
2025-08-11 10:44:14,2.6,6.8,0.0,89.49,0.0,1.84,1.84,0.0,0.0,0.0
2025-08-11 10:44:15,2.0,6.8,0.0,89.49,0.0,1.44,1.44,0.0,0.0,0.0
2025-08-11 10:44:16,1.9,6.8,0.0,89.49,0.0,2.12,2.12,0.0,0.0,0.0
2025-08-11 10:44:17,2.7,6.8,0.0,89.49,0.0,0.79,0.79,0.0,0.0,0.0
2025-08-11 10:44:18,3.8,6.8,0.0,89.49,0.0,1.74,1.74,0.0,0.0,0.0
2025-08-11 10:44:19,2.9,6.8,0.0,89.49,0.0,3.1,3.1,0.0,0.0,0.0
2025-08-11 10:44:20,1.8,6.8,0.0,89.49,0.0,7.79,7.79,0.0,0.0,0.0
2025-08-11 10:44:21,3.2,6.8,0.0,89.49,0.0,0.97,0.97,0.0,0.0,0.0
2025-08-11 10:44:22,2.1,6.8,0.0,89.49,0.0,2.32,2.32,0.0,0.0,0.0
2025-08-11 10:44:23,2.0,6.8,0.0,89.49,0.0,0.84,0.84,0.0,0.0,0.0
2025-08-11 10:44:24,1.6,6.8,0.0,89.49,0.0,1.75,1.75,0.0,0.0,0.0
2025-08-11 10:44:25,2.5,6.8,0.0,89.49,0.0,1.37,1.37,0.0,0.0,0.0
2025-08-11 10:44:26,1.9,6.8,0.0,89.49,0.0,2.08,2.08,0.0,0.0,0.0
2025-08-11 10:44:27,2.2,6.8,0.0,89.49,0.0,0.82,0.82,0.0,0.0,0.0
2025-08-11 10:44:28,1.6,6.8,0.0,89.49,0.0,1.66,1.66,0.0,0.0,0.0
2025-08-11 10:44:29,2.1,6.8,0.0,89.49,0.0,7.09,7.09,0.0,0.0,0.0
2025-08-11 10:44:30,2.2,6.8,0.0,89.49,0.0,1.97,1.97,0.0,0.0,0.0
2025-08-11 10:44:31,2.4,6.8,0.0,89.49,0.0,1.32,1.32,0.0,0.0,0.0
2025-08-11 10:44:32,2.2,6.8,0.0,89.49,0.0,2.09,2.09,0.0,0.0,0.0
2025-08-11 10:44:33,2.3,6.8,0.0,89.49,0.0,0.99,0.99,0.0,0.0,0.0
2025-08-11 10:44:34,2.8,6.8,0.0,89.49,0.0,1.48,1.48,0.0,0.0,0.0
2025-08-11 10:44:35,3.7,6.8,0.0,89.49,0.0,0.98,0.98,0.0,0.0,0.0
2025-08-11 10:44:36,2.5,6.8,0.0,89.49,0.0,2.13,2.13,0.0,0.0,0.0
2025-08-11 10:44:37,3.9,6.8,0.0,89.49,0.0,0.56,0.56,0.0,0.0,0.0
2025-08-11 10:44:38,2.6,6.8,0.0,89.49,0.0,2.12,2.12,0.0,0.0,0.0
2025-08-11 10:44:39,2.2,6.8,0.0,89.49,0.0,0.99,0.99,0.0,0.0,0.0
2025-08-11 10:44:40,2.6,6.8,0.0,89.49,0.0,1.48,1.48,0.0,0.0,0.0
2025-08-11 10:44:41,2.1,6.8,0.0,89.49,0.0,0.78,0.78,0.0,0.0,0.0
2025-08-11 10:44:42,1.6,6.8,0.0,89.49,0.0,2.14,2.14,0.0,0.0,0.0
2025-08-11 10:44:43,3.2,6.8,0.0,89.49,0.0,0.5,0.5,0.0,0.0,0.0
2025-08-11 10:44:44,4.2,6.8,0.0,89.49,0.0,0.78,0.78,0.0,0.0,0.0
2025-08-11 10:44:45,3.5,6.8,0.0,89.49,0.0,1.65,1.65,0.0,0.0,0.0
2025-08-11 10:44:46,3.4,6.8,0.0,89.49,0.0,0.99,0.99,0.0,0.0,0.0
2025-08-11 10:44:47,2.6,6.8,0.0,89.49,0.0,2.06,2.06,0.0,0.0,0.0
2025-08-11 10:44:48,1.8,6.8,0.0,89.49,0.0,1.03,1.03,0.0,0.0,0.0
2025-08-11 10:44:49,2.0,6.8,0.0,89.49,0.0,1.64,1.64,0.0,0.0,0.0
2025-08-11 10:44:50,2.0,6.8,0.0,89.49,0.0,0.96,0.96,0.0,0.0,0.0
2025-08-11 10:44:51,2.4,6.8,0.0,89.49,0.0,1.65,1.65,0.0,0.0,0.0
2025-08-11 10:44:52,1.8,6.8,0.0,89.49,0.0,1.14,1.14,0.0,0.0,0.0
2025-08-11 10:44:53,1.8,6.8,0.0,89.49,0.0,1.96,1.96,0.0,0.0,0.0
2025-08-11 10:44:54,1.4,6.8,0.0,89.49,0.0,0.71,0.71,0.0,0.0,0.0
2025-08-11 10:44:55,2.6,6.8,0.0,89.49,0.0,2.05,2.05,0.0,0.01,0.01
2025-08-11 10:44:56,2.1,6.8,0.0,89.49,0.0,0.96,0.96,0.0,0.0,0.0
2025-08-11 10:44:57,2.4,6.8,0.0,89.49,0.0,2.25,2.25,0.0,0.0,0.0
2025-08-11 10:44:58,1.9,6.8,0.0,89.49,0.0,0.9,0.9,0.0,0.0,0.0
2025-08-11 10:44:59,2.9,6.8,0.0,89.49,0.0,1.81,1.81,0.0,0.0,0.0
2025-08-11 10:45:00,2.3,6.8,0.0,89.49,0.0,5.51,5.51,0.0,0.0,0.0
2025-08-11 10:45:01,2.4,6.8,0.0,89.49,0.0,1.74,1.74,0.0,0.0,0.0
2025-08-11 10:45:02,1.9,6.8,0.0,89.49,0.0,1.36,1.36,0.0,0.0,0.0
2025-08-11 10:45:03,1.9,6.8,0.0,89.49,0.0,1.8,1.8,0.0,0.0,0.0
2025-08-11 10:45:04,2.3,6.8,0.0,89.49,0.0,0.89,0.89,0.0,0.0,0.0
2025-08-11 10:45:05,2.2,6.8,0.0,89.49,0.0,1.96,1.96,0.0,0.0,0.0
2025-08-11 10:45:06,2.3,6.8,0.0,89.49,0.0,0.92,0.92,0.0,0.0,0.0
2025-08-11 10:45:07,1.9,6.8,0.0,89.49,0.0,2.17,2.17,0.0,0.0,0.0
2025-08-11 10:45:08,2.5,6.8,0.0,89.49,0.0,0.83,0.83,0.0,0.0,0.0
2025-08-11 10:45:09,2.1,6.8,0.0,89.49,0.0,2.33,2.33,0.0,0.0,0.0
2025-08-11 10:45:10,3.9,6.8,0.0,89.49,0.0,0.7,0.7,0.0,0.0,0.0
2025-08-11 10:45:11,2.9,6.8,0.0,89.49,0.0,1.65,1.65,0.0,0.0,0.0
2025-08-11 10:45:12,2.3,6.8,0.0,89.49,0.0,1.44,1.44,0.0,0.0,0.0
2025-08-11 10:45:13,1.7,6.8,0.0,89.49,0.0,1.54,1.54,0.0,0.0,0.0
2025-08-11 10:45:14,3.1,6.8,0.0,89.49,0.0,1.21,1.21,0.0,0.01,0.01
2025-08-11 10:45:15,2.0,6.8,0.0,89.49,0.0,1.62,1.62,0.0,0.0,0.0
2025-08-11 10:45:16,2.9,6.8,0.0,89.49,0.0,1.01,1.01,0.0,0.0,0.0
2025-08-11 10:45:17,2.4,6.8,0.0,89.49,0.0,0.29,0.29,0.0,0.0,0.0
2025-08-11 10:45:18,2.9,6.8,0.0,89.49,0.0,2.26,2.26,0.0,0.0,0.0
2025-08-11 10:45:19,3.5,6.8,0.0,89.49,0.0,3.19,3.19,0.0,0.0,0.0
2025-08-11 10:45:20,6.2,6.8,0.0,89.49,0.0,7.69,7.69,0.0,0.0,0.0
2025-08-11 10:45:21,3.3,6.8,0.0,89.49,0.0,0.88,0.88,0.0,0.0,0.0
2025-08-11 10:45:22,3.1,6.8,0.0,89.49,0.0,1.55,1.55,0.0,0.0,0.0
2025-08-11 10:45:23,2.4,6.8,0.0,89.49,0.0,1.5,1.5,0.0,0.0,0.0
2025-08-11 10:45:24,2.8,6.8,0.0,89.49,0.0,2.03,2.03,0.0,0.0,0.0
2025-08-11 10:45:25,2.9,6.8,0.0,89.49,0.0,1.09,1.09,0.0,0.0,0.0
2025-08-11 10:45:26,2.7,6.8,0.0,89.49,0.0,1.84,1.84,0.0,0.0,0.0
2025-08-11 10:45:27,2.8,6.8,0.0,89.49,0.0,0.83,0.83,0.0,0.0,0.0
2025-08-11 10:45:28,3.2,6.8,0.0,89.49,0.0,1.67,1.67,0.0,0.0,0.0
2025-08-11 10:45:29,4.1,6.8,0.0,89.49,0.0,1.18,1.18,0.0,0.0,0.0
2025-08-11 10:45:30,3.8,6.8,0.0,89.49,0.0,8.41,8.41,0.0,0.0,0.0
2025-08-11 10:45:31,2.8,6.8,0.0,89.49,0.0,0.77,0.77,0.0,0.0,0.0
2025-08-11 10:45:32,3.2,6.8,0.0,89.49,0.0,1.72,1.72,0.0,0.0,0.0
2025-08-11 10:45:33,2.5,6.8,0.0,89.49,0.0,0.77,0.77,0.0,0.0,0.0
2025-08-11 10:45:34,2.6,6.8,0.0,89.49,0.0,2.18,2.18,0.0,0.0,0.0
2025-08-11 10:45:35,2.7,6.8,0.0,89.49,0.0,1.21,1.21,0.0,0.0,0.0
2025-08-11 10:45:36,2.7,6.8,0.0,89.49,0.0,1.91,1.91,0.0,0.0,0.0
2025-08-11 10:45:37,3.4,6.8,0.0,89.49,0.0,0.78,0.78,0.0,0.0,0.0
2025-08-11 10:45:38,2.7,6.8,0.0,89.49,0.0,1.72,1.72,0.0,0.0,0.0
2025-08-11 10:45:39,2.4,6.8,0.0,89.49,0.0,1.2,1.2,0.0,0.0,0.0
2025-08-11 10:45:40,2.7,6.8,0.0,89.49,0.0,1.87,1.87,0.0,0.0,0.0
2025-08-11 10:45:41,3.3,6.8,0.0,89.49,0.0,0.79,0.79,0.0,0.0,0.0
2025-08-11 10:45:42,2.2,6.8,0.0,89.49,0.0,1.72,1.72,0.0,0.0,0.0
2025-08-11 10:45:43,2.7,6.8,0.0,89.49,0.0,0.93,0.93,0.0,0.0,0.0
2025-08-11 10:45:44,3.3,6.8,0.0,89.49,0.0,1.99,1.99,0.0,0.0,0.0
2025-08-11 10:45:45,2.9,6.8,0.0,89.49,0.0,1.02,1.02,0.0,0.0,0.0
2025-08-11 10:45:46,2.5,6.8,0.0,89.49,0.0,1.74,1.74,0.0,0.0,0.0
2025-08-11 10:45:47,2.8,6.8,0.0,89.49,0.0,0.79,0.79,0.0,0.0,0.0
2025-08-11 10:45:48,2.6,6.8,0.0,89.49,0.0,1.69,1.69,0.0,0.0,0.0
2025-08-11 10:45:49,2.9,6.8,0.0,89.49,0.0,1.04,1.04,0.0,0.0,0.0
2025-08-11 10:45:50,2.6,6.8,0.0,89.49,0.0,1.58,1.58,0.0,0.0,0.0
2025-08-11 10:45:51,3.1,6.8,0.0,89.49,0.0,1.09,1.09,0.0,0.0,0.0
2025-08-11 10:45:52,2.8,6.8,0.0,89.49,0.0,1.48,1.48,0.0,0.0,0.0
2025-08-11 10:45:53,3.0,6.8,0.0,89.49,0.0,0.97,0.97,0.0,0.0,0.0
2025-08-11 10:45:54,2.2,6.8,0.0,89.49,0.0,2.53,2.53,0.0,0.0,0.0
2025-08-11 10:45:55,3.7,6.8,0.0,89.49,0.0,1.17,1.17,0.0,0.0,0.0
2025-08-11 10:45:56,2.3,6.8,0.0,89.49,0.0,1.61,1.61,0.0,0.0,0.0
2025-08-11 10:45:57,2.8,6.8,0.0,89.49,0.0,1.12,1.12,0.0,0.0,0.0
2025-08-11 10:45:58,4.2,6.8,0.0,89.49,0.0,1.54,1.54,0.0,0.0,0.0
2025-08-11 10:45:59,3.0,6.8,0.0,89.49,0.0,1.56,1.56,0.0,0.0,0.0
2025-08-11 10:46:00,3.3,6.8,0.0,89.58,0.0,0.2,0.2,0.0,0.01,0.01
2025-08-11 10:46:01,5.6,6.8,98.0,89.58,0.0,6.75,6.75,0.0,0.01,0.01
2025-08-11 10:46:02,3.5,6.8,97.0,89.58,0.0,1.12,1.12,0.0,0.0,0.0
2025-08-11 10:46:03,3.0,6.8,97.0,89.58,0.0,1.71,1.71,0.0,0.0,0.0
2025-08-11 10:46:04,4.4,6.8,97.0,89.58,0.0,1.01,1.01,0.0,0.0,0.0
2025-08-11 10:46:05,4.6,6.8,97.0,89.58,0.0,1.88,1.88,0.0,0.0,0.0
2025-08-11 10:46:06,2.9,6.8,98.0,89.58,0.0,0.94,0.94,0.0,0.0,0.0
2025-08-11 10:46:07,4.3,6.8,98.0,89.58,0.0,2.06,2.06,0.0,0.0,0.0
2025-08-11 10:46:08,2.3,6.8,98.0,89.58,0.0,0.64,0.64,0.0,0.0,0.0
2025-08-11 10:46:09,3.1,6.8,98.0,89.58,0.0,2.18,2.18,0.0,0.0,0.0
2025-08-11 10:46:10,3.2,6.8,98.0,89.58,0.0,0.81,0.81,0.0,0.0,0.0
2025-08-11 10:46:11,3.0,6.8,97.0,89.58,0.0,2.05,2.05,0.0,0.0,0.0
2025-08-11 10:46:12,2.4,6.8,97.0,89.58,0.0,0.93,0.93,0.0,0.0,0.0
2025-08-11 10:46:13,2.9,6.8,98.0,89.58,0.0,1.78,1.78,0.0,0.0,0.0
2025-08-11 10:46:14,4.6,6.8,97.0,89.58,0.0,1.51,1.51,0.0,0.0,0.0
2025-08-11 10:46:15,3.4,6.8,98.0,89.58,0.0,2.07,2.07,0.0,0.0,0.0
2025-08-11 10:46:16,2.8,6.8,98.0,89.58,0.0,0.76,0.76,0.0,0.0,0.0
2025-08-11 10:46:17,2.8,6.8,98.0,89.58,0.0,1.77,1.77,0.0,0.0,0.0
2025-08-11 10:46:18,2.8,6.8,98.0,89.58,0.0,0.86,0.86,0.0,0.0,0.0
2025-08-11 10:46:19,2.7,6.8,97.0,89.58,0.0,2.5,2.5,0.0,0.0,0.0
2025-08-11 10:46:20,2.9,6.8,97.0,89.58,0.0,8.71,8.71,0.0,0.0,0.0
2025-08-11 10:46:21,2.6,6.8,98.0,89.58,0.0,1.86,1.86,0.0,0.0,0.0
2025-08-11 10:46:22,2.8,6.8,98.0,89.58,0.0,0.82,0.82,0.0,0.0,0.0
2025-08-11 10:46:23,2.4,6.8,98.0,89.58,0.0,2.06,2.06,0.0,0.0,0.0
2025-08-11 10:46:24,2.5,6.8,98.0,89.58,0.0,0.94,0.94,0.0,0.0,0.0
2025-08-11 10:46:25,3.0,6.8,98.0,89.58,0.0,2.32,2.32,0.0,0.0,0.0
2025-08-11 10:46:26,3.0,6.8,97.0,89.58,0.0,0.97,0.97,0.0,0.0,0.0
2025-08-11 10:46:27,2.5,6.8,97.0,89.58,0.0,1.69,1.69,0.0,0.0,0.0
2025-08-11 10:46:28,3.1,6.8,97.0,89.58,0.0,1.06,1.06,0.0,0.0,0.0
2025-08-11 10:46:29,2.3,6.8,98.0,89.58,0.0,1.91,1.91,0.0,0.0,0.0
2025-08-11 10:46:30,2.5,6.8,98.0,89.58,0.0,1.08,1.08,0.0,0.0,0.0
2025-08-11 10:46:31,2.2,6.8,98.0,89.58,0.0,2.14,2.14,0.0,0.0,0.0
2025-08-11 10:46:32,4.9,6.8,97.0,89.58,0.0,7.55,7.55,0.0,0.0,0.0
2025-08-11 10:46:33,2.5,6.8,98.0,89.58,0.0,1.42,1.42,0.0,0.0,0.0
2025-08-11 10:46:34,2.2,6.8,98.0,89.58,0.0,0.11,0.11,0.0,0.0,0.0
2025-08-11 10:46:35,2.9,6.8,98.0,89.58,0.0,0.48,0.48,0.0,0.0,0.0
2025-08-11 10:46:36,2.5,6.8,98.0,89.58,0.0,1.48,1.48,0.0,0.0,0.0
2025-08-11 10:46:37,6.0,6.8,96.0,89.58,0.0,1.8,1.8,0.0,0.0,0.0
2025-08-11 10:46:38,3.1,6.8,97.0,89.58,0.0,0.81,0.81,0.0,0.0,0.0
2025-08-11 10:46:39,2.7,6.8,98.0,89.58,0.0,1.74,1.74,0.0,0.0,0.0
2025-08-11 10:46:40,3.8,6.8,98.0,89.58,0.0,0.86,0.86,0.0,0.0,0.0
2025-08-11 10:46:41,2.6,6.8,98.0,89.58,0.0,2.17,2.17,0.0,0.0,0.0
2025-08-11 10:46:42,2.9,6.8,98.0,89.58,0.0,0.87,0.87,0.0,0.0,0.0
2025-08-11 10:46:43,2.4,6.8,98.0,89.58,0.0,1.75,1.75,0.0,0.0,0.0
2025-08-11 10:46:44,3.7,6.8,97.0,89.58,0.0,0.93,0.93,0.0,0.0,0.0
2025-08-11 10:46:45,2.5,6.8,0.0,89.58,0.0,1.78,1.78,0.01,0.0,0.01
2025-08-11 10:46:46,2.7,6.8,0.0,89.58,0.0,1.41,1.41,0.0,0.0,0.0
2025-08-11 10:46:47,2.8,6.8,0.0,89.58,0.0,1.49,1.49,0.0,0.0,0.0
2025-08-11 10:46:48,2.8,6.8,0.0,89.58,0.0,1.01,1.01,0.0,0.0,0.0
2025-08-11 10:46:49,3.9,6.8,0.0,89.58,0.0,1.61,1.61,0.0,0.0,0.0
2025-08-11 10:46:50,4.8,6.8,0.0,89.58,0.0,1.05,1.05,0.0,0.0,0.0
2025-08-11 10:46:51,2.7,6.8,0.0,89.58,0.0,2.11,2.11,0.0,0.0,0.0
2025-08-11 10:46:52,5.4,6.8,0.0,89.58,0.0,0.62,0.62,0.0,0.0,0.0
2025-08-11 10:46:53,3.2,6.8,0.0,89.58,0.0,2.27,2.27,0.0,0.0,0.0
2025-08-11 10:46:54,2.8,6.8,0.0,89.58,0.0,0.44,0.44,0.0,0.0,0.0
2025-08-11 10:46:55,3.4,6.8,0.0,89.58,0.0,1.07,1.07,0.0,0.0,0.0
2025-08-11 10:46:56,2.8,6.8,0.0,89.58,0.0,2.1,2.1,0.0,0.0,0.0
2025-08-11 10:46:57,2.5,6.8,0.0,89.58,0.0,0.92,0.92,0.0,0.0,0.0
2025-08-11 10:46:58,3.8,6.8,0.0,89.58,0.0,1.69,1.69,0.0,0.0,0.0
2025-08-11 10:46:59,3.5,6.8,0.0,89.58,0.0,0.91,0.91,0.0,0.0,0.0
2025-08-11 10:47:00,5.2,6.8,0.0,89.58,0.0,1.73,1.73,0.0,0.0,0.0
2025-08-11 10:47:01,2.4,6.8,0.0,89.58,0.0,0.97,0.97,0.0,0.0,0.0
2025-08-11 10:47:02,3.2,6.8,0.0,89.58,0.0,6.46,6.46,0.0,0.0,0.0
2025-08-11 10:47:03,2.5,6.8,0.0,89.58,0.0,0.93,0.93,0.0,0.0,0.0
2025-08-11 10:47:04,3.4,6.8,0.0,89.58,0.0,1.68,1.68,0.0,0.0,0.0
2025-08-11 10:47:05,2.6,6.8,0.0,89.58,0.0,0.96,0.96,0.0,0.0,0.0
2025-08-11 10:47:06,3.0,6.8,0.0,89.58,0.0,1.95,1.95,0.0,0.0,0.0
2025-08-11 10:47:07,3.4,6.8,0.0,89.58,0.0,1.23,1.23,0.0,0.0,0.0
2025-08-11 10:47:08,2.9,6.8,0.0,89.58,0.0,1.66,1.66,0.0,0.0,0.0
2025-08-11 10:47:09,3.0,6.8,0.0,89.58,0.0,0.79,0.79,0.0,0.0,0.0
2025-08-11 10:47:10,3.2,6.8,0.0,89.58,0.0,1.65,1.65,0.0,0.0,0.0
2025-08-11 10:47:11,3.8,6.8,0.0,89.58,0.0,0.9,0.9,0.0,0.0,0.0
2025-08-11 10:47:12,2.7,6.8,0.0,89.58,0.0,2.0,2.0,0.0,0.0,0.0
2025-08-11 10:47:13,2.8,6.8,0.0,89.58,0.0,1.01,1.01,0.0,0.0,0.0
2025-08-11 10:47:14,3.6,6.8,0.0,89.58,0.0,1.79,1.79,0.0,0.0,0.0
2025-08-11 10:47:15,2.7,6.8,0.0,89.58,0.0,0.94,0.94,0.0,0.0,0.0
2025-08-11 10:47:16,2.5,6.8,0.0,89.58,0.0,1.65,1.65,0.0,0.0,0.0
2025-08-11 10:47:17,2.9,6.8,0.0,89.58,0.0,1.11,1.11,0.0,0.0,0.0
2025-08-11 10:47:18,2.5,6.8,0.0,89.58,0.0,1.78,1.78,0.0,0.0,0.0
2025-08-11 10:47:19,2.9,6.8,0.0,89.58,0.0,4.03,4.03,0.0,0.0,0.0
2025-08-11 10:47:20,2.9,6.8,0.0,89.58,0.0,5.82,5.82,0.0,0.0,0.0
2025-08-11 10:47:21,3.3,6.8,0.0,89.58,0.0,1.09,1.09,0.0,0.0,0.0
2025-08-11 10:47:22,2.8,6.8,0.0,89.58,0.0,1.81,1.81,0.0,0.0,0.0
2025-08-11 10:47:23,2.6,6.8,0.0,89.58,0.0,1.13,1.13,0.0,0.0,0.0
2025-08-11 10:47:24,2.2,6.8,0.0,89.58,0.0,1.86,1.86,0.0,0.0,0.0
2025-08-11 10:47:25,3.7,6.8,0.0,89.58,0.0,0.67,0.67,0.0,0.0,0.0
2025-08-11 10:47:26,2.3,6.8,0.0,89.58,0.0,2.18,2.18,0.0,0.0,0.0
2025-08-11 10:47:27,2.8,6.8,0.0,89.58,0.0,1.16,1.16,0.0,0.0,0.0
2025-08-11 10:47:28,2.7,6.8,0.0,89.58,0.0,1.62,1.62,0.0,0.0,0.0
2025-08-11 10:47:29,3.3,6.8,0.0,89.58,0.0,0.9,0.9,0.0,0.0,0.0
2025-08-11 10:47:30,2.6,6.8,0.0,89.58,0.0,2.57,2.57,0.0,0.0,0.0
2025-08-11 10:47:31,2.9,6.8,0.0,89.58,0.0,0.23,0.23,0.0,0.0,0.0
2025-08-11 10:47:32,3.6,6.8,0.0,89.58,0.0,1.22,1.22,0.0,0.0,0.0
2025-08-11 10:47:33,3.5,6.8,0.0,89.58,0.0,8.32,8.32,0.0,0.0,0.0
2025-08-11 10:47:34,4.2,6.8,0.0,89.58,0.0,0.88,0.88,0.0,0.0,0.0
2025-08-11 10:47:35,4.2,6.8,0.0,89.58,0.0,2.03,2.03,0.0,0.0,0.0
2025-08-11 10:47:36,3.4,6.8,0.0,89.58,0.0,0.75,0.75,0.0,0.0,0.0
2025-08-11 10:47:37,4.3,6.8,0.0,89.58,0.0,1.63,1.63,0.0,0.0,0.0
2025-08-11 10:47:38,3.2,6.8,0.0,89.58,0.0,1.26,1.26,0.0,0.0,0.0
2025-08-11 10:47:39,4.7,6.8,0.0,89.58,0.0,1.73,1.73,0.0,0.0,0.0
2025-08-11 10:47:40,2.8,6.8,0.0,89.58,0.0,1.17,1.17,0.0,0.0,0.0
2025-08-11 10:47:42,4.1,6.8,0.0,89.58,0.0,1.73,1.73,0.0,0.0,0.0
2025-08-11 10:47:43,4.3,6.8,0.0,89.58,0.0,0.81,0.81,0.0,0.0,0.0
2025-08-11 10:47:44,5.7,6.8,0.0,89.58,0.0,2.26,2.26,0.0,0.0,0.0
2025-08-11 10:47:45,5.4,6.8,0.0,89.58,0.0,0.68,0.68,0.0,0.0,0.0
2025-08-11 10:47:46,3.1,6.8,0.0,89.58,0.0,2.14,2.14,0.0,0.0,0.0
2025-08-11 10:47:47,1.9,6.8,0.0,89.58,0.0,0.68,0.68,0.0,0.0,0.0
2025-08-11 10:47:48,2.3,6.8,0.0,89.58,0.0,1.79,1.79,0.0,0.0,0.0
2025-08-11 10:47:49,2.2,6.8,0.0,89.58,0.0,1.26,1.26,0.0,0.0,0.0
2025-08-11 10:47:50,2.0,6.8,0.0,89.58,0.0,1.63,1.63,0.0,0.0,0.0
2025-08-11 10:47:51,2.3,6.8,0.0,89.58,0.0,1.08,1.08,0.0,0.0,0.0
2025-08-11 10:47:52,2.3,6.8,0.0,89.58,0.0,1.97,1.97,0.0,0.0,0.0
2025-08-11 10:47:53,4.0,6.8,0.0,89.58,0.0,0.72,0.72,0.0,0.0,0.0
2025-08-11 10:47:54,2.0,6.8,0.0,89.58,0.0,2.22,2.22,0.0,0.0,0.0
2025-08-11 10:47:55,2.3,6.8,0.0,89.58,0.0,0.93,0.93,0.0,0.0,0.0
2025-08-11 10:47:56,2.7,6.8,0.0,89.58,0.0,1.9,1.9,0.0,0.0,0.0
2025-08-11 10:47:57,2.1,6.8,0.0,89.58,0.0,1.2,1.2,0.0,0.0,0.0
2025-08-11 10:47:58,3.6,6.8,0.0,89.58,0.0,1.64,1.64,0.0,0.0,0.0
2025-08-11 10:47:59,2.8,6.8,0.0,89.58,0.0,1.01,1.01,0.0,0.0,0.0
2025-08-11 10:48:00,1.6,6.8,0.0,89.58,0.0,1.7,1.7,0.0,0.0,0.0
2025-08-11 10:48:01,1.7,6.8,0.0,89.58,0.0,0.85,0.85,0.0,0.0,0.0
2025-08-11 10:48:02,1.7,6.8,0.0,89.58,0.0,2.29,2.29,0.0,0.0,0.0
2025-08-11 10:48:03,2.5,6.8,0.0,89.58,0.0,0.79,0.79,0.0,0.0,0.0
2025-08-11 10:48:04,1.6,6.8,0.0,89.58,0.0,6.27,6.27,0.0,0.0,0.0
2025-08-11 10:48:05,2.5,6.8,0.0,89.58,0.0,1.45,1.45,0.0,0.0,0.0
2025-08-11 10:48:06,3.0,6.8,0.0,89.58,0.0,1.52,1.52,0.0,0.0,0.0
2025-08-11 10:48:07,2.3,6.8,0.0,89.58,0.0,0.98,0.98,0.0,0.0,0.0
2025-08-11 10:48:08,2.6,6.8,0.0,89.58,0.0,1.67,1.67,0.0,0.0,0.0
2025-08-11 10:48:09,1.9,6.8,0.0,89.58,0.0,1.13,1.13,0.0,0.0,0.0
2025-08-11 10:48:10,2.2,6.8,0.0,89.58,0.0,1.51,1.51,0.0,0.0,0.0
2025-08-11 10:48:11,1.9,6.8,0.0,89.58,0.0,0.49,0.49,0.0,0.0,0.0
2025-08-11 10:48:12,1.5,6.8,0.0,89.58,0.0,0.93,0.93,0.0,0.0,0.0
2025-08-11 10:48:13,2.5,6.8,0.0,89.58,0.0,1.99,1.99,0.0,0.0,0.0
2025-08-11 10:48:14,1.7,6.8,0.0,89.58,0.0,1.05,1.05,0.0,0.0,0.0
2025-08-11 10:48:15,4.0,6.8,0.0,89.58,0.0,2.01,2.01,0.0,0.0,0.0
2025-08-11 10:48:16,1.7,6.8,0.0,89.58,0.0,1.03,1.03,0.0,0.0,0.0
2025-08-11 10:48:17,2.3,6.8,0.0,89.58,0.0,1.62,1.62,0.0,0.0,0.0
2025-08-11 10:48:18,1.7,6.8,0.0,89.58,0.0,1.0,1.0,0.0,0.0,0.0
2025-08-11 10:48:19,2.8,6.8,0.0,89.58,0.0,1.85,1.85,0.0,0.0,0.0
2025-08-11 10:48:20,4.3,6.8,0.0,89.58,0.0,6.17,6.17,0.0,0.0,0.0
2025-08-11 10:48:21,2.8,6.8,0.0,89.58,0.0,4.53,4.53,0.0,0.0,0.0
2025-08-11 10:48:22,1.5,6.8,0.0,89.58,0.0,0.88,0.88,0.0,0.0,0.0
2025-08-11 10:48:23,3.1,6.8,0.0,89.58,0.0,1.69,1.69,0.0,0.0,0.0
2025-08-11 10:48:24,1.5,6.8,0.0,89.58,0.0,0.89,0.89,0.0,0.0,0.0
2025-08-11 10:48:25,2.8,6.8,0.0,89.58,0.0,1.99,1.99,0.0,0.0,0.0
2025-08-11 10:48:26,1.4,6.8,0.0,89.58,0.0,1.39,1.39,0.0,0.0,0.0
2025-08-11 10:48:27,5.4,6.8,0.0,89.58,0.0,1.63,1.63,0.0,0.0,0.0
2025-08-11 10:48:28,3.5,6.8,0.0,89.58,0.0,0.96,0.96,0.0,0.0,0.0
2025-08-11 10:48:29,4.3,6.8,0.0,89.58,0.0,1.92,1.92,0.0,0.0,0.0
2025-08-11 10:48:30,3.8,6.8,0.0,89.58,0.0,0.85,0.85,0.0,0.0,0.0
2025-08-11 10:48:31,2.8,6.8,0.0,89.58,0.0,1.68,1.68,0.0,0.0,0.0
2025-08-11 10:48:32,2.3,6.8,0.0,89.58,0.0,1.25,1.25,0.0,0.0,0.0
2025-08-11 10:48:33,3.4,6.8,0.0,89.58,0.0,1.89,1.89,0.0,0.0,0.0
2025-08-11 10:48:34,4.2,6.8,0.0,89.58,0.0,1.04,1.04,0.0,0.0,0.0
2025-08-11 10:48:35,3.3,6.8,0.0,89.58,0.0,7.26,7.26,0.0,0.0,0.0
2025-08-11 10:48:36,3.5,6.8,0.0,89.58,0.0,0.89,0.89,0.0,0.0,0.0
2025-08-11 10:48:37,3.4,6.8,0.0,89.58,0.0,2.2,2.2,0.0,0.0,0.0
2025-08-11 10:48:38,5.5,6.8,0.0,89.58,0.0,0.75,0.75,0.0,0.0,0.0
2025-08-11 10:48:39,2.7,6.8,0.0,89.58,0.0,1.89,1.89,0.0,0.0,0.0
2025-08-11 10:48:40,3.0,6.8,0.0,89.58,0.0,0.82,0.82,0.0,0.0,0.0
2025-08-11 10:48:41,4.4,6.8,0.0,89.58,0.0,1.8,1.8,0.0,0.0,0.0
2025-08-11 10:48:42,2.4,6.8,0.0,89.58,0.0,1.3,1.3,0.0,0.0,0.0
2025-08-11 10:48:43,2.6,6.8,0.0,89.58,0.0,1.58,1.58,0.0,0.0,0.0
2025-08-11 10:48:44,2.9,6.8,0.0,89.58,0.0,0.95,0.95,0.0,0.0,0.0
2025-08-11 10:48:45,4.2,6.8,0.0,89.58,0.0,1.89,1.89,0.0,0.0,0.0
2025-08-11 10:48:46,1.9,6.8,0.0,89.58,0.0,0.78,0.78,0.0,0.0,0.0
2025-08-11 10:48:47,1.7,6.8,0.0,89.58,0.0,2.25,2.25,0.0,0.0,0.0
2025-08-11 10:48:48,2.2,6.8,0.0,89.58,0.0,0.51,0.51,0.0,0.0,0.0
2025-08-11 10:48:49,1.7,6.8,0.0,89.58,0.0,1.99,1.99,0.0,0.0,0.0
2025-08-11 10:48:50,2.2,6.8,0.0,89.58,0.0,0.39,0.39,0.0,0.0,0.0
2025-08-11 10:48:51,2.0,6.8,0.0,89.58,0.0,2.26,2.26,0.0,0.0,0.0
2025-08-11 10:48:52,2.2,6.8,0.0,89.58,0.0,0.86,0.86,0.0,0.0,0.0
2025-08-11 10:48:53,2.0,6.8,0.0,89.58,0.0,2.4,2.4,0.0,0.0,0.0
2025-08-11 10:48:54,2.2,6.8,0.0,89.58,0.0,1.02,1.02,0.0,0.0,0.0
2025-08-11 10:48:55,2.4,6.8,0.0,89.58,0.0,1.72,1.72,0.0,0.0,0.0
2025-08-11 10:48:56,2.0,6.8,0.0,89.58,0.0,1.19,1.19,0.0,0.0,0.0
2025-08-11 10:48:57,1.9,6.8,0.0,89.58,0.0,0.64,0.64,0.0,0.0,0.0
2025-08-11 10:48:58,2.4,6.8,0.0,89.58,0.0,2.03,2.03,0.0,0.0,0.0
2025-08-11 10:48:59,1.8,6.8,0.0,89.58,0.0,0.81,0.81,0.0,0.0,0.0
2025-08-11 10:49:00,2.3,6.8,0.0,89.58,0.0,1.54,1.54,0.0,0.0,0.0
2025-08-11 10:49:01,1.9,6.8,0.0,89.58,0.0,0.86,0.86,0.0,0.0,0.0
2025-08-11 10:49:02,3.0,6.8,0.0,89.58,0.0,1.53,1.53,0.0,0.0,0.0
2025-08-11 10:49:03,2.2,6.8,0.0,89.58,0.0,1.65,1.65,0.0,0.0,0.0
2025-08-11 10:49:04,3.0,6.8,97.0,89.58,0.0,1.99,1.99,0.0,0.01,0.01
2025-08-11 10:49:05,4.7,6.8,97.0,89.58,0.0,5.4,5.4,0.0,0.0,0.0
2025-08-11 10:49:06,3.7,6.8,97.0,89.58,0.0,1.52,1.52,0.0,0.0,0.0
2025-08-11 10:49:07,3.1,6.8,98.0,89.58,0.0,0.88,0.88,0.0,0.0,0.0
2025-08-11 10:49:08,2.6,6.8,98.0,89.58,0.0,1.86,1.86,0.0,0.0,0.0
2025-08-11 10:49:09,2.8,6.8,98.0,89.58,0.0,0.73,0.73,0.0,0.0,0.0
2025-08-11 10:49:10,2.9,6.8,97.0,89.58,0.0,1.89,1.89,0.0,0.0,0.0
2025-08-11 10:49:11,2.8,6.8,98.0,89.58,0.0,0.72,0.72,0.0,0.0,0.0
2025-08-11 10:49:12,2.6,6.8,98.0,89.58,0.0,1.78,1.78,0.0,0.0,0.0
2025-08-11 10:49:13,3.4,6.8,97.0,89.58,0.0,1.1,1.1,0.0,0.0,0.0
2025-08-11 10:49:14,4.2,6.8,97.0,89.58,0.0,1.74,1.74,0.0,0.0,0.0
2025-08-11 10:49:15,4.4,6.8,98.0,89.58,0.0,1.39,1.39,0.0,0.0,0.0
2025-08-11 10:49:16,2.6,6.8,98.0,89.58,0.0,1.75,1.75,0.0,0.0,0.0
2025-08-11 10:49:17,3.4,6.8,98.0,89.58,0.0,0.81,0.81,0.0,0.0,0.0
2025-08-11 10:49:18,2.9,6.8,98.0,89.58,0.0,2.01,2.01,0.0,0.0,0.0
2025-08-11 10:49:19,3.0,6.8,98.0,89.58,0.0,0.76,0.76,0.0,0.0,0.0
2025-08-11 10:49:20,4.1,6.8,98.0,89.58,0.0,9.91,9.91,0.0,0.0,0.0
2025-08-11 10:49:21,2.5,6.8,97.0,89.58,0.0,0.9,0.9,0.0,0.0,0.0
2025-08-11 10:49:22,2.7,6.8,97.0,89.58,0.0,1.81,1.81,0.0,0.0,0.0
2025-08-11 10:49:23,3.1,6.8,97.0,89.58,0.0,1.19,1.19,0.0,0.0,0.0
2025-08-11 10:49:24,2.1,6.8,98.0,89.58,0.0,1.86,1.86,0.0,0.0,0.0
2025-08-11 10:49:25,5.1,6.8,97.0,89.58,0.0,1.18,1.18,0.0,0.0,0.0
2025-08-11 10:49:26,3.6,6.8,98.0,89.58,0.0,1.74,1.74,0.0,0.0,0.0
2025-08-11 10:49:27,3.3,6.8,98.0,89.58,0.0,1.03,1.03,0.0,0.0,0.0
2025-08-11 10:49:28,3.0,6.8,98.0,89.58,0.0,1.89,1.89,0.0,0.0,0.0
2025-08-11 10:49:29,3.0,6.8,97.0,89.58,0.0,0.91,0.91,0.0,0.0,0.0
2025-08-11 10:49:30,2.6,6.8,97.0,89.58,0.0,1.69,1.69,0.0,0.0,0.0
2025-08-11 10:49:31,2.5,6.8,98.0,89.58,0.0,0.97,0.97,0.0,0.0,0.0
2025-08-11 10:49:32,2.7,6.8,98.0,89.58,0.0,1.63,1.63,0.0,0.0,0.0
2025-08-11 10:49:33,3.2,6.8,98.0,89.58,0.0,0.6,0.6,0.0,0.0,0.0
2025-08-11 10:49:34,3.0,6.8,98.0,89.58,0.0,2.63,2.63,0.0,0.0,0.0
2025-08-11 10:49:35,3.5,6.8,98.0,89.58,0.0,0.98,0.98,0.0,0.0,0.0
2025-08-11 10:49:36,2.3,6.8,98.0,89.58,0.0,8.63,8.63,0.0,0.0,0.0
2025-08-11 10:49:37,3.9,6.8,97.0,89.58,0.0,0.39,0.39,0.0,0.0,0.0
2025-08-11 10:49:38,2.5,6.8,98.0,89.58,0.0,1.13,1.13,0.0,0.0,0.0
2025-08-11 10:49:39,3.1,6.8,98.0,89.58,0.0,1.79,1.79,0.0,0.0,0.0
2025-08-11 10:49:40,2.8,6.8,98.0,89.58,0.0,0.87,0.87,0.0,0.0,0.0
2025-08-11 10:49:41,2.8,6.8,30.0,89.58,0.0,1.66,1.66,0.01,0.0,0.01
2025-08-11 10:49:42,2.5,6.8,0.0,89.58,0.0,0.83,0.83,0.0,0.0,0.0
2025-08-11 10:49:43,3.8,6.8,0.0,89.58,0.0,1.76,1.76,0.0,0.0,0.0
2025-08-11 10:49:44,2.6,6.8,0.0,89.58,0.0,1.31,1.31,0.0,0.0,0.0
2025-08-11 10:49:45,3.8,6.8,0.0,89.58,0.0,1.8,1.8,0.0,0.0,0.0
2025-08-11 10:49:46,2.6,6.8,0.0,89.58,0.0,1.05,1.05,0.0,0.0,0.0
2025-08-11 10:49:47,3.3,6.8,0.0,89.58,0.0,1.93,1.93,0.0,0.0,0.0
2025-08-11 10:49:48,2.4,6.8,0.0,89.58,0.0,0.87,0.87,0.0,0.0,0.0
2025-08-11 10:49:49,4.1,6.8,0.0,89.58,0.0,2.14,2.14,0.0,0.0,0.0
2025-08-11 10:49:50,4.8,6.8,0.0,89.58,0.0,0.86,0.86,0.0,0.0,0.0
2025-08-11 10:49:51,3.5,6.8,0.0,89.58,0.0,1.99,1.99,0.0,0.0,0.0
2025-08-11 10:49:52,2.3,6.8,0.0,89.58,0.0,0.63,0.63,0.0,0.0,0.0
2025-08-11 10:49:53,2.8,6.8,0.0,89.58,0.0,1.86,1.86,0.0,0.0,0.0
2025-08-11 10:49:54,2.7,6.8,0.0,89.58,0.0,1.13,1.13,0.0,0.0,0.0
2025-08-11 10:49:55,3.6,6.8,0.0,89.58,0.0,1.8,1.8,0.0,0.0,0.0
2025-08-11 10:49:56,2.3,6.8,0.0,89.58,0.0,0.97,0.97,0.0,0.0,0.0
2025-08-11 10:49:57,2.5,6.8,0.0,89.58,0.0,1.92,1.92,0.0,0.0,0.0
2025-08-11 10:49:58,5.0,6.8,0.0,89.58,0.0,0.76,0.76,0.0,0.0,0.0
2025-08-11 10:49:59,4.3,6.8,0.0,89.58,0.0,1.75,1.75,0.0,0.0,0.0
2025-08-11 10:50:00,3.4,6.8,0.0,89.58,0.0,1.07,1.07,0.0,0.0,0.0
2025-08-11 10:50:01,2.4,6.8,0.0,89.58,0.0,1.89,1.89,0.0,0.0,0.0
2025-08-11 10:50:02,3.2,6.8,0.0,89.58,0.0,0.63,0.63,0.0,0.0,0.0
2025-08-11 10:50:03,4.1,6.8,0.0,89.58,0.0,1.76,1.76,0.0,0.0,0.0
2025-08-11 10:50:04,2.9,6.8,0.0,89.58,0.0,1.19,1.19,0.0,0.0,0.0
2025-08-11 10:50:05,3.3,6.8,0.0,89.58,0.0,2.3,2.3,0.0,0.0,0.0
2025-08-11 10:50:06,2.9,6.8,0.0,89.58,0.0,5.82,5.82,0.0,0.0,0.0
2025-08-11 10:50:07,3.4,6.8,0.0,89.58,0.0,1.49,1.49,0.0,0.0,0.0
2025-08-11 10:50:08,3.0,6.8,0.0,89.58,0.0,1.08,1.08,0.0,0.0,0.0
2025-08-11 10:50:09,2.5,6.8,0.0,89.58,0.0,1.47,1.47,0.0,0.0,0.0
2025-08-11 10:50:10,3.0,6.8,0.0,89.58,0.0,0.59,0.59,0.0,0.0,0.0
2025-08-11 10:50:11,1.6,6.8,0.0,89.58,0.0,2.35,2.35,0.0,0.0,0.0
2025-08-11 10:50:12,1.8,6.8,0.0,89.58,0.0,0.36,0.36,0.0,0.0,0.0
2025-08-11 10:50:13,1.7,6.8,0.0,89.58,0.0,0.84,0.84,0.0,0.0,0.0
2025-08-11 10:50:14,2.3,6.8,0.0,89.58,0.0,1.76,1.76,0.0,0.0,0.0
2025-08-11 10:50:15,1.6,6.8,0.0,89.58,0.0,0.92,0.92,0.0,0.0,0.0
2025-08-11 10:50:16,3.1,6.8,0.0,89.58,0.0,1.85,1.85,0.0,0.0,0.0
2025-08-11 10:50:17,3.7,6.8,0.0,89.58,0.0,0.98,0.98,0.0,0.0,0.0
2025-08-11 10:50:18,3.7,6.8,0.0,89.58,0.0,1.6,1.6,0.0,0.0,0.0
2025-08-11 10:50:19,2.1,6.8,0.0,89.58,0.0,0.81,0.81,0.0,0.0,0.0
2025-08-11 10:50:20,2.5,6.8,0.0,89.58,0.0,9.56,9.56,0.0,0.0,0.0
2025-08-11 10:50:21,1.7,6.8,0.0,89.58,0.0,1.1,1.1,0.0,0.0,0.0
2025-08-11 10:50:22,2.4,6.8,0.0,89.58,0.0,1.78,1.78,0.0,0.0,0.0
2025-08-11 10:50:23,1.9,6.8,0.0,89.58,0.0,1.05,1.05,0.0,0.0,0.0
2025-08-11 10:50:24,2.1,6.8,0.0,89.58,0.0,1.78,1.78,0.0,0.0,0.0
2025-08-11 10:50:25,2.3,6.8,0.0,89.58,0.0,1.02,1.02,0.0,0.0,0.0
2025-08-11 10:50:26,1.8,6.8,0.0,89.58,0.0,2.41,2.41,0.0,0.0,0.0
2025-08-11 10:50:27,1.7,6.8,0.0,89.58,0.0,0.78,0.78,0.0,0.0,0.0
2025-08-11 10:50:28,1.9,6.8,0.0,89.58,0.0,1.87,1.87,0.0,0.0,0.0
2025-08-11 10:50:29,2.3,6.8,0.0,89.58,0.0,0.77,0.77,0.0,0.0,0.0
2025-08-11 10:50:30,2.2,6.8,0.0,89.58,0.0,1.78,1.78,0.0,0.0,0.0
2025-08-11 10:50:31,1.7,6.8,0.0,89.58,0.0,1.26,1.26,0.0,0.0,0.0
2025-08-11 10:50:32,2.0,6.8,0.0,89.58,0.0,1.67,1.67,0.0,0.0,0.0
2025-08-11 10:50:33,2.0,6.8,0.0,89.58,0.0,1.03,1.03,0.0,0.0,0.0
2025-08-11 10:50:34,5.2,6.8,0.0,89.58,0.0,2.09,2.09,0.0,0.0,0.0
2025-08-11 10:50:35,3.2,6.8,0.0,89.58,0.0,0.45,0.45,0.0,0.0,0.0
2025-08-11 10:50:36,1.9,6.8,0.0,89.58,0.0,2.79,2.79,0.0,0.0,0.0
2025-08-11 10:50:37,3.8,6.8,0.0,89.58,0.0,7.1,7.1,0.0,0.0,0.0
2025-08-11 10:50:38,3.6,6.8,0.0,89.58,0.0,1.83,1.83,0.0,0.0,0.0
2025-08-11 10:50:39,1.8,6.8,0.0,89.58,0.0,0.63,0.63,0.0,0.0,0.0
2025-08-11 10:50:40,2.5,6.8,0.0,89.58,0.0,1.76,1.76,0.0,0.0,0.0
2025-08-11 10:50:41,2.1,6.8,0.0,89.58,0.0,1.2,1.2,0.0,0.0,0.0
2025-08-11 10:50:42,1.7,6.8,0.0,89.58,0.0,1.93,1.93,0.0,0.0,0.0
2025-08-11 10:50:43,3.0,6.8,0.0,89.58,0.0,0.83,0.83,0.0,0.0,0.0
2025-08-11 10:50:44,3.7,6.8,0.0,89.58,0.0,1.82,1.82,0.0,0.0,0.0
2025-08-11 10:50:45,2.4,6.8,0.0,89.58,0.0,0.77,0.77,0.0,0.0,0.0
2025-08-11 10:50:46,2.3,6.8,0.0,89.58,0.0,1.71,1.71,0.0,0.0,0.0
2025-08-11 10:50:47,2.1,6.8,0.0,89.58,0.0,1.14,1.14,0.0,0.0,0.0
2025-08-11 10:50:48,1.9,6.8,0.0,89.58,0.0,1.52,1.52,0.0,0.0,0.0
2025-08-11 10:50:49,1.9,6.8,0.0,89.58,0.0,0.29,0.29,0.0,0.0,0.0
2025-08-11 10:50:50,2.1,6.8,0.0,89.58,0.0,2.31,2.31,0.0,0.0,0.0
2025-08-11 10:50:51,2.2,6.8,0.0,89.58,0.0,1.22,1.22,0.0,0.0,0.0
2025-08-11 10:50:52,1.9,6.8,0.0,89.58,0.0,1.7,1.7,0.0,0.0,0.0
2025-08-11 10:50:53,2.0,6.8,0.0,89.58,0.0,1.02,1.02,0.0,0.0,0.0
2025-08-11 10:50:54,2.0,6.8,0.0,89.58,0.0,0.25,0.25,0.0,0.0,0.0
2025-08-11 10:50:55,3.0,6.8,0.0,89.58,0.0,1.8,1.8,0.0,0.0,0.0
2025-08-11 10:50:56,1.6,6.8,0.0,89.58,0.0,1.43,1.43,0.0,0.0,0.0
2025-08-11 10:50:57,2.7,6.8,0.0,89.58,0.0,1.44,1.44,0.0,0.0,0.0
2025-08-11 10:50:58,3.0,6.8,0.0,89.58,0.0,1.15,1.15,0.0,0.0,0.0
2025-08-11 10:50:59,3.2,6.8,0.0,89.58,0.0,1.67,1.67,0.0,0.0,0.0
2025-08-11 10:51:00,1.7,6.8,0.0,89.58,0.0,0.82,0.82,0.0,0.0,0.0
2025-08-11 10:51:02,1.8,6.8,0.0,89.58,0.0,1.62,1.62,0.0,0.0,0.0
2025-08-11 10:51:03,3.6,6.8,0.0,89.58,0.0,1.35,1.35,0.0,0.0,0.0
2025-08-11 10:51:04,2.3,6.8,0.0,89.58,0.0,1.87,1.87,0.0,0.0,0.0
2025-08-11 10:51:05,4.1,6.8,0.0,89.58,0.0,0.81,0.81,0.0,0.0,0.0
2025-08-11 10:51:06,2.3,6.8,0.0,89.58,0.0,2.11,2.11,0.0,0.0,0.0
2025-08-11 10:51:07,2.5,6.8,0.0,89.58,0.0,0.67,0.67,0.0,0.0,0.0
2025-08-11 10:51:08,3.0,6.8,0.0,89.58,0.0,2.3,2.3,0.0,0.0,0.0
2025-08-11 10:51:09,3.1,6.8,0.0,89.58,0.0,5.53,5.53,0.0,0.0,0.0
2025-08-11 10:51:10,2.9,6.8,0.0,89.58,0.0,1.86,1.86,0.0,0.0,0.0
2025-08-11 10:51:11,2.2,6.8,0.0,89.58,0.0,0.94,0.94,0.0,0.0,0.0
2025-08-11 10:51:12,2.3,6.8,0.0,89.58,0.0,1.82,1.82,0.0,0.0,0.0
2025-08-11 10:51:13,2.1,6.8,0.0,89.58,0.0,1.41,1.41,0.0,0.0,0.0
2025-08-11 10:51:14,3.2,6.8,0.0,89.58,0.0,1.91,1.91,0.0,0.0,0.0
2025-08-11 10:51:15,2.3,6.8,0.0,89.58,0.0,0.9,0.9,0.0,0.0,0.0
2025-08-11 10:51:16,1.8,6.8,0.0,89.58,0.0,2.21,2.21,0.0,0.0,0.0
2025-08-11 10:51:17,3.4,6.8,0.0,89.58,0.0,0.77,0.77,0.0,0.0,0.0
2025-08-11 10:51:18,2.0,6.8,0.0,89.58,0.0,2.21,2.21,0.0,0.0,0.0
2025-08-11 10:51:19,2.2,6.8,0.0,89.58,0.0,0.77,0.77,0.0,0.0,0.0
2025-08-11 10:51:20,3.6,6.8,0.0,89.58,0.0,1.95,1.95,0.0,0.0,0.0
2025-08-11 10:51:21,3.2,6.8,0.0,89.58,0.0,8.37,8.37,0.0,0.0,0.0
2025-08-11 10:51:22,1.7,6.8,0.0,89.58,0.0,1.87,1.87,0.0,0.0,0.0
2025-08-11 10:51:23,9.8,6.8,0.0,89.58,0.0,1.04,1.04,0.0,0.0,0.0
2025-08-11 10:51:24,2.7,6.8,0.0,89.58,0.0,1.85,1.85,0.0,0.0,0.0
2025-08-11 10:51:25,3.2,6.8,0.0,89.58,0.0,1.06,1.06,0.0,0.0,0.0
2025-08-11 10:51:26,2.8,6.8,0.0,89.58,0.0,1.94,1.94,0.0,0.0,0.0
2025-08-11 10:51:27,2.8,6.8,0.0,89.58,0.0,0.99,0.99,0.0,0.0,0.0
2025-08-11 10:51:28,2.3,6.8,0.0,89.58,0.0,2.08,2.08,0.0,0.0,0.0
2025-08-11 10:51:29,4.5,6.8,0.0,89.58,0.0,0.99,0.99,0.0,0.0,0.0
2025-08-11 10:51:30,4.3,6.8,0.0,89.58,0.0,1.47,1.47,0.0,0.0,0.0
2025-08-11 10:51:31,4.0,6.8,0.0,89.58,0.0,1.48,1.48,0.0,0.0,0.0
2025-08-11 10:51:32,2.6,6.8,0.0,89.58,0.0,0.13,0.13,0.0,0.0,0.0
2025-08-11 10:51:33,3.0,6.8,0.0,89.58,0.0,2.2,2.2,0.0,0.0,0.0
2025-08-11 10:51:34,3.3,6.8,0.0,89.58,0.0,0.99,0.99,0.0,0.0,0.0
2025-08-11 10:51:35,3.9,6.8,0.0,89.58,0.0,1.62,1.62,0.0,0.0,0.0
2025-08-11 10:51:36,2.4,6.8,0.0,89.58,0.0,1.15,1.15,0.0,0.0,0.0
2025-08-11 10:51:37,3.0,6.8,0.0,89.58,0.0,1.59,1.59,0.0,0.0,0.0
2025-08-11 10:51:38,3.1,6.8,0.0,89.58,0.0,1.01,1.01,0.0,0.0,0.0
2025-08-11 10:51:39,2.8,6.8,0.0,89.58,0.0,8.42,8.42,0.0,0.0,0.0
2025-08-11 10:51:40,2.8,6.8,0.0,89.58,0.0,0.89,0.89,0.0,0.0,0.0
2025-08-11 10:51:41,3.3,6.8,0.0,89.58,0.0,1.81,1.81,0.0,0.0,0.0
2025-08-11 10:51:42,2.3,6.8,0.0,89.58,0.0,1.08,1.08,0.0,0.0,0.0
2025-08-11 10:51:43,2.9,6.8,0.0,89.58,0.0,1.86,1.86,0.0,0.0,0.0
2025-08-11 10:51:44,2.9,6.8,0.0,89.58,0.0,1.32,1.32,0.0,0.0,0.0
2025-08-11 10:51:45,3.2,6.8,0.0,89.58,0.0,1.6,1.6,0.0,0.0,0.0
2025-08-11 10:51:46,3.1,6.8,0.0,89.58,0.0,0.85,0.85,0.0,0.0,0.0
2025-08-11 10:51:47,2.6,6.8,0.0,89.58,0.0,1.62,1.62,0.0,0.0,0.0
2025-08-11 10:51:48,2.5,6.8,0.0,89.58,0.0,1.16,1.16,0.0,0.0,0.0
2025-08-11 10:51:49,3.6,6.8,0.0,89.58,0.0,2.17,2.17,0.0,0.0,0.0
2025-08-11 10:51:50,1.8,6.8,0.0,89.58,0.0,0.79,0.79,0.0,0.0,0.0
2025-08-11 10:51:51,2.3,6.8,0.0,89.58,0.0,1.74,1.74,0.0,0.0,0.0
2025-08-11 10:51:52,1.8,6.8,0.0,89.58,0.0,0.84,0.84,0.0,0.0,0.0
2025-08-11 10:51:53,2.1,6.8,0.0,89.58,0.0,2.08,2.08,0.0,0.0,0.0
2025-08-11 10:51:54,1.9,6.8,0.0,89.58,0.0,1.18,1.18,0.0,0.0,0.0
2025-08-11 10:51:55,4.1,6.8,0.0,89.58,0.0,1.72,1.72,0.0,0.0,0.0
2025-08-11 10:51:56,1.9,6.8,0.0,89.58,0.0,0.96,0.96,0.0,0.0,0.0
2025-08-11 10:51:57,1.7,6.8,0.0,89.58,0.0,1.85,1.85,0.0,0.0,0.0
2025-08-11 10:51:58,2.2,6.8,0.0,89.58,0.0,0.66,0.66,0.0,0.0,0.0
2025-08-11 10:51:59,2.7,6.8,0.0,89.58,0.0,2.13,2.13,0.0,0.0,0.0
2025-08-11 10:52:00,4.1,6.8,0.0,89.58,0.0,0.98,0.98,0.0,0.0,0.0
2025-08-11 10:52:01,2.5,6.8,0.0,89.58,0.0,1.81,1.81,0.0,0.0,0.0
2025-08-11 10:52:02,2.5,6.8,0.0,89.58,0.0,0.8,0.8,0.0,0.0,0.0
2025-08-11 10:52:03,1.9,6.8,0.0,89.58,0.0,1.67,1.67,0.0,0.0,0.0
2025-08-11 10:52:04,2.6,6.8,0.0,89.58,0.0,1.2,1.2,0.0,0.0,0.0
2025-08-11 10:52:05,3.9,6.8,0.0,89.58,0.0,2.02,2.02,0.0,0.0,0.0
2025-08-11 10:52:06,3.0,6.8,0.0,89.58,0.0,0.9,0.9,0.0,0.0,0.0
2025-08-11 10:52:07,2.2,6.8,0.0,89.58,0.0,1.56,1.56,0.0,0.0,0.0
2025-08-11 10:52:08,2.2,6.8,0.0,89.58,0.0,0.47,0.47,0.0,0.0,0.0
2025-08-11 10:52:09,1.8,6.8,0.0,89.58,0.0,2.44,2.44,0.0,0.0,0.0
2025-08-11 10:52:10,2.3,6.8,0.0,89.58,0.0,5.88,5.88,0.0,0.0,0.0
2025-08-11 10:52:11,1.7,6.8,0.0,89.58,0.0,1.77,1.77,0.0,0.0,0.0
2025-08-11 10:52:12,1.9,6.8,0.0,89.58,0.0,0.42,0.42,0.0,0.0,0.0
2025-08-11 10:52:13,1.6,6.8,0.0,89.58,0.0,0.77,0.77,0.0,0.0,0.0
2025-08-11 10:52:14,3.9,6.8,0.0,89.58,0.0,2.08,2.08,0.0,0.0,0.0
2025-08-11 10:52:15,2.7,6.8,0.0,89.58,0.0,0.96,0.96,0.0,0.0,0.0
2025-08-11 10:52:16,2.2,6.8,0.0,89.58,0.0,1.86,1.86,0.0,0.0,0.0
2025-08-11 10:52:17,1.9,6.8,0.0,89.58,0.0,0.92,0.92,0.0,0.0,0.0
2025-08-11 10:52:18,2.3,6.8,0.0,89.58,0.0,1.55,1.55,0.0,0.0,0.0
2025-08-11 10:52:19,2.6,6.8,0.0,89.58,0.0,2.02,2.02,0.0,0.0,0.0
2025-08-11 10:52:20,1.9,6.8,0.0,89.58,0.0,1.63,1.63,0.0,0.0,0.0
2025-08-11 10:52:21,4.5,6.8,0.0,89.58,0.0,8.43,8.43,0.0,0.0,0.0
2025-08-11 10:52:22,2.2,6.8,0.0,89.58,0.0,1.91,1.91,0.0,0.0,0.0
2025-08-11 10:52:23,2.2,6.8,0.0,89.58,0.0,0.79,0.79,0.0,0.0,0.0
2025-08-11 10:52:24,2.1,6.8,0.0,89.58,0.0,2.27,2.27,0.0,0.0,0.0
2025-08-11 10:52:25,2.5,6.8,0.0,89.58,0.0,0.93,0.93,0.0,0.0,0.0
2025-08-11 10:52:26,3.0,6.8,0.0,89.58,0.0,2.42,2.42,0.0,0.0,0.0
2025-08-11 10:52:27,1.8,6.8,0.0,89.58,0.0,0.84,0.84,0.0,0.0,0.0
2025-08-11 10:52:28,2.4,6.8,0.0,89.58,0.0,1.76,1.76,0.0,0.0,0.0
2025-08-11 10:52:29,1.9,6.8,0.0,89.58,0.0,2.08,2.08,0.0,0.0,0.0
2025-08-11 10:52:30,2.3,6.9,0.0,89.58,0.0,2.02,2.02,0.0,0.0,0.0
2025-08-11 10:52:31,1.8,6.8,0.0,89.58,0.0,1.21,1.21,0.0,0.0,0.0
2025-08-11 10:52:32,1.8,6.8,0.0,89.58,0.0,1.76,1.76,0.0,0.0,0.0
2025-08-11 10:52:33,3.1,6.8,0.0,89.58,0.0,1.14,1.14,0.0,0.0,0.0
2025-08-11 10:52:34,1.9,6.8,0.0,89.58,0.0,1.86,1.86,0.0,0.0,0.0
2025-08-11 10:52:35,2.9,6.8,0.0,89.58,0.0,2.26,2.26,0.0,0.0,0.0
2025-08-11 10:52:36,2.0,6.8,0.0,89.58,0.0,1.93,1.93,0.0,0.0,0.0
2025-08-11 10:52:37,2.5,6.8,0.0,89.58,0.0,1.27,1.27,0.0,0.0,0.0
2025-08-11 10:52:38,3.7,6.8,0.0,89.58,0.0,1.83,1.83,0.0,0.0,0.0
2025-08-11 10:52:39,3.9,6.8,0.0,89.58,0.0,0.89,0.89,0.0,0.0,0.0
2025-08-11 10:52:40,1.6,6.8,0.0,89.58,0.0,8.23,8.23,0.0,0.0,0.0
2025-08-11 10:52:41,3.8,6.8,0.0,89.58,0.0,0.87,0.87,0.0,0.0,0.0
2025-08-11 10:52:42,1.5,6.8,0.0,89.58,0.0,2.22,2.22,0.0,0.0,0.0
2025-08-11 10:52:43,1.8,6.8,0.0,89.58,0.0,0.85,0.85,0.0,0.0,0.0
2025-08-11 10:52:44,1.7,6.8,0.0,89.58,0.0,1.74,1.74,0.0,0.0,0.0
2025-08-11 10:52:45,2.4,6.8,0.0,89.58,0.0,1.12,1.12,0.0,0.0,0.0
2025-08-11 10:52:46,1.8,6.8,0.0,89.58,0.0,1.71,1.71,0.0,0.0,0.0
2025-08-11 10:52:47,1.5,6.8,0.0,89.58,0.0,0.59,0.59,0.0,0.0,0.0
2025-08-11 10:52:48,2.0,6.8,0.0,89.58,0.0,2.25,2.25,0.0,0.0,0.0
2025-08-11 10:52:49,3.1,6.8,0.0,89.58,0.0,0.9,0.9,0.0,0.0,0.0
2025-08-11 10:52:50,4.9,6.8,0.0,89.58,0.0,1.59,1.59,0.0,0.0,0.0
2025-08-11 10:52:51,3.5,6.8,0.0,89.58,0.0,1.0,1.0,0.0,0.0,0.0
2025-08-11 10:52:52,3.3,6.8,0.0,89.58,0.0,0.79,0.79,0.0,0.0,0.0
2025-08-11 10:52:53,2.8,6.8,0.0,89.58,0.0,1.93,1.93,0.0,0.0,0.0
2025-08-11 10:52:54,2.0,6.8,0.0,89.58,0.0,2.36,2.36,0.0,0.0,0.0
2025-08-11 10:52:55,3.2,6.8,0.0,89.58,0.0,0.44,0.44,0.0,0.0,0.0
2025-08-11 10:52:56,1.5,6.8,0.0,89.58,0.0,1.06,1.06,0.01,0.01,0.02
2025-08-11 10:52:57,1.9,6.8,0.0,89.58,0.0,1.79,1.79,0.0,0.0,0.0
2025-08-11 10:52:58,2.5,6.8,0.0,89.58,0.0,1.19,1.19,0.0,0.0,0.0
2025-08-11 10:52:59,3.9,6.8,0.0,89.58,0.0,1.8,1.8,0.01,0.01,0.02
2025-08-11 10:53:00,2.6,6.8,0.0,89.58,0.0,0.81,0.81,0.0,0.0,0.0
2025-08-11 10:53:01,1.9,6.8,0.0,89.58,0.0,1.66,1.66,0.0,0.01,0.01
2025-08-11 10:53:02,1.6,6.8,0.0,89.58,0.0,1.01,1.01,0.0,0.0,0.0
2025-08-11 10:53:03,3.6,6.8,0.0,89.58,0.0,1.73,1.73,0.0,0.0,0.0
2025-08-11 10:53:04,1.9,6.8,0.0,89.58,0.0,0.29,0.29,0.0,0.0,0.0
2025-08-11 10:53:05,1.9,6.8,0.0,89.58,0.0,0.81,0.81,0.0,0.0,0.0
2025-08-11 10:53:06,2.3,6.8,0.0,89.58,0.0,1.85,1.85,0.0,0.0,0.0
2025-08-11 10:53:07,4.3,6.8,0.0,89.58,0.0,0.89,0.89,0.0,0.0,0.0
2025-08-11 10:53:08,2.1,6.8,0.0,89.58,0.0,2.27,2.27,0.0,0.0,0.0
2025-08-11 10:53:09,2.1,6.8,0.0,89.58,0.0,0.84,0.84,0.0,0.0,0.0
2025-08-11 10:53:10,1.9,6.8,0.0,89.58,0.0,1.61,1.61,0.0,0.0,0.0
2025-08-11 10:53:11,2.6,6.8,0.0,89.58,0.0,5.42,5.42,0.0,0.0,0.0
2025-08-11 10:53:12,1.5,6.8,0.0,89.58,0.0,1.99,1.99,0.0,0.0,0.0
2025-08-11 10:53:13,1.8,6.8,0.0,89.58,0.0,1.43,1.43,0.0,0.0,0.0
2025-08-11 10:53:14,2.1,6.8,0.0,89.58,0.0,1.88,1.88,0.0,0.0,0.0
2025-08-11 10:53:15,2.0,6.8,0.0,89.58,0.0,0.87,0.87,0.0,0.0,0.0
2025-08-11 10:53:16,1.9,6.8,0.0,89.58,0.0,1.65,1.65,0.0,0.0,0.0
2025-08-11 10:53:17,2.5,6.8,0.0,89.58,0.0,0.92,0.92,0.0,0.0,0.0
2025-08-11 10:53:18,1.9,6.8,0.0,89.58,0.0,2.03,2.03,0.0,0.0,0.0
2025-08-11 10:53:19,2.2,6.8,0.0,89.58,0.0,0.9,0.9,0.0,0.0,0.0
2025-08-11 10:53:20,3.5,6.8,0.0,89.58,0.0,1.47,1.47,0.0,0.0,0.0
2025-08-11 10:53:21,1.9,6.8,0.0,89.58,0.0,8.39,8.39,0.0,0.0,0.0
2025-08-11 10:53:22,2.1,6.8,0.0,89.58,0.0,1.63,1.63,0.0,0.0,0.0
2025-08-11 10:53:23,2.1,6.8,0.0,89.58,0.0,1.47,1.47,0.0,0.0,0.0
2025-08-11 10:53:24,1.7,6.8,0.0,89.58,0.0,1.73,1.73,0.0,0.0,0.0
2025-08-11 10:53:25,2.9,6.8,0.0,89.58,0.0,0.8,0.8,0.0,0.0,0.0
2025-08-11 10:53:26,2.9,6.8,0.0,89.58,0.0,2.11,2.11,0.0,0.0,0.0
2025-08-11 10:53:27,2.1,6.8,0.0,89.58,0.0,0.22,0.22,0.0,0.0,0.0
2025-08-11 10:53:28,2.1,6.8,0.0,89.58,0.0,2.68,2.68,0.0,0.0,0.0
2025-08-11 10:53:29,2.5,6.8,0.0,89.58,0.0,0.23,0.23,0.0,0.0,0.0
2025-08-11 10:53:30,2.1,6.8,0.0,89.58,0.0,1.04,1.04,0.0,0.0,0.0
2025-08-11 10:53:31,1.9,6.8,0.0,89.58,0.0,1.77,1.77,0.0,0.0,0.0
2025-08-11 10:53:32,1.8,6.8,0.0,89.58,0.0,0.74,0.74,0.0,0.0,0.0
2025-08-11 10:53:33,2.2,6.8,0.0,89.58,0.0,2.1,2.1,0.0,0.0,0.0
2025-08-11 10:53:34,3.0,6.8,0.0,89.58,0.0,0.79,0.79,0.0,0.0,0.0
2025-08-11 10:53:35,3.9,6.8,0.0,89.58,0.0,1.96,1.96,0.0,0.0,0.0
2025-08-11 10:53:36,2.8,6.8,0.0,89.58,0.0,0.9,0.9,0.0,0.0,0.0
2025-08-11 10:53:37,2.5,6.8,0.0,89.58,0.0,1.69,1.69,0.0,0.0,0.0
2025-08-11 10:53:38,1.7,6.8,0.0,89.58,0.0,1.08,1.08,0.0,0.0,0.0
2025-08-11 10:53:39,2.5,6.8,0.0,89.58,0.0,1.92,1.92,0.0,0.0,0.0
2025-08-11 10:53:40,1.6,6.8,0.0,89.58,0.0,0.66,0.66,0.0,0.0,0.0
2025-08-11 10:53:41,2.5,6.8,0.0,89.58,0.0,1.81,1.81,0.0,0.0,0.0
2025-08-11 10:53:42,2.8,6.8,0.0,89.58,0.0,6.9,6.9,0.0,0.0,0.0
2025-08-11 10:53:43,3.5,6.8,0.0,89.58,0.0,2.07,2.07,0.0,0.0,0.0
2025-08-11 10:53:44,4.1,6.8,0.0,89.58,0.0,1.2,1.2,0.0,0.0,0.0
2025-08-11 10:53:45,3.0,6.8,0.0,89.58,0.0,1.84,1.84,0.0,0.0,0.01
2025-08-11 10:53:46,2.2,6.8,0.0,89.58,0.0,0.82,0.82,0.0,0.0,0.01
2025-08-11 10:53:47,2.3,6.8,0.0,89.58,0.0,1.74,1.74,0.0,0.01,0.02
2025-08-11 10:53:48,2.0,6.8,0.0,89.58,0.0,0.7,0.7,0.0,0.01,0.01
2025-08-11 10:53:49,3.0,6.8,0.0,89.58,0.0,2.22,2.22,0.0,0.0,0.01
2025-08-11 10:53:50,2.1,6.8,0.0,89.58,0.0,1.13,1.13,0.01,0.01,0.02
2025-08-11 10:53:51,2.0,6.8,0.0,89.58,0.0,1.8,1.8,0.01,0.02,0.03
2025-08-11 10:53:52,2.1,6.8,0.0,89.58,0.0,0.7,0.7,0.01,0.01,0.02
2025-08-11 10:53:53,1.9,6.8,0.0,89.58,0.0,1.84,1.84,0.0,0.0,0.0
2025-08-11 10:53:54,2.0,6.8,0.0,89.58,0.0,1.25,1.25,0.0,0.0,0.0
2025-08-11 10:53:55,2.4,6.8,0.0,89.58,0.0,2.16,2.16,0.0,0.0,0.0
2025-08-11 10:53:56,2.5,6.8,0.0,89.58,0.0,0.91,0.91,0.0,0.0,0.0
2025-08-11 10:53:57,1.9,6.8,0.0,89.58,0.0,1.74,1.74,0.0,0.0,0.0
2025-08-11 10:53:58,3.6,6.8,0.0,89.58,0.0,0.99,0.99,0.0,0.0,0.0
2025-08-11 10:53:59,2.0,6.8,0.0,89.58,0.0,1.78,1.78,0.0,0.0,0.0
2025-08-11 10:54:00,2.6,6.8,0.0,89.58,0.0,0.93,0.93,0.0,0.0,0.0
2025-08-11 10:54:01,3.9,6.8,0.0,89.58,0.0,1.87,1.87,0.0,0.01,0.01
2025-08-11 10:54:02,3.0,6.8,0.0,89.58,0.0,0.79,0.79,0.0,0.0,0.0
2025-08-11 10:54:03,3.5,6.8,0.0,89.58,0.0,1.92,1.92,0.0,0.0,0.0
2025-08-11 10:54:04,3.2,6.9,0.0,89.58,0.0,1.55,1.55,0.0,0.0,0.0
2025-08-11 10:54:05,3.0,6.9,0.0,89.58,0.0,1.55,1.55,0.0,0.0,0.0
2025-08-11 10:54:06,3.9,6.9,0.0,89.58,0.0,1.19,1.19,0.0,0.0,0.0
2025-08-11 10:54:07,4.1,6.9,0.0,89.58,0.0,1.5,1.5,0.0,0.0,0.0
2025-08-11 10:54:08,2.9,6.9,0.0,89.58,0.0,0.77,0.77,0.0,0.0,0.0
2025-08-11 10:54:09,2.5,6.9,0.0,89.58,0.0,1.6,1.6,0.0,0.0,0.0
2025-08-11 10:54:10,2.9,6.9,0.0,89.58,0.0,0.9,0.9,0.0,0.0,0.0
2025-08-11 10:54:11,2.9,6.9,0.0,89.58,0.0,1.2,1.2,0.0,0.0,0.0
2025-08-11 10:54:12,2.8,6.9,0.0,89.58,0.0,6.4,6.4,0.0,0.0,0.0
2025-08-11 10:54:13,2.6,6.9,0.0,89.58,0.0,0.95,0.95,0.0,0.0,0.0
2025-08-11 10:54:14,3.2,6.9,0.0,89.58,0.0,1.9,1.9,0.0,0.0,0.0
2025-08-11 10:54:15,3.8,6.9,0.0,89.58,0.0,1.32,1.32,0.0,0.01,0.01
2025-08-11 10:54:16,3.6,6.9,0.0,89.58,0.0,1.76,1.76,0.0,0.0,0.0
2025-08-11 10:54:17,2.8,6.9,0.0,89.58,0.0,1.12,1.12,0.0,0.0,0.0
2025-08-11 10:54:18,4.7,6.9,0.0,89.58,0.0,1.68,1.68,0.0,0.0,0.0
2025-08-11 10:54:20,4.2,6.9,0.0,89.58,0.0,0.79,0.79,0.0,0.0,0.0
2025-08-11 10:54:21,4.0,6.9,0.0,89.58,0.0,1.96,1.96,0.0,0.0,0.0
2025-08-11 10:54:22,4.1,6.9,0.0,89.58,0.0,8.21,8.21,0.0,0.0,0.0
2025-08-11 10:54:23,3.2,6.9,0.0,89.58,0.0,2.17,2.17,0.0,0.0,0.0
2025-08-11 10:54:24,2.3,6.9,0.0,89.58,0.0,0.84,0.84,0.0,0.0,0.0
2025-08-11 10:54:25,3.0,6.9,0.0,89.58,0.0,2.01,2.01,0.0,0.0,0.0
2025-08-11 10:54:26,3.1,6.9,0.0,89.58,0.0,1.43,1.43,0.0,0.0,0.0
2025-08-11 10:54:27,3.4,6.9,0.0,89.58,0.0,1.85,1.85,0.0,0.0,0.0
2025-08-11 10:54:28,2.4,6.9,0.0,89.58,0.0,0.94,0.94,0.0,0.0,0.0
2025-08-11 10:54:29,4.5,6.9,0.0,89.58,0.0,2.14,2.14,0.0,0.0,0.0
2025-08-11 10:54:30,3.8,6.9,0.0,89.58,0.0,0.63,0.63,0.0,0.0,0.0
2025-08-11 10:54:31,3.5,6.9,0.0,89.58,0.0,2.15,2.15,0.0,0.0,0.0
2025-08-11 10:54:32,2.7,6.9,0.0,89.58,0.0,0.98,0.98,0.0,0.0,0.0
2025-08-11 10:54:33,3.3,6.9,0.0,89.58,0.0,1.84,1.84,0.0,0.0,0.0
2025-08-11 10:54:34,4.5,6.9,0.0,89.58,0.0,1.24,1.24,0.0,0.0,0.0
2025-08-11 10:54:35,4.2,6.9,0.0,89.58,0.0,1.79,1.79,0.0,0.0,0.0
2025-08-11 10:54:36,2.7,6.9,0.0,89.58,0.0,1.24,1.24,0.0,0.0,0.0
2025-08-11 10:54:37,3.4,6.9,0.0,89.58,0.0,1.91,1.91,0.0,0.0,0.0
2025-08-11 10:54:38,4.6,6.9,0.0,89.58,0.0,0.76,0.76,0.0,0.0,0.0
2025-08-11 10:54:39,2.8,6.9,0.0,89.58,0.0,2.22,2.22,0.0,0.0,0.0
2025-08-11 10:54:40,7.3,6.9,0.0,89.58,0.0,0.69,0.69,0.0,0.0,0.0
2025-08-11 10:54:41,3.0,6.9,0.0,89.58,0.0,2.12,2.12,0.0,0.0,0.0
2025-08-11 10:54:42,2.6,6.9,0.0,89.58,0.0,0.63,0.63,0.0,0.0,0.0
2025-08-11 10:54:43,2.8,6.9,0.0,89.58,0.0,2.01,2.01,0.0,0.0,0.0
2025-08-11 10:54:44,2.7,6.9,0.0,89.58,0.0,8.09,8.09,0.01,0.01,0.02
2025-08-11 10:54:45,2.6,6.9,98.0,89.58,0.0,2.25,2.25,0.0,0.0,0.0
2025-08-11 10:54:46,3.0,6.9,98.0,89.58,0.0,1.52,1.52,0.0,0.0,0.0
2025-08-11 10:54:47,2.9,6.9,98.0,89.58,0.0,1.84,1.84,0.0,0.0,0.0
2025-08-11 10:54:48,3.0,6.9,97.0,89.58,0.0,0.82,0.82,0.0,0.0,0.0
2025-08-11 10:54:49,2.8,6.9,97.0,89.58,0.0,1.55,1.55,0.0,0.0,0.0
2025-08-11 10:54:50,3.1,6.9,97.0,89.58,0.0,1.16,1.16,0.0,0.0,0.0
2025-08-11 10:54:51,2.8,6.9,97.0,89.58,0.0,1.77,1.77,0.0,0.0,0.0
2025-08-11 10:54:52,3.2,6.9,98.0,89.58,0.0,0.9,0.9,0.0,0.0,0.0
2025-08-11 10:54:53,2.6,6.9,98.0,89.58,0.0,1.62,1.62,0.0,0.0,0.0
2025-08-11 10:54:54,2.6,6.9,98.0,89.58,0.0,0.92,0.92,0.0,0.0,0.0
2025-08-11 10:54:55,3.3,6.9,98.0,89.58,0.0,1.89,1.89,0.0,0.0,0.0
2025-08-11 10:54:56,2.9,6.9,98.0,89.58,0.0,1.36,1.36,0.0,0.0,0.0
2025-08-11 10:54:57,2.7,6.9,98.0,89.58,0.0,1.63,1.63,0.0,0.0,0.0
2025-08-11 10:54:58,3.4,6.9,97.0,89.58,0.0,1.0,1.0,0.0,0.0,0.0
2025-08-11 10:54:59,2.7,6.9,97.0,89.58,0.0,0.1,0.1,0.0,0.0,0.0
2025-08-11 10:55:00,3.4,6.9,98.0,89.58,0.0,2.1,2.1,0.0,0.0,0.0
2025-08-11 10:55:01,2.5,6.9,98.0,89.58,0.0,0.78,0.78,0.0,0.0,0.01
2025-08-11 10:55:02,3.9,6.9,98.0,89.58,0.0,2.05,2.05,0.0,0.0,0.0
2025-08-11 10:55:03,2.7,6.9,97.0,89.58,0.0,0.81,0.81,0.0,0.0,0.0
2025-08-11 10:55:04,3.7,6.9,98.0,89.58,0.0,2.04,2.04,0.0,0.0,0.0
2025-08-11 10:55:05,5.8,6.9,97.0,89.58,0.0,1.28,1.28,0.0,0.0,0.0
2025-08-11 10:55:06,3.6,6.9,97.0,89.58,0.0,1.75,1.75,0.01,0.0,0.01
2025-08-11 10:55:07,3.2,6.9,97.0,89.58,0.0,1.33,1.33,0.0,0.0,0.0
2025-08-11 10:55:08,3.7,6.9,98.0,89.58,0.0,1.73,1.73,0.0,0.0,0.0
2025-08-11 10:55:09,3.5,6.9,98.0,89.58,0.0,0.75,0.75,0.0,0.0,0.0
2025-08-11 10:55:10,2.7,6.9,98.0,89.58,0.0,1.84,1.84,0.0,0.0,0.0
2025-08-11 10:55:11,2.5,6.9,98.0,89.58,0.0,0.96,0.96,0.0,0.0,0.0
2025-08-11 10:55:12,2.9,6.9,98.0,89.58,0.0,1.84,1.84,0.0,0.0,0.0
2025-08-11 10:55:13,2.4,6.9,98.0,89.58,0.0,1.25,1.25,0.0,0.0,0.0
2025-08-11 10:55:14,4.4,6.9,96.0,89.58,0.0,6.88,6.88,0.01,0.0,0.01
2025-08-11 10:55:15,3.4,6.9,97.0,89.58,0.0,0.97,0.97,0.0,0.01,0.01
2025-08-11 10:55:16,2.7,6.9,97.0,89.58,0.0,2.17,2.17,0.0,0.0,0.0
2025-08-11 10:55:17,3.3,6.9,98.0,89.58,0.0,0.93,0.93,0.0,0.0,0.0
2025-08-11 10:55:18,2.4,6.9,98.0,89.58,0.0,1.98,1.98,0.01,0.0,0.01
2025-08-11 10:55:19,2.8,6.9,98.0,89.58,0.0,1.05,1.05,0.0,0.0,0.0
2025-08-11 10:55:20,3.2,6.9,98.0,89.58,0.0,1.92,1.92,0.0,0.0,0.0
2025-08-11 10:55:21,2.6,6.9,98.0,89.58,0.0,0.97,0.97,0.01,0.0,0.01
2025-08-11 10:55:22,2.5,6.9,0.0,89.58,0.0,7.18,7.18,0.0,0.0,0.0
2025-08-11 10:55:23,2.5,6.9,0.0,89.58,0.0,2.82,2.82,0.0,0.0,0.0
2025-08-11 10:55:24,2.5,6.9,0.0,89.58,0.0,0.75,0.75,0.0,0.0,0.0
2025-08-11 10:55:25,4.9,6.9,0.0,89.58,0.0,1.73,1.73,0.0,0.0,0.0
2025-08-11 10:55:26,3.7,6.9,0.0,89.58,0.0,0.48,0.48,0.0,0.0,0.0
2025-08-11 10:55:27,2.8,6.9,0.0,89.58,0.0,2.29,2.29,0.0,0.0,0.0
2025-08-11 10:55:28,3.9,6.9,0.0,89.58,0.0,1.38,1.38,0.0,0.0,0.0
2025-08-11 10:55:29,2.4,6.9,0.0,89.58,0.0,1.61,1.61,0.0,0.0,0.0
2025-08-11 10:55:30,2.9,6.9,0.0,89.58,0.0,1.05,1.05,0.0,0.0,0.0
2025-08-11 10:55:31,2.9,6.9,0.0,89.58,0.0,1.84,1.84,0.0,0.0,0.0
2025-08-11 10:55:32,2.9,6.9,0.0,89.58,0.0,1.28,1.28,0.0,0.0,0.0
2025-08-11 10:55:33,3.9,6.9,0.0,89.58,0.0,1.69,1.69,0.0,0.0,0.0
2025-08-11 10:55:34,2.6,6.9,0.0,89.58,0.0,0.28,0.28,0.0,0.0,0.0
2025-08-11 10:55:35,3.0,6.9,0.0,89.58,0.0,2.19,2.19,0.0,0.0,0.0
2025-08-11 10:55:36,2.8,6.9,0.0,89.58,0.0,0.3,0.3,0.0,0.0,0.0
2025-08-11 10:55:37,4.3,6.9,0.0,89.58,0.0,2.2,2.2,0.0,0.0,0.0
2025-08-11 10:55:38,2.8,6.9,0.0,89.58,0.0,0.44,0.44,0.0,0.0,0.0
2025-08-11 10:55:39,2.7,6.9,0.0,89.58,0.0,2.57,2.57,0.0,0.0,0.0
2025-08-11 10:55:40,2.7,6.9,0.0,89.58,0.0,0.36,0.36,0.0,0.0,0.0
2025-08-11 10:55:41,2.3,6.9,0.0,89.58,0.0,2.05,2.05,0.0,0.0,0.0
2025-08-11 10:55:42,3.1,6.9,0.0,89.58,0.0,0.39,0.39,0.0,0.0,0.0
2025-08-11 10:55:43,2.6,6.9,0.0,89.58,0.0,1.11,1.11,0.0,0.0,0.0
2025-08-11 10:55:44,3.0,6.9,0.0,89.58,0.0,2.17,2.17,0.0,0.0,0.0
2025-08-11 10:55:45,2.5,6.9,0.0,89.58,0.0,7.39,7.39,0.0,0.0,0.0
2025-08-11 10:55:46,2.7,6.9,0.0,89.58,0.0,1.82,1.82,0.0,0.0,0.0
2025-08-11 10:55:47,2.8,6.9,0.0,89.58,0.0,0.93,0.93,0.0,0.0,0.0
2025-08-11 10:55:48,2.9,6.9,0.0,89.58,0.0,1.84,1.84,0.0,0.0,0.0
2025-08-11 10:55:49,3.3,6.9,0.0,89.58,0.0,1.0,1.0,0.0,0.0,0.0
2025-08-11 10:55:50,4.6,6.9,0.0,89.58,0.0,2.13,2.13,0.0,0.0,0.0
2025-08-11 10:55:51,2.6,6.9,0.0,89.58,0.0,0.72,0.72,0.0,0.0,0.0
2025-08-11 10:55:52,2.7,6.9,0.0,89.58,0.0,1.7,1.7,0.0,0.0,0.0
2025-08-11 10:55:53,2.5,6.9,0.0,89.58,0.0,0.84,0.84,0.0,0.0,0.0
2025-08-11 10:55:54,2.5,6.9,0.0,89.58,0.0,1.97,1.97,0.0,0.0,0.0
2025-08-11 10:55:55,2.9,6.9,0.0,89.58,0.0,1.24,1.24,0.0,0.0,0.0
2025-08-11 10:55:56,3.0,6.9,0.0,89.58,0.0,1.94,1.94,0.0,0.0,0.0
2025-08-11 10:55:57,2.5,6.9,0.0,89.58,0.0,0.77,0.77,0.0,0.0,0.0
2025-08-11 10:55:58,5.6,6.9,0.0,89.58,0.0,1.71,1.71,0.0,0.0,0.0
2025-08-11 10:55:59,5.1,6.9,0.0,89.58,0.0,0.97,0.97,0.0,0.0,0.0
2025-08-11 10:56:00,4.0,6.9,0.0,89.58,0.0,2.33,2.33,0.0,0.0,0.0
2025-08-11 10:56:01,3.5,6.9,0.0,89.58,0.0,0.79,0.79,0.0,0.0,0.0
2025-08-11 10:56:02,2.9,6.9,0.0,89.58,0.0,1.67,1.67,0.0,0.0,0.0
2025-08-11 10:56:03,3.0,6.9,0.0,89.58,0.0,0.88,0.88,0.0,0.0,0.0
2025-08-11 10:56:04,2.7,6.9,0.0,89.58,0.0,1.65,1.65,0.0,0.0,0.0
2025-08-11 10:56:05,2.8,6.9,0.0,89.58,0.0,1.94,1.94,0.0,0.0,0.0
2025-08-11 10:56:06,4.8,6.9,0.0,89.58,0.0,1.65,1.65,0.0,0.0,0.0
2025-08-11 10:56:07,5.0,6.9,0.0,89.58,0.0,1.14,1.14,0.0,0.0,0.0
2025-08-11 10:56:08,4.0,6.9,0.0,89.58,0.0,1.59,1.59,0.0,0.0,0.0
2025-08-11 10:56:09,2.9,6.9,0.0,89.58,0.0,0.7,0.7,0.0,0.0,0.0
2025-08-11 10:56:10,2.7,6.9,0.0,89.58,0.0,2.03,2.03,0.0,0.0,0.0
2025-08-11 10:56:11,3.2,6.9,0.0,89.58,0.0,0.77,0.77,0.0,0.0,0.0
2025-08-11 10:56:12,2.9,6.9,0.0,89.58,0.0,1.55,1.55,0.0,0.0,0.0
2025-08-11 10:56:13,2.8,6.9,0.0,89.58,0.0,0.36,0.36,0.0,0.0,0.0
2025-08-11 10:56:14,2.4,6.9,0.0,89.58,0.0,2.2,2.2,0.0,0.0,0.0
2025-08-11 10:56:15,3.5,6.9,0.0,89.58,0.0,6.3,6.3,0.0,0.0,0.0
2025-08-11 10:56:16,3.6,6.9,0.0,89.58,0.0,1.58,1.58,0.0,0.0,0.0
2025-08-11 10:56:17,4.5,6.9,0.0,89.58,0.0,0.66,0.66,0.0,0.0,0.0
2025-08-11 10:56:18,2.8,6.9,0.0,89.58,0.0,2.32,2.32,0.0,0.0,0.0
2025-08-11 10:56:19,2.5,6.9,0.0,89.58,0.0,0.31,0.31,0.0,0.0,0.0
2025-08-11 10:56:20,3.1,6.9,0.0,89.58,0.0,1.24,1.24,0.0,0.0,0.0
2025-08-11 10:56:21,2.1,6.9,0.0,89.58,0.0,0.29,0.29,0.0,0.0,0.0
2025-08-11 10:56:22,3.6,6.9,0.0,89.58,0.0,9.46,9.46,0.0,0.0,0.0
2025-08-11 10:56:23,2.7,6.9,0.0,89.58,0.0,1.2,1.2,0.0,0.0,0.0
2025-08-11 10:56:24,2.5,6.9,0.0,89.58,0.0,1.98,1.98,0.0,0.0,0.0
2025-08-11 10:56:25,3.1,6.9,0.0,89.58,0.0,1.49,1.49,0.0,0.0,0.0
2025-08-11 10:56:26,1.9,6.9,0.0,89.58,0.0,1.98,1.98,0.0,0.0,0.0
2025-08-11 10:56:27,2.0,6.9,0.0,89.58,0.0,0.84,0.84,0.0,0.0,0.0
2025-08-11 10:56:28,3.1,6.9,0.0,89.58,0.0,1.83,1.83,0.0,0.0,0.0
2025-08-11 10:56:29,1.8,6.9,0.0,89.58,0.0,0.73,0.73,0.0,0.0,0.0
2025-08-11 10:56:30,1.9,6.9,0.0,89.58,0.0,1.78,1.78,0.0,0.0,0.0
2025-08-11 10:56:31,1.8,6.9,0.0,89.58,0.0,1.67,1.67,0.0,0.0,0.0
2025-08-11 10:56:32,1.8,6.9,0.0,89.58,0.0,1.94,1.94,0.0,0.0,0.0
2025-08-11 10:56:33,1.8,6.9,0.0,89.58,0.0,1.02,1.02,0.0,0.0,0.0
2025-08-11 10:56:34,3.7,6.9,0.0,89.58,0.0,1.74,1.74,0.0,0.0,0.0
2025-08-11 10:56:35,2.9,6.9,0.0,89.58,0.0,1.02,1.02,0.0,0.0,0.0
2025-08-11 10:56:36,2.8,6.9,0.0,89.58,0.0,2.3,2.3,0.0,0.0,0.0
2025-08-11 10:56:37,3.6,6.9,0.0,89.58,0.0,1.13,1.13,0.0,0.0,0.0
2025-08-11 10:56:38,2.3,6.9,0.0,89.58,0.0,1.8,1.8,0.0,0.0,0.0
2025-08-11 10:56:39,2.0,6.9,0.0,89.58,0.0,0.77,0.77,0.0,0.0,0.0
2025-08-11 10:56:40,3.8,6.9,0.0,89.58,0.0,1.75,1.75,0.0,0.0,0.0
2025-08-11 10:56:41,1.7,6.9,0.0,89.58,0.0,1.09,1.09,0.0,0.0,0.0
2025-08-11 10:56:42,1.7,6.9,0.0,89.58,0.0,1.99,1.99,0.0,0.0,0.0
2025-08-11 10:56:43,2.6,6.9,0.0,89.58,0.0,1.07,1.07,0.0,0.0,0.0
2025-08-11 10:56:44,3.3,6.9,0.0,89.58,0.0,1.8,1.8,0.0,0.0,0.0
2025-08-11 10:56:45,3.7,6.9,0.0,89.58,0.0,0.84,0.84,0.0,0.0,0.0
2025-08-11 10:56:46,1.6,6.9,0.0,89.58,0.0,7.91,7.91,0.0,0.0,0.0
2025-08-11 10:56:47,2.5,6.9,0.0,89.58,0.0,1.14,1.14,0.0,0.0,0.0
2025-08-11 10:56:48,2.1,6.9,0.0,89.58,0.0,2.02,2.02,0.0,0.0,0.0
2025-08-11 10:56:49,1.7,6.9,0.0,89.58,0.0,0.75,0.75,0.0,0.0,0.0
2025-08-11 10:56:50,1.9,6.9,0.0,89.58,0.0,1.66,1.66,0.0,0.0,0.0
2025-08-11 10:56:51,1.9,6.9,0.0,89.58,0.0,0.91,0.91,0.0,0.0,0.0
2025-08-11 10:56:52,2.1,6.9,0.0,89.58,0.0,2.2,2.2,0.0,0.0,0.0
2025-08-11 10:56:53,1.7,6.9,0.0,89.58,0.0,0.93,0.93,0.0,0.0,0.0
2025-08-11 10:56:54,1.4,6.9,0.0,89.58,0.0,1.57,1.57,0.0,0.0,0.0
2025-08-11 10:56:55,2.9,6.9,0.0,89.58,0.0,1.05,1.05,0.0,0.0,0.0
2025-08-11 10:56:56,1.7,6.9,0.0,89.58,0.0,1.59,1.59,0.0,0.0,0.0
2025-08-11 10:56:57,2.2,6.9,0.0,89.58,0.0,1.25,1.25,0.0,0.0,0.0
2025-08-11 10:56:58,2.9,6.9,0.0,89.58,0.0,1.88,1.88,0.0,0.0,0.0
2025-08-11 10:56:59,1.7,6.9,0.0,89.58,0.0,0.36,0.36,0.0,0.0,0.0
2025-08-11 10:57:00,1.9,6.9,0.0,89.58,0.0,0.65,0.65,0.0,0.0,0.0
2025-08-11 10:57:01,2.2,6.9,0.0,89.58,0.0,1.71,1.71,0.0,0.0,0.0
2025-08-11 10:57:02,1.8,6.9,0.0,89.58,0.0,0.88,0.88,0.0,0.0,0.0
2025-08-11 10:57:03,2.3,6.9,0.0,89.58,0.0,2.36,2.36,0.0,0.0,0.0
2025-08-11 10:57:04,1.8,6.9,0.0,89.58,0.0,1.07,1.07,0.0,0.0,0.0
2025-08-11 10:57:05,3.7,6.9,0.0,89.58,0.0,1.72,1.72,0.0,0.0,0.0
2025-08-11 10:57:06,1.5,6.9,0.0,89.58,0.0,0.78,0.78,0.0,0.0,0.0
2025-08-11 10:57:07,4.9,6.9,0.0,89.58,0.0,1.65,1.65,0.0,0.0,0.0
2025-08-11 10:57:08,3.2,6.9,0.0,89.58,0.0,1.36,1.36,0.0,0.0,0.0
2025-08-11 10:57:09,2.8,6.9,0.0,89.58,0.0,1.94,1.94,0.0,0.0,0.0
2025-08-11 10:57:10,1.5,6.9,0.0,89.58,0.0,0.64,0.64,0.0,0.0,0.0
2025-08-11 10:57:11,2.6,6.9,0.0,89.58,0.0,1.86,1.86,0.0,0.0,0.0
2025-08-11 10:57:13,1.5,6.9,0.0,89.58,0.0,0.85,0.85,0.0,0.0,0.0
2025-08-11 10:57:14,1.9,6.9,0.0,89.58,0.0,2.24,2.24,0.0,0.0,0.0
2025-08-11 10:57:15,1.8,6.9,0.0,89.58,0.0,0.9,0.9,0.0,0.0,0.0
2025-08-11 10:57:16,2.2,6.9,0.0,89.58,0.0,1.9,1.9,0.0,0.0,0.0
2025-08-11 10:57:17,1.7,6.9,0.0,89.58,0.0,5.42,5.42,0.0,0.0,0.0
2025-08-11 10:57:18,2.3,6.9,0.0,89.58,0.0,1.66,1.66,0.0,0.0,0.0
2025-08-11 10:57:19,2.5,6.9,0.0,89.58,0.0,0.86,0.86,0.0,0.0,0.0
2025-08-11 10:57:20,4.0,6.9,0.0,89.58,0.0,2.41,2.41,0.0,0.0,0.0
2025-08-11 10:57:21,3.3,6.9,0.0,89.58,0.0,0.85,0.85,0.0,0.0,0.0
2025-08-11 10:57:22,2.4,6.9,0.0,89.58,0.0,1.75,1.75,0.0,0.0,0.0
2025-08-11 10:57:23,3.2,6.9,0.0,89.58,0.0,7.98,7.98,0.0,0.0,0.0
2025-08-11 10:57:24,1.8,6.9,0.0,89.58,0.0,2.13,2.13,0.0,0.0,0.0
2025-08-11 10:57:25,1.9,6.9,0.0,89.58,0.0,1.42,1.42,0.0,0.0,0.0
2025-08-11 10:57:26,2.3,6.9,0.0,89.58,0.0,2.09,2.09,0.0,0.0,0.0
2025-08-11 10:57:27,1.7,6.9,0.0,89.58,0.0,0.95,0.95,0.0,0.0,0.0
2025-08-11 10:57:28,1.9,6.9,0.0,89.58,0.0,1.67,1.67,0.0,0.0,0.0
2025-08-11 10:57:29,4.6,6.9,0.0,89.58,0.0,0.97,0.97,0.0,0.0,0.0
2025-08-11 10:57:30,2.9,6.9,0.0,89.58,0.0,2.05,2.05,0.0,0.0,0.0
2025-08-11 10:57:31,2.0,6.9,0.0,89.58,0.0,1.23,1.23,0.0,0.0,0.0
2025-08-11 10:57:32,2.0,6.9,0.0,89.58,0.0,1.77,1.77,0.0,0.0,0.0
2025-08-11 10:57:33,2.1,6.9,0.0,89.58,0.0,0.99,0.99,0.0,0.0,0.0
2025-08-11 10:57:34,1.7,6.9,0.0,89.58,0.0,1.7,1.7,0.0,0.0,0.0
2025-08-11 10:57:35,2.6,6.9,0.0,89.58,0.0,0.54,0.54,0.0,0.0,0.0
2025-08-11 10:57:36,2.9,6.9,0.0,89.58,0.0,2.76,2.76,0.0,0.0,0.0
2025-08-11 10:57:37,3.2,6.9,0.0,89.58,0.0,1.02,1.02,0.0,0.0,0.0
2025-08-11 10:57:38,3.6,6.9,0.0,89.58,0.0,1.5,1.5,0.0,0.0,0.0
2025-08-11 10:57:39,3.1,6.9,0.0,89.58,0.0,0.99,0.99,0.0,0.0,0.0
2025-08-11 10:57:40,2.4,6.9,0.0,89.58,0.0,1.48,1.48,0.0,0.0,0.0
2025-08-11 10:57:41,2.9,6.9,0.0,89.58,0.0,0.98,0.98,0.0,0.0,0.0
2025-08-11 10:57:42,2.1,6.9,0.0,89.58,0.0,2.07,2.07,0.0,0.0,0.0
2025-08-11 10:57:43,2.8,6.9,0.0,89.58,0.0,0.36,0.36,0.0,0.0,0.0
2025-08-11 10:57:44,2.1,6.9,0.0,89.58,0.0,1.64,1.64,0.0,0.0,0.0
2025-08-11 10:57:45,2.6,6.9,0.0,89.58,0.0,1.74,1.74,0.0,0.0,0.0
2025-08-11 10:57:46,2.1,6.9,0.0,89.58,0.0,1.09,1.09,0.0,0.0,0.0
2025-08-11 10:57:47,2.4,6.8,0.0,89.58,0.0,1.77,1.77,0.0,0.0,0.0
2025-08-11 10:57:48,2.6,6.8,0.0,89.58,0.0,7.16,7.16,0.0,0.0,0.0
2025-08-11 10:57:49,3.0,6.8,0.0,89.58,0.0,1.54,1.54,0.0,0.0,0.0
2025-08-11 10:57:50,2.2,6.8,0.0,89.58,0.0,0.96,0.96,0.0,0.0,0.0
2025-08-11 10:57:51,2.9,6.8,0.0,89.58,0.0,2.08,2.08,0.0,0.0,0.0
2025-08-11 10:57:52,2.5,6.8,0.0,89.58,0.0,1.09,1.09,0.0,0.0,0.0
2025-08-11 10:57:53,2.8,6.8,0.0,89.58,0.0,1.89,1.89,0.0,0.0,0.0
2025-08-11 10:57:54,2.2,6.8,0.0,89.58,0.0,0.86,0.86,0.0,0.0,0.0
2025-08-11 10:57:55,3.0,6.8,0.0,89.58,0.0,1.74,1.74,0.0,0.0,0.0
2025-08-11 10:57:56,2.2,6.8,0.0,89.58,0.0,0.84,0.84,0.0,0.0,0.0
2025-08-11 10:57:57,2.6,6.8,0.0,89.58,0.0,2.11,2.11,0.0,0.0,0.0
2025-08-11 10:57:58,2.8,6.8,0.0,89.58,0.0,1.19,1.19,0.0,0.0,0.0
2025-08-11 10:57:59,6.0,6.8,0.0,89.58,0.0,1.7,1.7,0.0,0.0,0.0
2025-08-11 10:58:00,3.8,6.7,0.0,89.58,0.0,0.69,0.69,0.0,0.0,0.0
2025-08-11 10:58:01,2.3,6.7,0.0,89.58,0.0,1.94,1.94,0.0,0.0,0.0
2025-08-11 10:58:02,2.3,6.7,0.0,89.58,0.0,1.05,1.05,0.0,0.0,0.0
2025-08-11 10:58:03,2.7,6.7,0.0,89.58,0.0,1.9,1.9,0.0,0.0,0.0
2025-08-11 10:58:04,3.2,6.7,0.0,89.58,0.0,0.85,0.85,0.0,0.0,0.0
2025-08-11 10:58:05,4.3,6.7,0.0,89.58,0.0,2.07,2.07,0.0,0.0,0.0
2025-08-11 10:58:06,4.3,6.7,0.0,89.58,0.0,0.84,0.84,0.0,0.0,0.0
2025-08-11 10:58:07,2.6,6.7,0.0,89.58,0.0,2.13,2.13,0.0,0.0,0.0
2025-08-11 10:58:08,4.4,6.6,0.0,89.58,0.0,0.93,0.93,0.0,0.0,0.0
2025-08-11 10:58:09,2.7,6.6,0.0,89.58,0.0,1.9,1.9,0.0,0.0,0.0
2025-08-11 10:58:10,2.7,6.6,0.0,89.58,0.0,0.92,0.92,0.0,0.0,0.0
2025-08-11 10:58:11,2.4,6.6,0.0,89.58,0.0,1.66,1.66,0.0,0.0,0.0
2025-08-11 10:58:12,2.7,6.6,0.0,89.58,0.0,1.1,1.1,0.0,0.0,0.0
2025-08-11 10:58:13,2.3,6.6,0.0,89.58,0.0,1.68,1.68,0.0,0.0,0.0
2025-08-11 10:58:14,3.9,6.6,0.0,89.58,0.0,1.16,1.16,0.0,0.0,0.0
2025-08-11 10:58:15,3.2,6.6,0.0,89.58,0.0,1.61,1.61,0.0,0.0,0.0
2025-08-11 10:58:16,2.8,6.6,0.0,89.58,0.0,1.06,1.06,0.0,0.0,0.0
2025-08-11 10:58:17,2.5,6.6,0.0,89.58,0.0,1.95,1.95,0.0,0.0,0.0
2025-08-11 10:58:18,2.8,6.6,0.0,89.58,0.0,5.32,5.32,0.0,0.0,0.0
2025-08-11 10:58:19,2.5,6.6,0.0,89.58,0.0,0.79,0.79,0.0,0.0,0.0
2025-08-11 10:58:20,1.9,6.6,0.0,89.58,0.0,1.93,1.93,0.0,0.0,0.0
2025-08-11 10:58:21,1.4,6.6,0.0,89.58,0.0,0.76,0.76,0.0,0.0,0.0
2025-08-11 10:58:22,2.0,6.6,0.0,89.58,0.0,2.09,2.09,0.0,0.0,0.0
2025-08-11 10:58:23,1.8,6.6,0.0,89.58,0.0,8.26,8.26,0.0,0.0,0.0
2025-08-11 10:58:24,1.8,6.6,0.0,89.58,0.0,1.92,1.92,0.0,0.0,0.0
2025-08-11 10:58:25,2.0,6.6,0.0,89.58,0.0,1.14,1.14,0.0,0.0,0.0
2025-08-11 10:58:26,3.3,6.6,0.0,89.58,0.0,1.91,1.91,0.0,0.0,0.0
2025-08-11 10:58:27,2.0,6.6,0.0,89.58,0.0,1.28,1.28,0.0,0.0,0.0
2025-08-11 10:58:28,2.0,6.6,0.0,89.58,0.0,1.93,1.93,0.0,0.0,0.0
2025-08-11 10:58:29,2.9,6.6,0.0,89.58,0.0,0.78,0.78,0.0,0.0,0.0
2025-08-11 10:58:30,1.6,6.6,0.0,89.58,0.0,1.96,1.96,0.0,0.0,0.0
2025-08-11 10:58:31,1.1,6.6,0.0,89.58,0.0,0.67,0.67,0.0,0.0,0.0
2025-08-11 10:58:32,3.0,6.6,0.0,89.58,0.0,1.8,1.8,0.0,0.0,0.0
2025-08-11 10:58:33,1.7,6.6,0.0,89.58,0.0,1.4,1.4,0.0,0.0,0.0
2025-08-11 10:58:34,2.0,6.6,0.0,89.58,0.0,1.62,1.62,0.0,0.0,0.0
2025-08-11 10:58:35,1.9,6.6,0.0,89.58,0.0,1.12,1.12,0.0,0.0,0.0
2025-08-11 10:58:36,2.1,6.6,0.0,89.58,0.0,1.75,1.75,0.0,0.0,0.0
2025-08-11 10:58:37,1.9,6.6,0.0,89.58,0.0,1.13,1.13,0.0,0.0,0.0
2025-08-11 10:58:38,3.2,6.6,0.0,89.58,0.0,2.15,2.15,0.0,0.0,0.0
2025-08-11 10:58:39,3.0,6.6,0.0,89.58,0.0,0.89,0.89,0.0,0.0,0.0
2025-08-11 10:58:40,2.0,6.6,0.0,89.58,0.0,1.65,1.65,0.0,0.0,0.0
2025-08-11 10:58:41,3.4,6.6,0.0,89.58,0.0,1.14,1.14,0.0,0.0,0.0
2025-08-11 10:58:42,2.1,6.6,0.0,89.58,0.0,1.56,1.56,0.0,0.0,0.0
2025-08-11 10:58:43,1.8,6.6,0.0,89.58,0.0,1.26,1.26,0.0,0.0,0.0
2025-08-11 10:58:44,1.6,6.6,0.0,89.58,0.0,1.86,1.86,0.0,0.0,0.0
2025-08-11 10:58:45,2.3,6.6,0.0,89.58,0.0,0.95,0.95,0.0,0.0,0.0
2025-08-11 10:58:46,2.0,6.6,0.0,89.58,0.0,2.11,2.11,0.0,0.0,0.0
2025-08-11 10:58:47,1.5,6.6,0.0,89.58,0.0,1.0,1.0,0.0,0.0,0.0
2025-08-11 10:58:48,1.6,6.6,0.0,89.58,0.0,2.29,2.29,0.0,0.0,0.0
2025-08-11 10:58:49,4.4,6.6,0.0,89.58,0.0,7.21,7.21,0.0,0.0,0.0
2025-08-11 10:58:50,4.5,6.6,0.0,89.58,0.0,1.82,1.82,0.0,0.0,0.0
2025-08-11 10:58:51,3.4,6.6,0.0,89.58,0.0,0.73,0.73,0.0,0.0,0.0
2025-08-11 10:58:52,2.2,6.6,0.0,89.58,0.0,1.82,1.82,0.0,0.0,0.0
2025-08-11 10:58:53,2.4,6.6,0.0,89.58,0.0,1.63,1.63,0.0,0.0,0.0
2025-08-11 10:58:54,1.5,6.6,0.0,89.58,0.0,1.62,1.62,0.0,0.0,0.0
2025-08-11 10:58:55,2.7,6.6,0.0,89.58,0.0,0.97,0.97,0.0,0.0,0.0
2025-08-11 10:58:56,1.4,6.6,0.0,89.58,0.0,1.87,1.87,0.0,0.0,0.0
2025-08-11 10:58:57,1.7,6.6,0.0,89.58,0.0,0.36,0.36,0.0,0.0,0.0
2025-08-11 10:58:58,2.6,6.6,0.0,89.58,0.0,2.86,2.86,0.0,0.0,0.0
2025-08-11 10:58:59,5.0,6.6,0.0,89.97,0.0,0.38,0.38,0.01,0.01,0.02
2025-08-11 10:59:00,3.0,6.6,98.0,89.97,0.0,1.97,1.97,0.01,0.01,0.01
2025-08-11 10:59:01,3.4,6.6,97.0,89.97,0.0,0.98,0.98,0.0,0.0,0.0
2025-08-11 10:59:02,2.5,6.6,98.0,89.97,0.0,1.49,1.49,0.0,0.0,0.0
2025-08-11 10:59:03,2.8,6.6,97.0,89.97,0.0,0.57,0.57,0.0,0.0,0.0
2025-08-11 10:59:04,3.8,6.6,98.0,89.97,0.0,1.35,1.35,0.0,0.0,0.0
2025-08-11 10:59:05,2.9,6.6,98.0,89.97,0.0,1.87,1.87,0.0,0.0,0.0
2025-08-11 10:59:06,2.3,6.6,98.0,89.97,0.0,1.05,1.05,0.0,0.0,0.0
2025-08-11 10:59:07,4.8,6.6,97.0,89.97,0.0,1.56,1.56,0.0,0.0,0.0
2025-08-11 10:59:08,2.0,6.6,98.0,89.97,0.0,1.22,1.22,0.0,0.0,0.0
2025-08-11 10:59:09,3.8,6.6,97.0,89.97,0.0,2.2,2.2,0.0,0.0,0.0
2025-08-11 10:59:10,2.7,6.6,98.0,89.97,0.0,0.83,0.83,0.0,0.0,0.0
2025-08-11 10:59:11,3.0,6.6,98.0,89.97,0.0,1.68,1.68,0.0,0.0,0.0
2025-08-11 10:59:12,2.1,6.6,98.0,89.97,0.0,0.83,0.83,0.0,0.0,0.0
2025-08-11 10:59:13,2.5,6.6,97.0,89.97,0.0,1.85,1.85,0.0,0.0,0.0
2025-08-11 10:59:14,2.5,6.6,98.0,89.97,0.0,1.09,1.09,0.0,0.0,0.0
2025-08-11 10:59:15,3.8,6.6,98.0,89.97,0.0,2.16,2.16,0.0,0.0,0.0
2025-08-11 10:59:16,2.4,6.6,98.0,89.97,0.0,0.78,0.78,0.0,0.0,0.0
2025-08-11 10:59:17,3.1,6.6,98.0,89.97,0.0,1.86,1.86,0.0,0.0,0.0
2025-08-11 10:59:18,2.4,6.6,98.0,89.97,0.0,0.67,0.67,0.0,0.0,0.0
2025-08-11 10:59:19,3.2,6.6,98.0,89.97,0.0,1.66,1.66,0.0,0.0,0.0
2025-08-11 10:59:20,2.7,6.6,97.0,89.97,0.0,5.59,5.59,0.0,0.0,0.0
2025-08-11 10:59:21,2.6,6.6,98.0,89.97,0.0,2.53,2.53,0.0,0.0,0.0
2025-08-11 10:59:22,2.9,6.6,98.0,89.97,0.0,0.68,0.68,0.0,0.0,0.0
2025-08-11 10:59:23,2.0,6.6,0.0,89.97,0.0,9.2,9.2,0.01,0.0,0.01
2025-08-11 10:59:24,2.2,6.6,0.0,89.97,0.0,0.9,0.9,0.0,0.0,0.0
2025-08-11 10:59:25,2.0,6.6,0.0,89.97,0.0,2.74,2.74,0.0,0.0,0.0
2025-08-11 10:59:26,1.8,6.6,0.0,89.97,0.0,1.07,1.07,0.0,0.0,0.0
2025-08-11 10:59:27,1.6,6.6,0.0,89.97,0.0,1.5,1.5,0.0,0.0,0.0
2025-08-11 10:59:28,1.9,6.6,0.0,89.97,0.0,0.98,0.98,0.0,0.0,0.0
2025-08-11 10:59:29,3.4,6.6,0.0,89.97,0.0,1.5,1.5,0.0,0.0,0.0
2025-08-11 10:59:30,2.0,6.6,0.0,89.97,0.0,1.37,1.37,0.0,0.0,0.0
2025-08-11 10:59:31,1.2,6.6,0.0,89.97,0.0,1.87,1.87,0.0,0.0,0.0
2025-08-11 10:59:32,2.4,6.6,0.0,89.97,0.0,0.98,0.98,0.0,0.0,0.0
2025-08-11 10:59:33,1.6,6.6,0.0,89.97,0.0,1.56,1.56,0.0,0.0,0.0
2025-08-11 10:59:34,3.4,6.6,0.0,89.97,0.0,0.24,0.24,0.0,0.0,0.0
2025-08-11 10:59:35,3.2,6.6,0.0,89.97,0.0,1.84,1.84,0.0,0.0,0.0
2025-08-11 10:59:36,2.4,6.6,0.0,89.97,0.0,1.38,1.38,0.0,0.0,0.0
2025-08-11 10:59:37,2.2,6.6,0.0,89.97,0.0,1.2,1.2,0.0,0.0,0.0
2025-08-11 10:59:38,2.1,6.6,0.0,89.97,0.0,1.63,1.63,0.0,0.0,0.0
2025-08-11 10:59:39,1.9,6.6,0.0,89.97,0.0,0.93,0.93,0.0,0.0,0.0
2025-08-11 10:59:40,3.6,6.6,0.0,89.97,0.0,1.52,1.52,0.0,0.0,0.0
2025-08-11 10:59:41,2.2,6.6,0.0,89.97,0.0,1.51,1.51,0.0,0.0,0.0
2025-08-11 10:59:42,2.9,6.6,0.0,89.97,0.0,1.53,1.53,0.0,0.0,0.0
2025-08-11 10:59:43,6.3,6.6,0.0,89.97,0.0,1.17,1.17,0.0,0.0,0.0
2025-08-11 10:59:44,4.1,6.6,0.0,89.97,0.0,1.89,1.89,0.0,0.0,0.0
2025-08-11 10:59:45,2.9,6.6,0.0,89.97,0.0,0.91,0.91,0.0,0.0,0.0
2025-08-11 10:59:46,2.6,6.6,0.0,89.97,0.0,1.86,1.86,0.0,0.0,0.0
2025-08-11 10:59:47,2.4,6.6,0.0,89.97,0.0,1.58,1.58,0.0,0.0,0.0
2025-08-11 10:59:48,2.9,6.6,0.0,89.97,0.0,1.72,1.72,0.0,0.0,0.0
2025-08-11 10:59:49,2.5,6.6,0.0,89.97,0.0,1.05,1.05,0.0,0.0,0.0
2025-08-11 10:59:50,2.9,6.6,0.0,89.97,0.0,8.1,8.1,0.0,0.0,0.0
2025-08-11 10:59:51,2.5,6.6,0.0,89.97,0.0,0.73,0.73,0.0,0.0,0.0
2025-08-11 10:59:52,2.6,6.6,0.0,89.97,0.0,1.97,1.97,0.0,0.0,0.0
2025-08-11 10:59:53,2.2,6.6,0.0,89.97,0.0,0.86,0.86,0.0,0.0,0.0
2025-08-11 10:59:54,2.8,6.6,0.0,89.97,0.0,2.02,2.02,0.0,0.0,0.0
2025-08-11 10:59:55,3.9,6.6,0.0,89.97,0.0,0.83,0.83,0.0,0.0,0.0
2025-08-11 10:59:56,2.9,6.6,0.0,89.97,0.0,2.03,2.03,0.0,0.0,0.0
2025-08-11 10:59:57,2.3,6.6,0.0,89.97,0.0,1.26,1.26,0.0,0.0,0.0
2025-08-11 10:59:58,3.1,6.6,0.0,89.97,0.0,1.8,1.8,0.0,0.0,0.0
2025-08-11 10:59:59,4.4,6.6,0.0,89.97,0.0,0.78,0.78,0.0,0.0,0.0
2025-08-11 11:00:00,2.4,6.6,0.0,89.97,0.0,1.76,1.76,0.0,0.0,0.0
2025-08-11 11:00:01,2.3,6.6,0.0,89.97,0.0,0.87,0.87,0.0,0.0,0.0
2025-08-11 11:00:02,2.2,6.6,0.0,89.97,0.0,2.11,2.11,0.0,0.0,0.0
2025-08-11 11:00:03,1.8,6.6,0.0,89.97,0.0,0.21,0.21,0.0,0.0,0.0
2025-08-11 11:00:04,1.8,6.6,0.0,89.97,0.0,2.49,2.49,0.0,0.0,0.0
2025-08-11 11:00:05,2.5,6.6,0.0,89.97,0.0,1.1,1.1,0.0,0.0,0.0
2025-08-11 11:00:06,1.7,6.6,0.0,89.97,0.0,1.75,1.75,0.0,0.0,0.0
2025-08-11 11:00:07,3.1,6.6,0.0,89.97,0.0,1.22,1.22,0.0,0.0,0.0
2025-08-11 11:00:08,1.3,6.6,0.0,89.97,0.0,1.82,1.82,0.0,0.0,0.0
2025-08-11 11:00:09,2.0,6.6,0.0,89.97,0.0,0.64,0.64,0.0,0.0,0.0
2025-08-11 11:00:10,1.8,6.6,0.0,89.97,0.0,1.73,1.73,0.0,0.0,0.0
2025-08-11 11:00:11,1.7,6.6,0.0,89.97,0.0,1.07,1.07,0.0,0.0,0.0
2025-08-11 11:00:12,1.4,6.6,0.0,89.97,0.0,2.1,2.1,0.0,0.0,0.0
2025-08-11 11:00:13,1.6,6.6,0.0,89.97,0.0,0.54,0.54,0.0,0.0,0.0
2025-08-11 11:00:14,1.9,6.6,0.0,89.97,0.0,1.71,1.71,0.0,0.0,0.0
2025-08-11 11:00:15,2.0,6.6,0.0,89.97,0.0,1.06,1.06,0.0,0.0,0.0
2025-08-11 11:00:16,1.6,6.6,0.0,89.97,0.0,0.84,0.84,0.0,0.0,0.0
2025-08-11 11:00:17,2.3,6.6,0.0,89.97,0.0,1.63,1.63,0.0,0.0,0.0
2025-08-11 11:00:18,1.6,6.6,0.0,89.97,0.0,1.46,1.46,0.0,0.0,0.0
2025-08-11 11:00:19,3.2,6.6,0.0,89.97,0.0,1.67,1.67,0.0,0.0,0.0
2025-08-11 11:00:21,3.1,6.6,0.0,89.97,0.0,0.35,0.35,0.0,0.0,0.0
2025-08-11 11:00:22,2.0,6.6,0.0,89.97,0.0,7.13,7.13,0.0,0.0,0.0
2025-08-11 11:00:23,1.8,6.6,0.0,89.97,0.0,5.08,5.08,0.0,0.0,0.0
2025-08-11 11:00:24,1.7,6.6,0.0,89.97,0.0,5.39,5.39,0.0,0.0,0.0
2025-08-11 11:00:25,1.4,6.6,0.0,89.97,0.0,0.92,0.92,0.0,0.0,0.0
2025-08-11 11:00:26,2.1,6.6,0.0,89.97,0.0,2.35,2.35,0.0,0.0,0.0
2025-08-11 11:00:27,1.4,6.6,0.0,89.97,0.0,0.82,0.82,0.0,0.0,0.0
2025-08-11 11:00:28,1.5,6.6,0.0,89.97,0.0,1.72,1.72,0.0,0.0,0.0
2025-08-11 11:00:29,2.9,6.6,0.0,89.97,0.0,1.48,1.48,0.0,0.0,0.0
2025-08-11 11:00:30,5.4,6.6,0.0,89.97,0.0,1.85,1.85,0.0,0.0,0.0
2025-08-11 11:00:31,2.3,6.6,0.0,89.97,0.0,0.99,0.99,0.0,0.0,0.0
2025-08-11 11:00:32,3.1,6.6,0.0,89.97,0.0,1.97,1.97,0.0,0.0,0.0
2025-08-11 11:00:33,4.4,6.6,0.0,89.97,0.0,0.79,0.79,0.0,0.0,0.0
2025-08-11 11:00:34,1.8,6.6,0.0,89.97,0.0,1.9,1.9,0.0,0.0,0.0
2025-08-11 11:00:35,2.7,6.6,0.0,89.97,0.0,0.81,0.81,0.0,0.0,0.0
2025-08-11 11:00:36,1.6,6.6,0.0,89.97,0.0,2.14,2.14,0.0,0.0,0.0
2025-08-11 11:00:37,1.9,6.6,0.0,89.97,0.0,0.96,0.96,0.0,0.0,0.0
2025-08-11 11:00:38,2.0,6.6,0.0,89.97,0.0,1.72,1.72,0.0,0.0,0.0
2025-08-11 11:00:39,1.8,6.6,0.0,89.97,0.0,1.58,1.58,0.0,0.0,0.0
2025-08-11 11:00:40,1.9,6.6,0.0,89.97,0.0,1.65,1.65,0.0,0.0,0.0
2025-08-11 11:00:41,3.5,6.6,0.0,89.97,0.0,0.99,0.99,0.0,0.0,0.0
2025-08-11 11:00:42,2.2,6.6,0.0,89.97,0.0,1.66,1.66,0.0,0.0,0.0
2025-08-11 11:00:43,2.1,6.6,0.0,89.97,0.0,0.75,0.75,0.0,0.0,0.0
2025-08-11 11:00:44,1.4,6.6,0.0,89.97,0.0,2.08,2.08,0.0,0.0,0.0
2025-08-11 11:00:45,3.4,6.6,0.0,89.97,0.0,0.97,0.97,0.0,0.0,0.0
2025-08-11 11:00:46,2.6,6.6,0.0,89.97,0.0,1.8,1.8,0.0,0.0,0.0
2025-08-11 11:00:47,3.0,6.6,0.0,89.97,0.0,0.99,0.99,0.0,0.0,0.0
2025-08-11 11:00:48,2.3,6.6,0.0,89.97,0.0,0.12,0.12,0.0,0.0,0.0
2025-08-11 11:00:49,2.4,6.6,0.0,89.97,0.0,2.1,2.1,0.0,0.0,0.0
2025-08-11 11:00:50,2.5,6.6,0.0,89.97,0.0,0.94,0.94,0.0,0.0,0.0
2025-08-11 11:00:51,2.6,6.6,0.0,89.97,0.0,1.66,1.66,0.0,0.0,0.0
2025-08-11 11:00:52,1.9,6.6,0.0,89.97,0.0,6.76,6.76,0.0,0.0,0.0
2025-08-11 11:00:53,1.5,6.6,0.0,89.97,0.0,0.7,0.7,0.0,0.0,0.0
2025-08-11 11:00:54,1.8,6.6,0.0,89.97,0.0,1.83,1.83,0.0,0.0,0.0
2025-08-11 11:00:55,2.1,6.6,0.0,89.97,0.0,1.28,1.28,0.0,0.0,0.0
2025-08-11 11:00:56,2.0,6.6,0.0,89.97,0.0,2.11,2.11,0.0,0.0,0.0
2025-08-11 11:00:57,1.4,6.6,0.0,89.97,0.0,0.84,0.84,0.0,0.0,0.0
2025-08-11 11:00:58,2.2,6.6,0.0,89.97,0.0,1.74,1.74,0.0,0.0,0.0
2025-08-11 11:00:59,1.9,6.6,0.0,89.97,0.0,1.04,1.04,0.0,0.0,0.0
2025-08-11 11:01:00,2.7,6.6,0.0,89.97,0.0,1.97,1.97,0.0,0.0,0.0
2025-08-11 11:01:01,1.5,6.6,0.0,89.97,0.0,0.67,0.67,0.0,0.0,0.0
2025-08-11 11:01:02,1.9,6.6,0.0,89.97,0.0,1.88,1.88,0.0,0.0,0.0
2025-08-11 11:01:03,1.7,6.6,0.0,89.97,0.0,0.78,0.78,0.0,0.0,0.0
2025-08-11 11:01:04,2.3,6.6,0.0,89.97,0.0,1.74,1.74,0.0,0.0,0.0
2025-08-11 11:01:05,4.0,6.6,0.0,89.97,0.0,1.21,1.21,0.0,0.0,0.0
2025-08-11 11:01:06,2.6,6.6,0.0,89.97,0.0,1.75,1.75,0.0,0.0,0.0
2025-08-11 11:01:07,1.9,6.6,0.0,89.97,0.0,0.97,0.97,0.0,0.0,0.0
2025-08-11 11:01:08,4.2,6.6,0.0,89.97,0.0,1.77,1.77,0.0,0.0,0.0
2025-08-11 11:01:09,1.4,6.6,0.0,89.97,0.0,0.86,0.86,0.0,0.0,0.0
2025-08-11 11:01:10,2.2,6.6,0.0,89.97,0.0,2.33,2.33,0.0,0.0,0.0
2025-08-11 11:01:11,3.3,6.6,0.0,89.97,0.0,0.76,0.76,0.0,0.0,0.0
2025-08-11 11:01:12,1.3,6.6,0.0,89.97,0.0,1.95,1.95,0.0,0.0,0.0
2025-08-11 11:01:13,1.7,6.6,0.0,89.97,0.0,0.74,0.74,0.0,0.0,0.0
2025-08-11 11:01:14,3.2,6.6,0.0,89.97,0.0,1.93,1.93,0.0,0.0,0.0
2025-08-11 11:01:15,2.4,6.6,0.0,89.97,0.0,1.28,1.28,0.0,0.0,0.0
2025-08-11 11:01:16,1.8,6.6,0.0,89.97,0.0,1.85,1.85,0.0,0.0,0.0
2025-08-11 11:01:17,1.8,6.6,0.0,89.97,0.0,0.98,0.98,0.0,0.0,0.0
2025-08-11 11:01:18,1.7,6.6,0.0,89.97,0.0,1.73,1.73,0.0,0.0,0.0
2025-08-11 11:01:19,1.8,6.6,0.0,89.97,0.0,0.9,0.9,0.0,0.0,0.0
2025-08-11 11:01:20,1.6,6.6,0.0,89.97,0.0,1.86,1.86,0.0,0.0,0.0
2025-08-11 11:01:21,1.9,6.6,0.0,89.97,0.0,1.09,1.09,0.0,0.0,0.0
2025-08-11 11:01:22,2.3,6.6,0.0,89.97,0.0,1.68,1.68,0.0,0.0,0.0
2025-08-11 11:01:23,3.2,6.6,0.0,89.97,0.0,11.93,11.93,0.0,0.0,0.0
2025-08-11 11:01:24,2.2,6.6,0.0,89.97,0.0,3.1,3.1,0.0,0.0,0.0
2025-08-11 11:01:25,2.6,6.6,0.0,89.97,0.0,0.82,0.82,0.0,0.0,0.0
2025-08-11 11:01:26,1.6,6.6,0.0,89.97,0.0,2.76,2.76,0.0,0.0,0.0
2025-08-11 11:01:27,5.6,6.6,0.0,89.97,0.0,0.63,0.63,0.0,0.0,0.0
2025-08-11 11:01:28,2.9,6.6,0.0,89.97,0.0,1.01,1.01,0.0,0.0,0.0
2025-08-11 11:01:29,2.5,6.6,0.0,89.97,0.0,1.64,1.64,0.0,0.0,0.0
2025-08-11 11:01:30,3.3,6.6,0.0,89.97,0.0,2.05,2.05,0.0,0.0,0.0
2025-08-11 11:01:31,3.4,6.6,0.0,89.97,0.0,1.72,1.72,0.0,0.0,0.0
2025-08-11 11:01:32,2.1,6.6,0.0,89.97,0.0,1.0,1.0,0.0,0.0,0.0
2025-08-11 11:01:33,2.5,6.6,0.0,89.97,0.0,1.48,1.48,0.0,0.0,0.0
2025-08-11 11:01:34,3.1,6.6,0.0,89.97,0.0,0.48,0.48,0.0,0.0,0.0
2025-08-11 11:01:35,2.3,6.6,0.0,89.97,0.0,0.84,0.84,0.0,0.0,0.0
2025-08-11 11:01:36,3.2,6.6,0.0,89.97,0.0,2.19,2.19,0.0,0.0,0.0
2025-08-11 11:01:37,3.4,6.6,0.0,89.97,0.0,1.07,1.07,0.0,0.0,0.0
2025-08-11 11:01:38,3.3,6.6,0.0,89.97,0.0,1.86,1.86,0.0,0.0,0.0
2025-08-11 11:01:39,3.1,6.6,0.0,89.97,0.0,0.91,0.91,0.0,0.0,0.0
2025-08-11 11:01:40,2.3,6.6,0.0,89.97,0.0,1.59,1.59,0.0,0.0,0.0
2025-08-11 11:01:41,3.3,6.6,0.0,89.97,0.0,1.42,1.42,0.0,0.0,0.0
2025-08-11 11:01:42,2.3,6.6,0.0,89.97,0.0,1.89,1.89,0.0,0.0,0.0
2025-08-11 11:01:43,2.5,6.6,0.0,89.97,0.0,0.75,0.75,0.0,0.0,0.0
2025-08-11 11:01:44,2.4,6.6,0.0,89.97,0.0,1.89,1.89,0.0,0.0,0.0
2025-08-11 11:01:45,2.0,6.6,0.0,89.97,0.0,0.97,0.97,0.0,0.0,0.0
2025-08-11 11:01:46,2.1,6.6,0.0,89.97,0.0,2.18,2.18,0.0,0.0,0.0
2025-08-11 11:01:47,2.8,6.6,0.0,89.97,0.0,1.22,1.22,0.0,0.0,0.0
2025-08-11 11:01:48,1.9,6.6,0.0,89.97,0.0,1.62,1.62,0.0,0.0,0.0
2025-08-11 11:01:49,2.7,6.6,0.0,89.97,0.0,0.82,0.82,0.0,0.0,0.0
2025-08-11 11:01:50,3.5,6.6,0.0,89.97,0.0,1.9,1.9,0.0,0.0,0.0
2025-08-11 11:01:51,2.4,6.6,0.0,89.97,0.0,1.26,1.26,0.0,0.0,0.0
2025-08-11 11:01:52,2.0,6.6,0.0,89.97,0.0,1.72,1.72,0.0,0.0,0.0
2025-08-11 11:01:53,1.7,6.6,0.0,89.97,0.0,7.83,7.83,0.0,0.0,0.0
2025-08-11 11:01:54,1.2,6.6,0.0,89.97,0.0,1.63,1.63,0.0,0.0,0.0
2025-08-11 11:01:55,2.3,6.6,0.0,89.97,0.0,1.0,1.0,0.0,0.0,0.0
2025-08-11 11:01:56,1.3,6.6,0.0,89.97,0.0,2.04,2.04,0.0,0.0,0.0
2025-08-11 11:01:57,2.2,6.6,0.0,89.97,0.0,0.99,0.99,0.0,0.0,0.0
2025-08-11 11:01:58,2.2,6.6,0.0,89.97,0.0,1.84,1.84,0.0,0.0,0.0
2025-08-11 11:01:59,4.4,6.6,0.0,89.97,0.0,0.57,0.57,0.0,0.0,0.0
2025-08-11 11:02:00,3.7,6.6,0.0,89.97,0.0,1.74,1.74,0.0,0.0,0.0
2025-08-11 11:02:01,2.1,6.6,0.0,89.97,0.0,0.5,0.5,0.0,0.0,0.0
2025-08-11 11:02:02,1.9,6.6,0.0,89.97,0.0,2.3,2.3,0.0,0.0,0.0
2025-08-11 11:02:03,2.0,6.6,0.0,89.97,0.0,0.56,0.56,0.0,0.0,0.0
2025-08-11 11:02:04,2.3,6.6,0.0,89.97,0.0,0.81,0.81,0.0,0.0,0.0
2025-08-11 11:02:05,2.9,6.6,0.0,89.97,0.0,1.68,1.68,0.0,0.0,0.0
2025-08-11 11:02:06,2.0,6.6,0.0,89.97,0.0,0.89,0.89,0.0,0.0,0.0
2025-08-11 11:02:07,4.0,6.6,0.0,89.97,0.0,2.13,2.13,0.0,0.0,0.0
2025-08-11 11:02:08,2.4,6.6,0.0,89.97,0.0,1.06,1.06,0.0,0.0,0.0
2025-08-11 11:02:09,3.0,6.6,0.0,89.97,0.0,1.63,1.63,0.0,0.0,0.0
2025-08-11 11:02:10,2.3,6.6,0.0,89.97,0.0,0.64,0.64,0.0,0.0,0.0
2025-08-11 11:02:11,3.7,6.6,0.0,89.97,0.0,1.9,1.9,0.0,0.0,0.0
2025-08-11 11:02:12,2.6,6.6,0.0,89.97,0.0,1.26,1.26,0.0,0.0,0.0
2025-08-11 11:02:13,4.7,6.6,0.0,89.97,0.0,2.09,2.09,0.0,0.0,0.0
2025-08-11 11:02:14,3.1,6.6,0.0,89.97,0.0,0.77,0.77,0.0,0.0,0.0
2025-08-11 11:02:15,3.1,6.6,0.0,89.97,0.0,2.18,2.18,0.0,0.0,0.0
2025-08-11 11:02:16,2.2,6.6,0.0,89.97,0.0,0.75,0.75,0.0,0.0,0.0
2025-08-11 11:02:17,3.7,6.6,0.0,89.97,0.0,2.24,2.24,0.0,0.0,0.0
2025-08-11 11:02:18,2.4,6.6,0.0,89.97,0.0,1.02,1.02,0.0,0.0,0.0
2025-08-11 11:02:19,2.6,6.6,0.0,89.97,0.0,2.03,2.03,0.0,0.0,0.0
2025-08-11 11:02:20,3.0,6.6,0.0,89.97,0.0,0.74,0.74,0.0,0.0,0.0
2025-08-11 11:02:21,2.5,6.6,0.0,89.97,0.0,1.78,1.78,0.0,0.0,0.0
2025-08-11 11:02:22,3.3,6.6,0.0,89.97,0.0,0.93,0.93,0.0,0.0,0.0
2025-08-11 11:02:23,3.9,6.6,0.0,89.97,0.0,9.07,9.07,0.0,0.0,0.0
2025-08-11 11:02:24,2.4,6.6,0.0,89.97,0.0,7.18,7.18,0.0,0.0,0.0
2025-08-11 11:02:25,2.8,6.6,0.0,89.97,0.0,1.95,1.95,0.0,0.0,0.0
2025-08-11 11:02:26,2.4,6.6,0.0,89.97,0.0,0.76,0.76,0.0,0.0,0.0
2025-08-11 11:02:27,2.8,6.6,0.0,89.97,0.0,1.82,1.82,0.0,0.0,0.0
2025-08-11 11:02:28,2.7,6.6,0.0,89.97,0.0,1.37,1.37,0.0,0.0,0.0
2025-08-11 11:02:29,2.6,6.6,0.0,89.97,0.0,1.73,1.73,0.0,0.0,0.0
2025-08-11 11:02:30,3.3,6.6,0.0,89.97,0.0,0.94,0.94,0.0,0.0,0.0
2025-08-11 11:02:31,2.7,6.6,0.0,89.97,0.0,1.85,1.85,0.0,0.0,0.0
2025-08-11 11:02:32,3.5,6.6,0.0,89.97,0.0,0.67,0.67,0.0,0.0,0.0
2025-08-11 11:02:33,3.4,6.6,0.0,89.97,0.0,2.45,2.45,0.0,0.0,0.0
2025-08-11 11:02:34,4.1,6.6,0.0,89.97,0.0,0.76,0.76,0.0,0.0,0.0
2025-08-11 11:02:35,3.7,6.6,0.0,89.97,0.0,1.78,1.78,0.0,0.0,0.0
2025-08-11 11:02:36,2.5,6.6,0.0,89.97,0.0,1.23,1.23,0.0,0.0,0.0
2025-08-11 11:02:37,2.5,6.6,0.0,89.97,0.0,1.63,1.63,0.0,0.0,0.0
2025-08-11 11:02:38,2.0,6.6,0.0,89.97,0.0,1.47,1.47,0.0,0.0,0.0
2025-08-11 11:02:39,5.2,6.6,0.0,89.97,0.0,1.52,1.52,0.0,0.0,0.0
2025-08-11 11:02:40,2.2,6.6,0.0,89.97,0.0,0.36,0.36,0.0,0.0,0.0
2025-08-11 11:02:41,3.2,6.6,0.0,89.97,0.0,2.28,2.28,0.0,0.0,0.0
2025-08-11 11:02:42,4.6,6.6,0.0,89.97,0.0,1.28,1.28,0.0,0.0,0.0
2025-08-11 11:02:43,2.5,6.6,0.0,89.97,0.0,0.86,0.86,0.0,0.0,0.0
2025-08-11 11:02:44,4.3,6.6,0.0,89.97,0.0,1.71,1.71,0.0,0.0,0.0
2025-08-11 11:02:45,2.2,6.6,0.0,89.97,0.0,1.0,1.0,0.0,0.0,0.0
2025-08-11 11:02:46,3.1,6.6,0.0,89.97,0.0,2.01,2.01,0.0,0.0,0.0
2025-08-11 11:02:47,1.6,6.6,0.0,89.97,0.0,0.97,0.97,0.0,0.0,0.0
2025-08-11 11:02:48,2.0,6.6,0.0,89.97,0.0,2.11,2.11,0.0,0.0,0.0
2025-08-11 11:02:49,2.3,6.6,0.0,89.97,0.0,0.98,0.98,0.0,0.0,0.0
2025-08-11 11:02:50,2.4,6.6,0.0,89.97,0.0,1.6,1.6,0.0,0.0,0.0
2025-08-11 11:02:51,1.6,6.6,0.0,89.97,0.0,0.96,0.96,0.0,0.0,0.0
2025-08-11 11:02:52,2.6,6.6,0.0,89.97,0.0,1.64,1.64,0.0,0.0,0.0
2025-08-11 11:02:53,1.5,6.6,0.0,89.97,0.0,1.08,1.08,0.0,0.0,0.0
2025-08-11 11:02:54,3.1,6.6,0.0,89.97,0.0,6.47,6.47,0.0,0.0,0.0
2025-08-11 11:02:55,2.2,6.6,0.0,89.97,0.0,0.96,0.96,0.0,0.0,0.0
2025-08-11 11:02:56,2.3,6.6,0.0,89.97,0.0,1.76,1.76,0.0,0.0,0.0
2025-08-11 11:02:57,1.5,6.6,0.0,89.97,0.0,0.97,0.97,0.0,0.0,0.0
2025-08-11 11:02:58,2.4,6.6,0.0,89.97,0.0,1.8,1.8,0.0,0.0,0.0
2025-08-11 11:02:59,1.3,6.6,0.0,89.97,0.0,1.49,1.49,0.0,0.0,0.0
2025-08-11 11:03:00,2.5,6.6,0.0,89.97,0.0,1.65,1.65,0.0,0.0,0.0
2025-08-11 11:03:01,3.2,6.6,0.0,89.97,0.0,0.93,0.93,0.0,0.0,0.0
2025-08-11 11:03:02,2.7,6.6,0.0,89.97,0.0,1.76,1.76,0.0,0.0,0.0
2025-08-11 11:03:03,2.5,6.6,0.0,89.97,0.0,0.89,0.89,0.0,0.0,0.0
2025-08-11 11:03:04,3.1,6.6,0.0,89.97,0.0,2.15,2.15,0.0,0.0,0.0
2025-08-11 11:03:05,3.2,6.6,0.0,89.97,0.0,0.98,0.98,0.0,0.0,0.0
2025-08-11 11:03:06,3.8,6.6,0.0,89.97,0.0,1.85,1.85,0.0,0.0,0.0
2025-08-11 11:03:07,4.6,6.6,0.0,89.97,0.0,0.8,0.8,0.0,0.0,0.0
2025-08-11 11:03:08,2.9,6.6,0.0,89.97,0.0,1.88,1.88,0.0,0.0,0.0
2025-08-11 11:03:09,4.6,6.6,0.0,89.97,0.0,1.2,1.2,0.0,0.0,0.0
2025-08-11 11:03:10,2.6,6.6,0.0,89.97,0.0,1.88,1.88,0.0,0.0,0.0
2025-08-11 11:03:11,2.9,6.6,0.0,89.97,0.0,0.75,0.75,0.0,0.0,0.0
2025-08-11 11:03:12,2.4,6.6,0.0,89.97,0.0,1.79,1.79,0.0,0.0,0.0
2025-08-11 11:03:13,3.3,6.6,0.0,89.97,0.0,0.94,0.94,0.0,0.0,0.0
2025-08-11 11:03:14,2.9,6.6,0.0,89.97,0.0,1.96,1.96,0.0,0.0,0.0
2025-08-11 11:03:15,2.8,6.6,0.0,89.97,0.0,1.55,1.55,0.0,0.0,0.0
2025-08-11 11:03:16,2.0,6.6,0.0,89.97,0.0,1.6,1.6,0.0,0.0,0.0
2025-08-11 11:03:17,3.0,6.6,0.0,89.97,0.0,0.29,0.29,0.0,0.0,0.0
2025-08-11 11:03:18,2.7,6.6,0.0,89.97,0.0,2.48,2.48,0.0,0.0,0.0
2025-08-11 11:03:19,4.1,6.6,0.0,89.97,0.0,0.37,0.37,0.0,0.0,0.0
2025-08-11 11:03:20,4.8,6.6,0.0,89.97,0.0,1.25,1.25,0.0,0.0,0.0
2025-08-11 11:03:21,3.0,6.6,0.0,89.97,0.0,1.68,1.68,0.0,0.0,0.0
2025-08-11 11:03:22,2.7,6.6,0.0,89.97,0.0,0.78,0.78,0.0,0.0,0.0
2025-08-11 11:03:23,2.7,6.6,0.0,89.97,0.0,9.54,9.54,0.0,0.0,0.0
2025-08-11 11:03:24,2.4,6.6,0.0,89.97,0.0,1.26,1.26,0.0,0.0,0.0
2025-08-11 11:03:25,3.0,6.6,0.0,89.97,0.0,9.12,9.12,0.0,0.0,0.0
2025-08-11 11:03:26,2.3,6.6,0.0,89.97,0.0,0.81,0.81,0.0,0.0,0.0
2025-08-11 11:03:27,2.9,6.6,0.0,89.97,0.0,1.94,1.94,0.0,0.0,0.0
2025-08-11 11:03:28,3.8,6.6,0.0,89.97,0.0,1.03,1.03,0.0,0.0,0.0
2025-08-11 11:03:29,3.6,6.6,0.0,89.97,0.0,1.68,1.68,0.0,0.0,0.0
2025-08-11 11:03:30,2.7,6.6,0.0,89.97,0.0,1.12,1.12,0.0,0.0,0.0
2025-08-11 11:03:31,3.2,6.6,0.0,89.97,0.0,1.84,1.84,0.0,0.0,0.0
2025-08-11 11:03:32,2.8,6.6,0.0,89.97,0.0,0.63,0.63,0.0,0.0,0.0
2025-08-11 11:03:33,2.9,6.6,0.0,89.97,0.0,1.91,1.91,0.0,0.0,0.0
2025-08-11 11:03:34,2.8,6.6,0.0,89.97,0.0,0.89,0.89,0.0,0.0,0.0
2025-08-11 11:03:35,2.5,6.6,0.0,89.97,0.0,2.13,2.13,0.0,0.0,0.0
2025-08-11 11:03:36,2.9,6.6,0.0,89.97,0.0,0.78,0.78,0.0,0.0,0.0
2025-08-11 11:03:37,3.1,6.6,0.0,89.97,0.0,1.9,1.9,0.0,0.0,0.0
2025-08-11 11:03:38,3.0,6.6,0.0,89.97,0.0,0.84,0.84,0.0,0.0,0.0
2025-08-11 11:03:39,2.4,6.6,0.0,89.97,0.0,1.83,1.83,0.0,0.0,0.0
2025-08-11 11:03:40,3.7,6.6,0.0,89.97,0.0,1.12,1.12,0.0,0.0,0.0
2025-08-11 11:03:41,2.2,6.6,0.0,89.97,0.0,2.09,2.09,0.0,0.0,0.0
2025-08-11 11:03:42,2.9,6.6,31.0,89.97,0.0,0.72,0.72,0.01,0.01,0.01
2025-08-11 11:03:43,2.7,6.6,97.0,89.97,0.0,1.99,1.99,0.01,0.01,0.01
2025-08-11 11:03:44,2.4,6.6,97.0,89.97,0.0,0.8,0.8,0.0,0.0,0.0
2025-08-11 11:03:45,2.2,6.6,97.0,89.97,0.0,2.06,2.06,0.0,0.0,0.0
2025-08-11 11:03:46,2.6,6.6,98.0,89.97,0.0,1.25,1.25,0.0,0.0,0.0
2025-08-11 11:03:47,2.4,6.6,97.0,89.97,0.0,1.5,1.5,0.0,0.0,0.0
2025-08-11 11:03:48,2.8,6.6,98.0,89.97,0.0,0.22,0.22,0.0,0.0,0.0
2025-08-11 11:03:49,2.5,6.6,98.0,89.97,0.0,2.23,2.23,0.0,0.0,0.0
2025-08-11 11:03:50,3.5,6.6,98.0,89.97,0.0,1.49,1.49,0.0,0.0,0.0
2025-08-11 11:03:51,2.4,6.6,98.0,89.97,0.0,1.63,1.63,0.0,0.0,0.0
2025-08-11 11:03:52,3.1,6.6,97.0,89.97,0.0,1.27,1.27,0.0,0.0,0.0
2025-08-11 11:03:54,2.2,6.6,97.0,89.97,0.0,0.25,0.25,0.0,0.0,0.0
2025-08-11 11:03:55,2.6,6.6,97.0,89.97,0.0,1.84,1.84,0.0,0.0,0.0
2025-08-11 11:03:56,2.8,6.6,98.0,89.97,0.0,1.3,1.3,0.0,0.0,0.0
2025-08-11 11:03:57,4.4,6.6,97.0,89.97,0.0,6.18,6.18,0.0,0.0,0.0
2025-08-11 11:03:58,3.2,6.6,97.0,89.97,0.0,1.43,1.43,0.0,0.0,0.0
2025-08-11 11:03:59,3.5,6.6,97.0,89.97,0.0,1.52,1.52,0.0,0.0,0.0
2025-08-11 11:04:00,4.9,6.6,96.0,89.97,0.0,1.05,1.05,0.0,0.0,0.0
2025-08-11 11:04:01,2.7,6.6,98.0,89.97,0.0,1.89,1.89,0.0,0.0,0.0
2025-08-11 11:04:02,2.7,6.6,98.0,89.97,0.0,0.78,0.78,0.0,0.0,0.0
2025-08-11 11:04:03,3.3,6.6,98.0,89.97,0.0,2.17,2.17,0.0,0.0,0.0
2025-08-11 11:04:04,2.5,6.6,97.0,89.97,0.0,1.0,1.0,0.0,0.0,0.0
2025-08-11 11:04:05,4.9,6.6,97.0,89.97,0.0,1.71,1.71,0.0,0.0,0.0
2025-08-11 11:04:06,3.7,6.6,97.0,89.97,0.0,1.0,1.0,0.0,0.0,0.0
2025-08-11 11:04:07,2.8,6.6,97.0,89.97,0.0,2.12,2.12,0.0,0.0,0.0
2025-08-11 11:04:08,3.1,6.6,98.0,89.97,0.0,1.21,1.21,0.0,0.0,0.0
2025-08-11 11:04:09,2.5,6.6,98.0,89.97,0.0,1.82,1.82,0.0,0.0,0.0
2025-08-11 11:04:10,2.8,6.6,97.0,89.97,0.0,0.78,0.78,0.0,0.0,0.0
2025-08-11 11:04:11,2.8,6.6,97.0,89.97,0.0,1.65,1.65,0.0,0.0,0.0
2025-08-11 11:04:12,2.5,6.6,98.0,89.97,0.0,1.25,1.25,0.0,0.0,0.0
2025-08-11 11:04:13,2.7,6.6,97.0,89.97,0.0,1.98,1.98,0.0,0.0,0.0
2025-08-11 11:04:14,4.1,6.6,98.0,89.97,0.0,0.98,0.98,0.0,0.0,0.0
2025-08-11 11:04:15,3.8,6.6,98.0,89.97,0.0,1.87,1.87,0.0,0.0,0.0
2025-08-11 11:04:16,2.7,6.6,97.0,89.97,0.0,0.79,0.79,0.0,0.0,0.0
2025-08-11 11:04:17,2.5,6.6,98.0,89.97,0.0,1.95,1.95,0.0,0.0,0.0
2025-08-11 11:04:18,3.0,6.6,97.0,89.97,0.0,1.25,1.25,0.0,0.0,0.0
2025-08-11 11:04:19,2.4,6.6,98.0,89.97,0.0,1.89,1.89,0.0,0.0,0.0
2025-08-11 11:04:20,2.9,6.6,98.0,89.97,0.0,0.74,0.74,0.0,0.0,0.0
2025-08-11 11:04:21,2.3,6.6,98.0,89.97,0.0,1.89,1.89,0.0,0.0,0.0
2025-08-11 11:04:22,2.5,6.6,97.0,89.97,0.0,0.81,0.81,0.0,0.0,0.0
2025-08-11 11:04:23,3.1,6.6,97.0,89.97,0.0,1.53,1.53,0.0,0.0,0.0
2025-08-11 11:04:24,2.7,6.6,98.0,89.97,0.0,8.47,8.47,0.0,0.0,0.0
2025-08-11 11:04:25,2.3,6.6,98.0,89.97,0.0,2.94,2.94,0.0,0.0,0.0
2025-08-11 11:04:26,3.8,6.6,98.0,89.97,0.0,0.51,0.51,0.0,0.0,0.0
2025-08-11 11:04:27,2.2,6.6,98.0,89.97,0.0,8.48,8.48,0.0,0.0,0.0
2025-08-11 11:04:28,2.6,6.6,97.0,89.97,0.0,0.53,0.53,0.0,0.0,0.0
2025-08-11 11:04:29,1.8,6.6,0.0,89.97,0.0,2.73,2.73,0.01,0.0,0.01
2025-08-11 11:04:30,1.8,6.6,0.0,89.97,0.0,1.04,1.04,0.0,0.0,0.0
2025-08-11 11:04:31,1.4,6.6,0.0,89.97,0.0,1.52,1.52,0.0,0.0,0.01
2025-08-11 11:04:32,2.6,6.6,0.0,89.97,0.0,0.91,0.91,0.0,0.0,0.0
2025-08-11 11:04:33,2.9,6.6,0.0,89.97,0.0,0.36,0.36,0.0,0.0,0.0
2025-08-11 11:04:34,2.1,6.6,0.0,89.97,0.0,2.04,2.04,0.0,0.0,0.0
2025-08-11 11:04:35,2.8,6.6,0.0,89.97,0.0,1.03,1.03,0.0,0.0,0.0
2025-08-11 11:04:36,1.8,6.6,0.0,89.97,0.0,2.0,2.0,0.0,0.0,0.0
2025-08-11 11:04:37,1.8,6.6,0.0,89.97,0.0,0.79,0.79,0.0,0.0,0.0
2025-08-11 11:04:38,2.9,6.6,0.0,89.97,0.0,1.74,1.74,0.0,0.0,0.0
2025-08-11 11:04:39,1.3,6.6,0.0,89.97,0.0,1.06,1.06,0.0,0.0,0.0
2025-08-11 11:04:40,1.8,6.6,0.0,89.97,0.0,2.11,2.11,0.0,0.0,0.0
2025-08-11 11:04:41,1.9,6.6,0.0,89.97,0.0,0.67,0.67,0.0,0.0,0.0
2025-08-11 11:04:42,3.3,6.6,0.0,89.97,0.0,1.84,1.84,0.0,0.0,0.0
2025-08-11 11:04:43,2.5,6.6,0.0,89.97,0.0,0.76,0.76,0.0,0.0,0.0
2025-08-11 11:04:44,2.1,6.6,0.0,89.97,0.0,1.88,1.88,0.0,0.0,0.0
2025-08-11 11:04:45,2.2,6.6,0.0,89.97,0.0,1.33,1.33,0.0,0.0,0.0
2025-08-11 11:04:46,1.8,6.6,0.0,89.97,0.0,1.74,1.74,0.0,0.0,0.0
2025-08-11 11:04:47,1.3,6.6,0.0,89.97,0.0,0.77,0.77,0.0,0.0,0.0
2025-08-11 11:04:48,2.3,6.6,0.0,89.97,0.0,1.96,1.96,0.0,0.0,0.0
2025-08-11 11:04:49,3.8,6.6,0.0,89.97,0.0,0.75,0.75,0.0,0.0,0.0
2025-08-11 11:04:50,4.5,6.6,0.0,89.97,0.0,2.13,2.13,0.0,0.0,0.0
2025-08-11 11:04:51,3.0,6.6,0.0,89.97,0.0,0.93,0.93,0.0,0.0,0.0
2025-08-11 11:04:52,2.2,6.6,0.0,89.97,0.0,1.92,1.92,0.0,0.0,0.0
2025-08-11 11:04:53,2.2,6.6,0.0,89.97,0.0,0.91,0.91,0.0,0.0,0.0
2025-08-11 11:04:54,1.4,6.6,0.0,89.97,0.0,1.84,1.84,0.0,0.0,0.0
2025-08-11 11:04:55,2.2,6.6,0.0,89.97,0.0,0.81,0.81,0.0,0.0,0.0
2025-08-11 11:04:56,1.6,6.6,0.0,89.97,0.0,2.53,2.53,0.0,0.0,0.0
2025-08-11 11:04:57,1.6,6.6,0.0,89.97,0.0,0.97,0.97,0.0,0.0,0.0
2025-08-11 11:04:58,2.0,6.6,0.0,89.97,0.0,5.93,5.93,0.0,0.0,0.0
2025-08-11 11:04:59,3.4,6.6,0.0,89.97,0.0,0.79,0.79,0.0,0.0,0.0
2025-08-11 11:05:00,2.9,6.6,0.0,89.97,0.0,1.72,1.72,0.0,0.0,0.0
2025-08-11 11:05:01,2.1,6.6,0.0,89.97,0.0,1.35,1.35,0.0,0.0,0.0
2025-08-11 11:05:02,2.7,6.6,0.0,89.97,0.0,1.78,1.78,0.0,0.0,0.0
2025-08-11 11:05:03,2.5,6.6,0.0,89.97,0.0,0.74,0.74,0.0,0.0,0.0
2025-08-11 11:05:04,1.7,6.6,0.0,89.97,0.0,1.53,1.53,0.0,0.0,0.0
2025-08-11 11:05:05,2.1,6.6,0.0,89.97,0.0,0.49,0.49,0.0,0.0,0.0
2025-08-11 11:05:06,2.2,6.6,0.0,89.97,0.0,2.72,2.72,0.0,0.0,0.0
2025-08-11 11:05:07,3.0,6.6,0.0,89.97,0.0,0.88,0.88,0.0,0.0,0.0
2025-08-11 11:05:08,2.7,6.6,0.0,89.97,0.0,1.44,1.44,0.0,0.0,0.0
2025-08-11 11:05:09,2.8,6.6,0.0,89.97,0.0,1.1,1.1,0.0,0.0,0.0
2025-08-11 11:05:10,3.3,6.6,0.0,89.97,0.0,1.58,1.58,0.0,0.0,0.0
2025-08-11 11:05:11,3.8,6.6,0.0,89.97,0.0,1.7,1.7,0.0,0.0,0.0
2025-08-11 11:05:12,2.6,6.6,0.0,89.97,0.0,1.5,1.5,0.0,0.0,0.0
2025-08-11 11:05:13,3.8,6.6,0.0,89.97,0.0,1.12,1.12,0.0,0.0,0.0
2025-08-11 11:05:14,2.6,6.6,0.0,89.97,0.0,0.15,0.15,0.0,0.0,0.0
2025-08-11 11:05:15,2.9,6.6,0.0,89.97,0.0,1.76,1.76,0.0,0.0,0.0
2025-08-11 11:05:16,2.1,6.6,0.0,89.97,0.0,1.86,1.86,0.0,0.01,0.01
2025-08-11 11:05:17,2.9,6.6,0.0,89.97,0.0,1.63,1.63,0.0,0.0,0.0
2025-08-11 11:05:18,2.5,6.6,0.0,89.97,0.0,0.93,0.93,0.0,0.0,0.0
2025-08-11 11:05:19,2.7,6.6,0.0,89.97,0.0,1.65,1.65,0.0,0.0,0.0
2025-08-11 11:05:20,2.5,6.6,0.0,89.97,0.0,0.96,0.96,0.0,0.0,0.0
2025-08-11 11:05:21,3.1,6.6,0.0,89.97,0.0,1.96,1.96,0.0,0.0,0.0
2025-08-11 11:05:22,2.6,6.6,0.0,89.97,0.0,0.88,0.88,0.0,0.0,0.0
2025-08-11 11:05:23,2.9,6.6,0.0,89.97,0.0,1.9,1.9,0.0,0.0,0.0
2025-08-11 11:05:24,2.5,6.6,0.0,89.97,0.0,8.52,8.52,0.0,0.0,0.0
2025-08-11 11:05:25,3.1,6.6,0.0,89.97,0.0,2.18,2.18,0.0,0.0,0.0
2025-08-11 11:05:26,2.9,6.6,0.0,89.97,0.0,1.54,1.54,0.0,0.0,0.0
2025-08-11 11:05:27,2.9,6.6,0.0,89.97,0.0,2.42,2.42,0.0,0.0,0.0
2025-08-11 11:05:28,2.6,6.6,0.0,89.97,0.0,6.89,6.89,0.0,0.0,0.0
2025-08-11 11:05:29,2.7,6.6,0.0,89.97,0.0,2.0,2.0,0.0,0.0,0.0
2025-08-11 11:05:30,2.7,6.6,0.0,89.97,0.0,0.91,0.91,0.0,0.0,0.0
2025-08-11 11:05:31,2.5,6.6,0.0,89.97,0.0,2.08,2.08,0.0,0.0,0.0
2025-08-11 11:05:32,3.3,6.6,0.0,89.97,0.0,1.07,1.07,0.0,0.0,0.0
2025-08-11 11:05:33,3.1,6.6,0.0,89.97,0.0,1.76,1.76,0.0,0.0,0.0
2025-08-11 11:05:34,3.5,6.6,0.0,89.97,0.0,0.74,0.74,0.0,0.0,0.0
2025-08-11 11:05:35,4.5,6.6,0.0,89.97,0.0,1.89,1.89,0.0,0.0,0.0
2025-08-11 11:05:36,3.1,6.6,0.0,89.97,0.0,1.16,1.16,0.0,0.0,0.0
2025-08-11 11:05:37,3.4,6.6,0.0,89.97,0.0,1.7,1.7,0.0,0.0,0.0
2025-08-11 11:05:38,2.4,6.6,0.0,89.97,0.0,1.06,1.06,0.0,0.0,0.0
2025-08-11 11:05:39,3.8,6.6,0.0,89.97,0.0,1.9,1.9,0.0,0.0,0.0
2025-08-11 11:05:40,3.4,6.6,0.0,89.97,0.0,0.93,0.93,0.0,0.0,0.0
2025-08-11 11:05:41,3.7,6.6,0.0,89.97,0.0,1.99,1.99,0.0,0.0,0.0
2025-08-11 11:05:42,2.4,6.6,0.0,89.97,0.0,0.76,0.76,0.0,0.0,0.0
2025-08-11 11:05:43,3.2,6.6,0.0,89.97,0.0,2.04,2.04,0.0,0.0,0.0
2025-08-11 11:05:44,4.1,6.6,0.0,89.97,0.0,0.69,0.69,0.0,0.0,0.0
2025-08-11 11:05:45,3.3,6.6,0.0,89.97,0.0,1.86,1.86,0.0,0.0,0.0
2025-08-11 11:05:46,2.3,6.6,0.0,89.97,0.0,1.23,1.23,0.0,0.0,0.0
2025-08-11 11:05:47,2.5,6.6,0.0,89.97,0.0,1.67,1.67,0.0,0.0,0.0
2025-08-11 11:05:48,2.6,6.6,0.0,89.97,0.0,0.67,0.67,0.0,0.0,0.0
2025-08-11 11:05:49,2.6,6.6,0.0,89.97,0.0,2.36,2.36,0.0,0.0,0.0
2025-08-11 11:05:50,2.6,6.6,0.0,89.97,0.0,1.01,1.01,0.0,0.0,0.0
2025-08-11 11:05:51,2.0,6.6,0.0,89.97,0.0,1.6,1.6,0.0,0.0,0.0
2025-08-11 11:05:52,2.0,6.6,0.0,89.97,0.0,1.15,1.15,0.0,0.0,0.0
2025-08-11 11:05:53,2.5,6.6,0.0,89.97,0.0,0.6,0.6,0.0,0.0,0.0
2025-08-11 11:05:54,2.5,6.6,0.0,89.97,0.0,1.82,1.82,0.0,0.0,0.0
2025-08-11 11:05:55,2.3,6.6,0.0,89.97,0.0,2.14,2.14,0.0,0.0,0.0
2025-08-11 11:05:56,1.9,6.6,0.0,89.97,0.0,1.19,1.19,0.0,0.0,0.0
2025-08-11 11:05:57,1.5,6.6,0.0,89.97,0.0,1.62,1.62,0.0,0.0,0.0
2025-08-11 11:05:58,2.5,6.6,0.0,89.97,0.0,0.55,0.55,0.0,0.0,0.0
2025-08-11 11:05:59,1.5,6.6,0.0,89.97,0.0,10.23,10.23,0.0,0.0,0.0
2025-08-11 11:06:00,2.9,6.6,0.0,89.97,0.0,1.51,1.51,0.0,0.0,0.0
2025-08-11 11:06:01,1.2,6.6,0.0,89.97,0.0,0.96,0.96,0.0,0.0,0.0
2025-08-11 11:06:02,2.6,6.6,0.0,89.97,0.0,1.68,1.68,0.0,0.0,0.0
2025-08-11 11:06:03,1.8,6.6,0.0,89.97,0.0,1.26,1.26,0.0,0.0,0.0
2025-08-11 11:06:04,2.9,6.6,0.0,89.97,0.0,1.81,1.81,0.0,0.0,0.0
2025-08-11 11:06:05,3.0,6.6,0.0,89.97,0.0,0.89,0.89,0.0,0.0,0.0
2025-08-11 11:06:06,3.0,6.6,0.0,89.97,0.0,1.72,1.72,0.0,0.0,0.0
2025-08-11 11:06:07,3.3,6.6,0.0,89.97,0.0,1.09,1.09,0.0,0.0,0.0
2025-08-11 11:06:08,2.6,6.6,0.0,89.97,0.0,1.74,1.74,0.0,0.0,0.0
2025-08-11 11:06:09,2.7,6.6,0.0,89.97,0.0,1.33,1.33,0.0,0.0,0.0
2025-08-11 11:06:10,2.9,6.6,0.0,89.97,0.0,1.72,1.72,0.0,0.0,0.0
2025-08-11 11:06:11,2.3,6.6,0.0,89.97,0.0,0.77,0.77,0.0,0.0,0.0
2025-08-11 11:06:12,2.8,6.6,0.0,89.97,0.0,1.99,1.99,0.0,0.0,0.0
2025-08-11 11:06:13,2.5,6.6,0.0,89.97,0.0,0.96,0.96,0.0,0.0,0.0
2025-08-11 11:06:14,3.3,6.6,0.0,89.97,0.0,1.7,1.7,0.0,0.0,0.0
2025-08-11 11:06:15,2.5,6.6,0.0,89.97,0.0,1.37,1.37,0.0,0.0,0.0
2025-08-11 11:06:16,2.4,6.6,0.0,89.97,0.0,1.77,1.77,0.0,0.0,0.0
2025-08-11 11:06:17,3.4,6.6,0.0,89.97,0.0,1.2,1.2,0.0,0.0,0.0
2025-08-11 11:06:18,2.3,6.6,0.0,89.97,0.0,1.81,1.81,0.0,0.0,0.0
2025-08-11 11:06:19,3.9,6.6,0.0,89.97,0.0,0.73,0.73,0.0,0.0,0.0
2025-08-11 11:06:20,4.0,6.6,0.0,89.97,0.0,1.96,1.96,0.0,0.0,0.0
2025-08-11 11:06:21,3.3,6.6,0.0,89.97,0.0,0.72,0.72,0.0,0.0,0.0
2025-08-11 11:06:22,3.0,6.6,0.0,89.97,0.0,1.95,1.95,0.0,0.0,0.0
2025-08-11 11:06:23,2.8,6.6,0.0,89.97,0.0,0.81,0.81,0.0,0.0,0.0
2025-08-11 11:06:24,2.7,6.6,0.0,89.97,0.0,7.86,7.86,0.0,0.0,0.0
2025-08-11 11:06:25,3.4,6.6,0.0,89.97,0.0,2.65,2.65,0.0,0.0,0.0
2025-08-11 11:06:26,2.6,6.6,0.0,89.97,0.0,2.54,2.54,0.0,0.0,0.0
2025-08-11 11:06:27,3.0,6.6,0.0,89.97,0.0,1.38,1.38,0.0,0.0,0.0
2025-08-11 11:06:28,6.5,6.6,0.0,89.97,0.0,1.61,1.61,0.0,0.0,0.0
2025-08-11 11:06:29,5.0,6.6,0.0,89.97,0.0,1.03,1.03,0.0,0.0,0.0
2025-08-11 11:06:30,3.2,6.6,0.0,89.97,0.0,8.23,8.23,0.0,0.0,0.0
2025-08-11 11:06:31,4.2,6.6,0.0,89.97,0.0,0.71,0.71,0.0,0.0,0.0
2025-08-11 11:06:32,3.2,6.6,0.0,89.97,0.0,2.74,2.74,0.0,0.0,0.0
2025-08-11 11:06:33,3.7,6.6,0.0,89.97,0.0,0.5,0.5,0.0,0.0,0.0
2025-08-11 11:06:34,3.5,6.6,0.0,89.97,0.0,0.85,0.85,0.0,0.0,0.0
2025-08-11 11:06:35,3.2,6.6,0.0,89.97,0.0,2.04,2.04,0.0,0.0,0.0
2025-08-11 11:06:36,2.0,6.6,0.0,89.97,0.0,1.14,1.14,0.0,0.0,0.0
2025-08-11 11:06:37,4.0,6.6,97.0,89.97,0.0,2.22,2.22,0.01,0.01,0.01
2025-08-11 11:06:38,2.0,6.6,98.0,89.97,0.0,0.9,0.9,0.0,0.0,0.0
2025-08-11 11:06:39,3.6,6.6,98.0,89.97,0.0,1.72,1.72,0.0,0.0,0.0
2025-08-11 11:06:40,2.7,6.6,98.0,89.97,0.0,0.84,0.84,0.0,0.0,0.0
2025-08-11 11:06:41,3.5,6.6,98.0,89.97,0.0,2.35,2.35,0.0,0.0,0.0
2025-08-11 11:06:42,4.4,6.6,96.0,89.97,0.0,0.86,0.86,0.0,0.0,0.0
2025-08-11 11:06:43,3.1,6.6,97.0,89.97,0.0,1.93,1.93,0.0,0.0,0.0
2025-08-11 11:06:44,2.7,6.6,98.0,89.97,0.0,1.01,1.01,0.0,0.0,0.0
2025-08-11 11:06:45,2.5,6.6,97.0,89.97,0.0,1.77,1.77,0.0,0.0,0.0
2025-08-11 11:06:46,2.2,6.6,98.0,89.97,0.0,1.21,1.21,0.0,0.0,0.0
2025-08-11 11:06:47,2.7,6.6,97.0,89.97,0.0,1.72,1.72,0.0,0.0,0.0
2025-08-11 11:06:48,2.4,6.6,98.0,89.97,0.0,0.93,0.93,0.0,0.0,0.0
2025-08-11 11:06:49,3.5,6.6,97.0,89.97,0.0,2.53,2.53,0.0,0.0,0.0
2025-08-11 11:06:50,3.2,6.6,98.0,89.97,0.0,0.83,0.83,0.0,0.0,0.0
2025-08-11 11:06:51,2.6,6.6,98.0,89.97,0.0,1.71,1.71,0.0,0.0,0.0
2025-08-11 11:06:52,3.3,6.6,98.0,89.97,0.0,1.3,1.3,0.0,0.0,0.0
2025-08-11 11:06:53,2.5,6.6,98.0,89.97,0.0,2.19,2.19,0.0,0.0,0.0
2025-08-11 11:06:54,2.3,6.6,98.0,89.97,0.0,0.98,0.98,0.0,0.0,0.0
2025-08-11 11:06:55,3.1,6.6,97.0,89.97,0.0,1.87,1.87,0.0,0.0,0.0
2025-08-11 11:06:56,2.1,6.6,98.0,89.97,0.0,0.7,0.7,0.0,0.0,0.0
2025-08-11 11:06:57,2.3,6.6,97.0,89.97,0.0,2.26,2.26,0.0,0.0,0.0
2025-08-11 11:06:58,3.9,6.6,97.0,89.97,0.0,1.07,1.07,0.0,0.0,0.0
2025-08-11 11:06:59,3.0,6.6,98.0,89.97,0.0,1.69,1.69,0.0,0.0,0.0
2025-08-11 11:07:00,2.3,6.6,98.0,89.97,0.0,15.36,15.36,0.0,0.0,0.01
2025-08-11 11:07:01,2.5,6.6,97.0,89.97,0.0,1.7,1.7,0.0,0.0,0.0
2025-08-11 11:07:02,2.7,6.6,98.0,89.97,0.0,1.02,1.02,0.0,0.0,0.0
2025-08-11 11:07:03,2.9,6.6,97.0,89.97,0.0,2.22,2.22,0.0,0.0,0.0
2025-08-11 11:07:04,4.5,6.6,97.0,89.97,0.0,0.69,0.69,0.0,0.0,0.0
2025-08-11 11:07:05,3.8,6.6,97.0,89.97,0.0,1.77,1.77,0.0,0.0,0.0
2025-08-11 11:07:06,2.9,6.6,98.0,89.97,0.0,0.33,0.33,0.0,0.0,0.0
2025-08-11 11:07:07,3.1,6.6,97.0,89.97,0.0,2.52,2.52,0.0,0.0,0.0
2025-08-11 11:07:08,3.6,6.6,97.0,89.97,0.0,1.09,1.09,0.0,0.0,0.0
2025-08-11 11:07:09,2.3,6.6,98.0,89.97,0.0,1.78,1.78,0.0,0.0,0.0
2025-08-11 11:07:10,2.9,6.6,97.0,89.97,0.0,1.29,1.29,0.0,0.0,0.0
2025-08-11 11:07:11,3.2,6.6,97.0,89.97,0.0,1.49,1.49,0.0,0.0,0.0
2025-08-11 11:07:12,2.9,6.6,98.0,89.97,0.0,0.61,0.61,0.0,0.0,0.0
2025-08-11 11:07:13,3.4,6.6,97.0,89.97,0.0,0.98,0.98,0.0,0.0,0.0
2025-08-11 11:07:14,4.9,6.6,97.0,89.97,0.0,2.28,2.28,0.0,0.0,0.0
2025-08-11 11:07:15,2.8,6.6,98.0,89.97,0.0,1.3,1.3,0.0,0.0,0.0
2025-08-11 11:07:16,2.3,6.6,98.0,89.97,0.0,1.62,1.62,0.0,0.0,0.0
2025-08-11 11:07:17,2.8,6.6,98.0,89.97,0.0,0.88,0.88,0.0,0.0,0.0
2025-08-11 11:07:18,2.7,6.6,98.0,89.97,0.0,1.81,1.81,0.0,0.0,0.0
2025-08-11 11:07:19,2.4,6.6,98.0,89.97,0.0,2.11,2.11,0.0,0.0,0.0
2025-08-11 11:07:20,2.9,6.6,98.0,89.97,0.0,1.51,1.51,0.0,0.0,0.0
2025-08-11 11:07:21,3.8,6.6,0.0,89.97,0.0,0.93,0.93,0.01,0.0,0.01
2025-08-11 11:07:23,3.5,6.6,0.0,89.97,0.0,1.72,1.72,0.0,0.0,0.0
2025-08-11 11:07:24,3.4,6.6,0.0,89.97,0.0,1.06,1.06,0.0,0.0,0.0
2025-08-11 11:07:25,3.5,6.6,0.0,89.97,0.0,9.87,9.87,0.0,0.0,0.0
2025-08-11 11:07:26,3.4,6.6,0.0,89.97,0.0,1.12,1.12,0.0,0.0,0.0
2025-08-11 11:07:27,2.6,6.6,0.0,89.97,0.0,2.02,2.02,0.0,0.0,0.0
2025-08-11 11:07:28,2.3,6.6,0.0,89.97,0.0,1.21,1.21,0.0,0.0,0.0
2025-08-11 11:07:29,3.4,6.6,0.0,89.97,0.0,2.13,2.13,0.0,0.0,0.0
2025-08-11 11:07:30,1.5,6.6,0.0,89.97,0.0,1.74,1.74,0.0,0.0,0.0
2025-08-11 11:07:31,1.5,6.6,0.0,89.97,0.0,1.79,1.79,0.0,0.0,0.01
2025-08-11 11:07:32,1.4,6.6,0.0,89.97,0.0,6.98,6.98,0.0,0.0,0.0
2025-08-11 11:07:33,2.0,6.6,0.0,89.97,0.0,1.86,1.86,0.0,0.0,0.0
2025-08-11 11:07:34,1.8,6.6,0.0,89.97,0.0,1.15,1.15,0.0,0.0,0.0
2025-08-11 11:07:35,2.0,6.6,0.0,89.97,0.0,3.42,3.42,0.0,0.0,0.0
2025-08-11 11:07:36,2.1,6.6,0.0,89.97,0.0,1.02,1.02,0.0,0.0,0.0
2025-08-11 11:07:37,1.6,6.6,0.0,89.97,0.0,1.66,1.66,0.0,0.0,0.0
2025-08-11 11:07:38,2.6,6.6,0.0,89.97,0.0,1.19,1.19,0.0,0.0,0.0
2025-08-11 11:07:39,1.6,6.6,0.0,89.97,0.0,2.09,2.09,0.0,0.0,0.0
2025-08-11 11:07:40,2.3,6.6,0.0,89.97,0.0,0.89,0.89,0.0,0.0,0.0
2025-08-11 11:07:41,1.3,6.6,0.0,89.97,0.0,2.09,2.09,0.0,0.0,0.0
2025-08-11 11:07:42,1.9,6.6,0.0,89.97,0.0,0.63,0.63,0.0,0.0,0.0
2025-08-11 11:07:43,1.5,6.6,0.0,89.97,0.0,1.98,1.98,0.0,0.0,0.0
2025-08-11 11:07:44,1.6,6.6,0.0,89.97,0.0,1.19,1.19,0.0,0.0,0.0
2025-08-11 11:07:45,3.7,6.6,0.0,89.97,0.0,1.71,1.71,0.0,0.0,0.0
2025-08-11 11:07:46,1.8,6.6,0.0,89.97,0.0,1.37,1.37,0.0,0.0,0.0
2025-08-11 11:07:47,1.2,6.6,0.0,89.97,0.0,1.54,1.54,0.0,0.0,0.0
2025-08-11 11:07:48,1.9,6.6,0.0,89.97,0.0,0.46,0.46,0.0,0.0,0.0
2025-08-11 11:07:49,1.8,6.6,0.0,89.97,0.0,2.55,2.55,0.0,0.0,0.0
2025-08-11 11:07:50,3.6,6.6,0.0,89.97,0.0,0.29,0.29,0.0,0.0,0.0
2025-08-11 11:07:51,2.4,6.6,0.0,89.97,0.0,2.42,2.42,0.0,0.0,0.0
2025-08-11 11:07:52,1.8,6.6,0.0,89.97,0.0,0.48,0.48,0.0,0.0,0.0
2025-08-11 11:07:53,1.9,6.6,0.0,89.97,0.0,2.07,2.07,0.0,0.0,0.0
2025-08-11 11:07:54,1.8,6.6,0.0,89.97,0.0,1.27,1.27,0.0,0.0,0.0
2025-08-11 11:07:55,2.0,6.6,0.0,89.97,0.0,0.25,0.25,0.0,0.0,0.0
2025-08-11 11:07:56,2.5,6.6,0.0,89.97,0.0,1.88,1.88,0.0,0.0,0.0
2025-08-11 11:07:57,1.4,6.6,0.0,89.97,0.0,1.0,1.0,0.0,0.0,0.0
2025-08-11 11:07:58,1.9,6.6,0.0,89.97,0.0,1.93,1.93,0.0,0.0,0.0
2025-08-11 11:07:59,4.2,6.6,0.0,89.97,0.0,1.16,1.16,0.0,0.0,0.0
2025-08-11 11:08:00,4.2,6.6,0.0,89.97,0.0,1.79,1.79,0.0,0.0,0.0
2025-08-11 11:08:01,2.3,6.6,0.0,89.97,0.0,0.75,0.75,0.0,0.0,0.0
2025-08-11 11:08:02,5.7,6.6,0.0,89.97,0.0,6.28,6.28,0.0,0.0,0.0
2025-08-11 11:08:03,2.4,6.6,0.0,89.97,0.0,0.87,0.87,0.0,0.0,0.0
2025-08-11 11:08:04,2.9,6.6,0.0,89.97,0.0,1.79,1.79,0.0,0.0,0.0
2025-08-11 11:08:05,3.0,6.6,0.0,89.97,0.0,1.08,1.08,0.0,0.0,0.0
2025-08-11 11:08:06,2.5,6.6,0.0,89.97,0.0,1.81,1.81,0.0,0.01,0.01
2025-08-11 11:08:07,2.9,6.6,0.0,89.97,0.0,0.84,0.84,0.0,0.0,0.0
2025-08-11 11:08:08,3.5,6.6,0.0,89.97,0.0,1.76,1.76,0.0,0.0,0.0
2025-08-11 11:08:09,2.6,6.6,0.0,89.97,0.0,0.91,0.91,0.0,0.0,0.0
2025-08-11 11:08:10,2.9,6.6,0.0,89.97,0.0,2.14,2.14,0.0,0.0,0.0
2025-08-11 11:08:11,2.7,6.6,0.0,89.97,0.0,0.66,0.66,0.0,0.0,0.0
2025-08-11 11:08:12,2.4,6.6,0.0,89.97,0.0,2.06,2.06,0.0,0.0,0.0
2025-08-11 11:08:13,4.2,6.6,0.0,89.97,0.0,0.87,0.87,0.0,0.0,0.0
2025-08-11 11:08:14,3.2,6.6,0.0,89.97,0.0,1.96,1.96,0.0,0.0,0.0
2025-08-11 11:08:15,2.7,6.6,0.0,89.97,0.0,1.57,1.57,0.0,0.0,0.0
2025-08-11 11:08:16,1.6,6.6,0.0,89.97,0.0,1.86,1.86,0.0,0.0,0.0
2025-08-11 11:08:17,1.8,6.6,0.0,89.97,0.0,0.77,0.77,0.0,0.0,0.0
2025-08-11 11:08:18,2.1,6.6,0.0,89.97,0.0,2.12,2.12,0.0,0.0,0.0
2025-08-11 11:08:19,2.1,6.6,0.0,89.97,0.0,0.85,0.85,0.0,0.0,0.0
2025-08-11 11:08:20,1.8,6.6,0.0,89.97,0.0,2.22,2.22,0.0,0.0,0.0
2025-08-11 11:08:21,2.1,6.6,0.0,89.97,0.0,0.87,0.87,0.0,0.0,0.0
2025-08-11 11:08:22,2.1,6.6,0.0,89.97,0.0,1.71,1.71,0.0,0.0,0.0
2025-08-11 11:08:23,3.5,6.6,0.0,89.97,0.0,1.09,1.09,0.0,0.0,0.0
2025-08-11 11:08:24,1.4,6.6,0.0,89.97,0.0,1.73,1.73,0.0,0.0,0.0
2025-08-11 11:08:25,2.7,6.6,0.0,89.97,0.0,8.72,8.72,0.0,0.0,0.0
2025-08-11 11:08:26,1.4,6.6,0.0,89.97,0.0,2.41,2.41,0.0,0.0,0.0
2025-08-11 11:08:27,1.6,6.6,0.0,89.97,0.0,0.33,0.33,0.0,0.0,0.0
2025-08-11 11:08:28,2.0,6.6,0.0,89.97,0.0,2.55,2.55,0.0,0.0,0.0
2025-08-11 11:08:29,3.4,6.6,0.0,89.97,0.0,1.17,1.17,0.0,0.0,0.0
2025-08-11 11:08:30,1.9,6.6,0.0,89.97,0.0,1.48,1.48,0.0,0.0,0.0
2025-08-11 11:08:31,1.8,6.6,0.0,89.97,0.0,0.63,0.63,0.0,0.0,0.0
2025-08-11 11:08:32,2.6,6.6,0.0,89.97,0.0,2.15,2.15,0.0,0.0,0.0
2025-08-11 11:08:33,1.9,6.6,0.0,89.97,0.0,7.64,7.64,0.0,0.0,0.0
2025-08-11 11:08:34,2.0,6.6,0.0,89.97,0.0,0.72,0.72,0.0,0.0,0.0
2025-08-11 11:08:35,3.7,6.6,0.0,89.97,0.0,1.58,1.58,0.0,0.0,0.0
2025-08-11 11:08:36,2.8,6.6,0.0,89.97,0.0,1.18,1.18,0.0,0.0,0.0
2025-08-11 11:08:37,2.3,6.6,0.0,89.97,0.0,1.6,1.6,0.0,0.0,0.0
2025-08-11 11:08:38,2.0,6.6,0.0,89.97,0.0,0.89,0.89,0.0,0.0,0.0
2025-08-11 11:08:39,1.9,6.6,0.0,89.97,0.0,2.14,2.14,0.0,0.0,0.0
2025-08-11 11:08:40,1.5,6.6,0.0,89.97,0.0,0.88,0.88,0.0,0.0,0.0
2025-08-11 11:08:41,1.7,6.6,0.0,89.97,0.0,2.07,2.07,0.0,0.0,0.0
2025-08-11 11:08:42,1.5,6.6,0.0,89.97,0.0,0.81,0.81,0.0,0.0,0.0
2025-08-11 11:08:43,4.3,6.6,0.0,89.97,0.0,1.64,1.64,0.0,0.0,0.0
2025-08-11 11:08:44,3.1,6.6,0.0,89.97,0.0,0.95,0.95,0.0,0.0,0.0
2025-08-11 11:08:45,3.9,6.6,0.0,89.97,0.0,2.1,2.1,0.0,0.0,0.0
2025-08-11 11:08:46,1.7,6.6,0.0,89.97,0.0,1.11,1.11,0.0,0.0,0.0
2025-08-11 11:08:47,1.8,6.6,0.0,89.97,0.0,1.63,1.63,0.0,0.0,0.0
2025-08-11 11:08:48,1.6,6.6,0.0,89.97,0.0,0.76,0.76,0.0,0.0,0.0
2025-08-11 11:08:49,2.0,6.6,0.0,89.97,0.0,1.88,1.88,0.0,0.0,0.0
2025-08-11 11:08:50,2.0,6.6,0.0,89.97,0.0,1.06,1.06,0.0,0.0,0.0
2025-08-11 11:08:51,1.8,6.6,0.0,89.97,0.0,1.64,1.64,0.0,0.0,0.01
2025-08-11 11:08:52,1.6,6.6,0.0,89.97,0.0,1.01,1.01,0.0,0.0,0.0
2025-08-11 11:08:53,2.0,6.6,0.0,89.97,0.0,1.72,1.72,0.0,0.0,0.0
2025-08-11 11:08:54,1.5,6.6,0.0,89.97,0.0,0.88,0.88,0.0,0.0,0.0
2025-08-11 11:08:55,2.5,6.6,0.0,89.97,0.0,2.2,2.2,0.0,0.0,0.0
2025-08-11 11:08:56,2.2,6.6,0.0,89.97,0.0,0.97,0.97,0.0,0.0,0.0
2025-08-11 11:08:57,1.8,6.6,0.0,89.97,0.0,2.16,2.16,0.0,0.0,0.0
2025-08-11 11:08:58,1.9,6.6,0.0,89.97,0.0,0.82,0.82,0.0,0.0,0.0
2025-08-11 11:08:59,2.0,6.6,0.0,89.97,0.0,1.72,1.72,0.0,0.0,0.0
2025-08-11 11:09:00,1.7,6.6,0.0,89.97,0.0,0.91,0.91,0.0,0.0,0.0
2025-08-11 11:09:01,1.4,6.6,0.0,89.97,0.0,1.75,1.75,0.0,0.0,0.0
2025-08-11 11:09:02,1.4,6.6,0.0,89.97,0.0,1.28,1.28,0.0,0.0,0.0
2025-08-11 11:09:03,2.0,6.6,0.0,89.97,0.0,6.21,6.21,0.0,0.0,0.0
2025-08-11 11:09:04,3.3,6.6,0.0,89.97,0.0,0.97,0.97,0.0,0.0,0.0
2025-08-11 11:09:05,2.6,6.6,0.0,89.97,0.0,1.63,1.63,0.0,0.0,0.0
2025-08-11 11:09:06,4.4,6.6,0.0,89.97,0.0,1.51,1.51,0.0,0.0,0.0
2025-08-11 11:09:07,2.7,6.6,0.0,89.97,0.0,1.79,1.79,0.0,0.0,0.0
2025-08-11 11:09:08,2.1,6.6,0.0,89.97,0.0,1.02,1.02,0.0,0.0,0.0
2025-08-11 11:09:09,1.5,6.6,0.0,89.97,0.0,1.6,1.6,0.0,0.0,0.0
2025-08-11 11:09:10,2.0,6.6,0.0,89.97,0.0,0.36,0.36,0.0,0.0,0.0
2025-08-11 11:09:11,1.4,6.6,0.0,89.97,0.0,2.33,2.33,0.0,0.0,0.0
2025-08-11 11:09:12,3.0,6.6,0.0,89.97,0.0,1.37,1.37,0.0,0.0,0.0
2025-08-11 11:09:13,2.1,6.6,0.0,89.97,0.0,1.43,1.43,0.0,0.0,0.0
2025-08-11 11:09:14,2.4,6.6,0.0,89.97,0.0,0.63,0.63,0.0,0.0,0.0
2025-08-11 11:09:15,2.2,6.6,0.0,89.97,0.0,0.61,0.61,0.0,0.0,0.0
2025-08-11 11:09:16,2.2,6.6,0.0,89.97,0.0,2.12,2.12,0.0,0.0,0.0
2025-08-11 11:09:17,1.8,6.6,0.0,89.97,0.0,1.05,1.05,0.0,0.0,0.0
2025-08-11 11:09:18,2.0,6.6,0.0,89.97,0.0,1.62,1.62,0.0,0.0,0.0
2025-08-11 11:09:19,2.9,6.6,0.0,89.97,0.0,0.93,0.93,0.0,0.0,0.0
2025-08-11 11:09:20,4.0,6.6,0.0,89.97,0.0,1.55,1.55,0.0,0.0,0.0
2025-08-11 11:09:21,1.8,6.6,0.0,89.97,0.0,1.05,1.05,0.0,0.0,0.0
2025-08-11 11:09:22,1.9,6.6,0.0,89.97,0.0,1.78,1.78,0.0,0.0,0.0
2025-08-11 11:09:23,1.4,6.6,0.0,89.97,0.0,1.11,1.11,0.0,0.0,0.0
2025-08-11 11:09:24,2.1,6.6,0.0,89.97,0.0,1.9,1.9,0.0,0.0,0.0
2025-08-11 11:09:25,2.8,6.6,0.0,89.97,0.0,8.37,8.37,0.0,0.0,0.0
2025-08-11 11:09:26,2.2,6.6,0.0,89.97,0.0,2.43,2.43,0.0,0.0,0.0
2025-08-11 11:09:27,1.5,6.6,0.0,89.97,0.0,0.98,0.98,0.0,0.0,0.0
2025-08-11 11:09:28,2.7,6.6,0.0,89.97,0.0,2.19,2.19,0.0,0.0,0.0
2025-08-11 11:09:29,4.1,6.6,0.0,89.97,0.0,0.86,0.86,0.0,0.0,0.0
2025-08-11 11:09:30,2.7,6.6,0.0,89.97,0.0,1.6,1.6,0.0,0.0,0.0
2025-08-11 11:09:31,1.4,6.6,0.0,89.97,0.0,0.91,0.91,0.0,0.0,0.0
2025-08-11 11:09:32,1.9,6.6,0.0,89.97,0.0,1.97,1.97,0.0,0.0,0.0
2025-08-11 11:09:33,1.6,6.6,0.0,89.97,0.0,1.22,1.22,0.0,0.0,0.0
2025-08-11 11:09:34,1.9,6.6,0.0,89.97,0.0,8.19,8.19,0.0,0.0,0.0
2025-08-11 11:09:35,1.7,6.6,0.0,89.97,0.0,0.84,0.84,0.0,0.0,0.0
2025-08-11 11:09:36,2.0,6.6,0.0,89.97,0.0,1.9,1.9,0.0,0.0,0.0
2025-08-11 11:09:37,2.8,6.6,0.0,89.97,0.0,1.29,1.29,0.0,0.0,0.0
2025-08-11 11:09:38,1.7,6.6,0.0,89.97,0.0,1.82,1.82,0.0,0.0,0.0
2025-08-11 11:09:39,2.2,6.6,0.0,89.97,0.0,0.75,0.75,0.0,0.0,0.0
2025-08-11 11:09:40,1.9,6.6,0.0,89.97,0.0,1.64,1.64,0.0,0.0,0.0
2025-08-11 11:09:41,3.3,6.6,0.0,89.97,0.0,0.92,0.92,0.0,0.0,0.0
2025-08-11 11:09:42,1.5,6.6,0.0,89.97,0.0,1.95,1.95,0.0,0.0,0.0
2025-08-11 11:09:43,2.3,6.6,0.0,89.97,0.0,1.29,1.29,0.0,0.0,0.0
2025-08-11 11:09:44,1.4,6.6,0.0,89.97,0.0,1.73,1.73,0.0,0.0,0.0
2025-08-11 11:09:45,2.3,6.6,0.0,89.97,0.0,0.57,0.57,0.0,0.0,0.0
2025-08-11 11:09:46,1.8,6.6,0.0,89.97,0.0,2.19,2.19,0.0,0.0,0.0
2025-08-11 11:09:47,2.3,6.6,0.0,89.97,0.0,0.82,0.82,0.0,0.0,0.0
2025-08-11 11:09:48,1.6,6.6,0.0,89.97,0.0,1.93,1.93,0.0,0.0,0.0
2025-08-11 11:09:49,2.1,6.6,0.0,89.97,0.0,0.92,0.92,0.0,0.0,0.0
2025-08-11 11:09:50,2.0,6.6,0.0,89.97,0.0,1.49,1.49,0.0,0.0,0.0
2025-08-11 11:09:51,2.3,6.6,0.0,89.97,0.0,1.11,1.11,0.0,0.0,0.0
2025-08-11 11:09:52,1.9,6.6,0.0,89.97,0.0,1.57,1.57,0.0,0.0,0.0
2025-08-11 11:09:53,2.1,6.6,0.0,89.97,0.0,1.48,1.48,0.0,0.0,0.0
2025-08-11 11:09:54,1.5,6.6,0.0,89.97,0.0,1.84,1.84,0.0,0.0,0.0
2025-08-11 11:09:55,4.2,6.6,0.0,89.97,0.0,0.35,0.35,0.0,0.0,0.0
2025-08-11 11:09:56,2.9,6.6,0.0,89.97,0.0,1.2,1.2,0.0,0.0,0.0
2025-08-11 11:09:57,2.2,6.6,0.0,89.97,0.0,1.62,1.62,0.0,0.0,0.0
2025-08-11 11:09:58,1.8,6.6,0.0,89.97,0.0,1.24,1.24,0.0,0.0,0.0
2025-08-11 11:09:59,3.2,6.6,0.0,89.97,0.0,1.98,1.98,0.0,0.0,0.0
2025-08-11 11:10:00,6.9,6.6,0.0,89.97,0.0,0.88,0.88,0.0,0.0,0.0
2025-08-11 11:10:01,6.0,6.6,0.0,89.97,0.0,1.64,1.64,0.0,0.0,0.0
2025-08-11 11:10:02,2.4,6.6,0.0,89.97,0.0,0.92,0.92,0.0,0.0,0.0
2025-08-11 11:10:03,2.7,6.6,0.0,89.97,0.0,1.83,1.83,0.0,0.0,0.0
2025-08-11 11:10:04,3.9,6.6,0.0,89.97,0.0,1.58,1.58,0.0,0.0,0.0
2025-08-11 11:10:05,4.3,6.6,0.0,89.97,0.0,6.18,6.18,0.0,0.0,0.0
2025-08-11 11:10:06,2.8,6.6,0.0,89.97,0.0,0.67,0.67,0.0,0.0,0.0
2025-08-11 11:10:07,3.4,6.6,0.0,89.97,0.0,2.04,2.04,0.0,0.0,0.0
2025-08-11 11:10:08,2.1,6.6,0.0,89.97,0.0,0.63,0.63,0.0,0.0,0.0
2025-08-11 11:10:09,2.8,6.6,0.0,89.97,0.0,2.48,2.48,0.0,0.0,0.0
2025-08-11 11:10:10,2.2,6.6,0.0,89.97,0.0,0.76,0.76,0.0,0.0,0.0
2025-08-11 11:10:11,2.4,6.6,0.0,89.97,0.0,1.88,1.88,0.0,0.0,0.0
2025-08-11 11:10:12,2.2,6.6,0.0,89.97,0.0,0.9,0.9,0.0,0.0,0.0
2025-08-11 11:10:13,3.3,6.6,0.0,89.97,0.0,1.69,1.69,0.0,0.0,0.0
2025-08-11 11:10:14,4.1,6.6,0.0,89.97,0.0,1.48,1.48,0.0,0.0,0.0
2025-08-11 11:10:15,3.0,6.6,0.0,89.97,0.0,1.97,1.97,0.0,0.0,0.0
2025-08-11 11:10:16,3.9,6.6,0.0,89.97,0.0,0.75,0.75,0.0,0.0,0.0
2025-08-11 11:10:17,4.5,6.6,0.0,89.97,0.0,1.77,1.77,0.0,0.0,0.0
2025-08-11 11:10:18,2.5,6.6,0.0,89.97,0.0,0.69,0.69,0.0,0.0,0.0
2025-08-11 11:10:19,2.8,6.6,0.0,89.97,0.0,2.78,2.78,0.0,0.0,0.0
2025-08-11 11:10:20,2.7,6.6,0.0,89.97,0.0,0.83,0.83,0.0,0.0,0.0
2025-08-11 11:10:21,2.2,6.6,0.0,89.97,0.0,1.83,1.83,0.0,0.0,0.0
2025-08-11 11:10:22,2.7,6.6,0.0,89.97,0.0,0.77,0.77,0.0,0.0,0.0
2025-08-11 11:10:23,2.3,6.6,0.0,89.97,0.0,1.93,1.93,0.0,0.0,0.0
2025-08-11 11:10:24,2.3,6.6,0.0,89.97,0.0,1.57,1.57,0.0,0.0,0.0
2025-08-11 11:10:25,3.5,6.6,0.0,89.97,0.0,7.68,7.68,0.0,0.0,0.0
2025-08-11 11:10:26,2.3,6.6,0.0,89.97,0.0,2.15,2.15,0.0,0.0,0.0
2025-08-11 11:10:27,2.7,6.6,0.0,89.97,0.0,0.85,0.85,0.0,0.0,0.0
2025-08-11 11:10:28,2.3,6.6,0.0,89.97,0.0,1.63,1.63,0.0,0.0,0.0
2025-08-11 11:10:29,2.4,6.6,0.0,89.97,0.0,1.17,1.17,0.0,0.0,0.0
2025-08-11 11:10:30,2.0,6.6,0.0,89.97,0.0,2.21,2.21,0.0,0.0,0.0
2025-08-11 11:10:31,1.6,6.6,0.0,89.97,0.0,0.84,0.84,0.0,0.0,0.0
2025-08-11 11:10:32,2.5,6.6,0.0,89.97,0.0,1.6,1.6,0.0,0.0,0.0
2025-08-11 11:10:33,2.0,6.6,0.0,89.97,0.0,0.67,0.67,0.0,0.0,0.0
2025-08-11 11:10:34,1.5,6.6,0.0,89.97,0.0,2.44,2.44,0.0,0.0,0.0
2025-08-11 11:10:35,2.4,6.6,0.0,89.97,0.0,7.17,7.17,0.0,0.0,0.0
2025-08-11 11:10:36,1.9,6.6,0.0,89.97,0.0,0.26,0.26,0.0,0.0,0.0
2025-08-11 11:10:37,2.6,6.6,0.0,89.97,0.0,1.74,1.74,0.0,0.0,0.0
2025-08-11 11:10:38,1.2,6.6,0.0,89.97,0.0,0.78,0.78,0.0,0.0,0.0
2025-08-11 11:10:39,2.0,6.6,0.0,89.97,0.0,1.91,1.91,0.0,0.0,0.0
2025-08-11 11:10:40,9.7,6.7,0.0,89.97,0.0,0.82,0.82,0.0,0.0,0.0
2025-08-11 11:10:41,11.3,7.0,0.0,89.97,0.0,1.79,1.79,0.0,0.0,0.0
2025-08-11 11:10:42,2.5,7.0,0.0,89.97,0.0,0.73,0.73,0.0,0.0,0.0
2025-08-11 11:10:43,4.1,7.0,0.0,89.97,0.0,1.76,1.76,0.0,0.0,0.0
2025-08-11 11:10:44,2.5,7.0,0.0,89.97,0.0,0.88,0.88,0.0,0.0,0.0
2025-08-11 11:10:45,2.6,7.0,0.0,89.97,0.0,2.26,2.26,0.0,0.0,0.0
2025-08-11 11:10:46,3.1,7.0,0.0,89.97,0.0,1.06,1.06,0.0,0.0,0.0
2025-08-11 11:10:47,3.9,7.0,0.0,89.97,0.0,2.03,2.03,0.0,0.0,0.0
2025-08-11 11:10:48,2.1,7.0,0.0,89.97,0.0,0.89,0.89,0.0,0.0,0.0
2025-08-11 11:10:49,3.9,7.0,0.0,89.97,0.0,1.84,1.84,0.0,0.0,0.0
2025-08-11 11:10:50,2.9,7.0,0.0,89.97,0.0,0.93,0.93,0.0,0.0,0.0
2025-08-11 11:10:51,2.5,7.0,0.0,89.97,0.0,2.26,2.26,0.0,0.0,0.0
2025-08-11 11:10:52,1.7,7.0,0.0,89.97,0.0,0.7,0.7,0.0,0.0,0.0
2025-08-11 11:10:53,1.5,7.0,0.0,89.97,0.0,1.8,1.8,0.0,0.0,0.0
2025-08-11 11:10:54,2.0,7.0,0.0,89.97,0.0,0.73,0.73,0.0,0.0,0.0
2025-08-11 11:10:55,3.6,7.0,0.0,89.97,0.0,2.32,2.32,0.0,0.0,0.0
2025-08-11 11:10:56,1.9,7.0,0.0,89.97,0.0,1.07,1.07,0.0,0.0,0.0
2025-08-11 11:10:57,2.3,7.0,0.0,89.97,0.0,1.74,1.74,0.0,0.0,0.0
2025-08-11 11:10:59,4.4,7.0,0.0,89.97,0.0,0.8,0.8,0.0,0.0,0.0
2025-08-11 11:11:00,3.0,7.0,0.0,89.97,0.0,1.65,1.65,0.0,0.0,0.0
2025-08-11 11:11:01,2.3,7.0,0.0,89.97,0.0,1.1,1.1,0.0,0.0,0.0
2025-08-11 11:11:02,1.8,7.0,0.0,89.97,0.0,1.92,1.92,0.0,0.0,0.0
2025-08-11 11:11:03,3.0,7.0,0.0,89.97,0.0,1.26,1.26,0.0,0.0,0.0
2025-08-11 11:11:04,2.8,7.0,0.0,89.97,0.0,1.86,1.86,0.0,0.0,0.0
2025-08-11 11:11:05,3.1,7.0,0.0,89.97,0.0,0.52,0.52,0.0,0.0,0.0
2025-08-11 11:11:06,2.6,7.0,0.0,89.97,0.0,2.58,2.58,0.0,0.0,0.0
2025-08-11 11:11:07,4.8,7.0,0.0,89.97,0.0,5.27,5.27,0.0,0.0,0.0
2025-08-11 11:11:08,3.5,7.0,0.0,89.97,0.0,2.25,2.25,0.0,0.0,0.0
2025-08-11 11:11:09,2.9,7.0,0.0,89.97,0.0,0.94,0.94,0.0,0.0,0.0
2025-08-11 11:11:10,2.7,7.0,0.0,89.97,0.0,1.42,1.42,0.0,0.0,0.0
2025-08-11 11:11:11,3.3,7.0,0.0,89.97,0.0,1.34,1.34,0.0,0.0,0.0
2025-08-11 11:11:12,2.5,7.0,0.0,89.97,0.0,1.45,1.45,0.0,0.0,0.0
2025-08-11 11:11:13,2.9,7.0,0.0,89.97,0.0,1.45,1.45,0.0,0.0,0.0
2025-08-11 11:11:14,4.1,7.0,0.0,89.97,0.0,1.67,1.67,0.0,0.0,0.0
2025-08-11 11:11:15,3.8,7.0,0.0,89.97,0.0,0.4,0.4,0.0,0.0,0.0
2025-08-11 11:11:16,2.5,7.0,0.0,89.97,0.0,1.52,1.52,0.0,0.0,0.0
2025-08-11 11:11:17,3.8,7.0,0.0,89.97,0.0,1.96,1.96,0.0,0.0,0.0
2025-08-11 11:11:18,3.0,7.0,0.0,89.97,0.0,1.29,1.29,0.0,0.0,0.0
2025-08-11 11:11:19,3.0,7.0,0.0,89.97,0.0,1.52,1.52,0.0,0.0,0.0
2025-08-11 11:11:20,2.6,7.0,0.0,89.97,0.0,0.98,0.98,0.0,0.0,0.0
2025-08-11 11:11:21,3.1,7.0,0.0,89.97,0.0,1.88,1.88,0.0,0.0,0.0
2025-08-11 11:11:22,2.7,7.0,0.0,89.97,0.0,1.0,1.0,0.0,0.0,0.0
2025-08-11 11:11:23,3.4,7.0,0.0,89.97,0.0,1.61,1.61,0.0,0.0,0.0
2025-08-11 11:11:24,2.7,7.0,0.0,89.97,0.0,1.26,1.26,0.0,0.0,0.0
2025-08-11 11:11:25,3.1,7.0,0.0,89.97,0.0,1.95,1.95,0.0,0.0,0.0
2025-08-11 11:11:26,3.4,7.0,0.0,89.97,0.0,8.71,8.71,0.0,0.0,0.0
2025-08-11 11:11:27,3.4,7.0,0.0,89.97,0.0,2.09,2.09,0.0,0.0,0.0
2025-08-11 11:11:28,2.4,7.0,0.0,89.97,0.0,1.09,1.09,0.0,0.0,0.0
2025-08-11 11:11:29,3.2,7.0,0.0,89.97,0.0,1.76,1.76,0.0,0.0,0.0
2025-08-11 11:11:30,2.8,7.0,0.0,89.97,0.0,0.7,0.7,0.0,0.0,0.0
2025-08-11 11:11:31,4.0,7.0,0.0,89.97,0.0,1.96,1.96,0.0,0.0,0.0
2025-08-11 11:11:32,3.0,7.0,0.0,89.97,0.0,1.13,1.13,0.0,0.0,0.0
2025-08-11 11:11:33,2.6,7.0,0.0,89.97,0.0,1.83,1.83,0.0,0.0,0.0
2025-08-11 11:11:34,3.0,7.0,0.0,89.97,0.0,1.18,1.18,0.0,0.0,0.0
2025-08-11 11:11:35,4.9,7.0,0.0,89.97,0.0,1.82,1.82,0.0,0.0,0.0
2025-08-11 11:11:36,3.7,7.0,0.0,89.97,0.0,0.77,0.77,0.0,0.0,0.0
2025-08-11 11:11:37,5.8,7.0,0.0,89.97,0.0,8.19,8.19,0.0,0.0,0.0
2025-08-11 11:11:38,4.7,7.0,0.0,89.97,0.0,0.83,0.83,0.0,0.0,0.0
2025-08-11 11:11:39,3.1,7.0,0.0,89.97,0.0,2.1,2.1,0.0,0.0,0.0
2025-08-11 11:11:40,3.1,7.0,0.0,89.97,0.0,0.79,0.79,0.0,0.0,0.0
2025-08-11 11:11:41,2.9,7.0,0.0,89.97,0.0,1.66,1.66,0.0,0.0,0.0
2025-08-11 11:11:42,2.9,7.0,0.0,89.97,0.0,1.2,1.2,0.0,0.0,0.0
2025-08-11 11:11:43,2.5,7.0,0.0,89.97,0.0,1.83,1.83,0.0,0.0,0.0
2025-08-11 11:11:44,4.7,7.0,0.0,89.97,0.0,1.35,1.35,0.0,0.0,0.0
2025-08-11 11:11:45,4.0,7.0,0.0,89.97,0.0,1.73,1.73,0.0,0.0,0.0
2025-08-11 11:11:46,2.8,7.0,99.0,89.97,0.0,0.74,0.74,0.01,0.03,0.04
2025-08-11 11:11:47,3.3,7.0,98.0,89.97,0.0,2.69,2.69,0.0,0.0,0.0
2025-08-11 11:11:48,4.4,7.0,97.0,89.97,0.0,0.7,0.7,0.0,0.0,0.0
2025-08-11 11:11:49,2.7,7.0,98.0,89.97,0.0,2.48,2.48,0.0,0.0,0.0
2025-08-11 11:11:50,3.3,7.0,98.0,89.97,0.0,0.74,0.74,0.0,0.0,0.0
2025-08-11 11:11:51,2.5,7.0,97.0,89.97,0.0,1.59,1.59,0.0,0.0,0.01
2025-08-11 11:11:52,3.1,7.0,97.0,89.97,0.0,1.33,1.33,0.0,0.0,0.01
2025-08-11 11:11:53,2.5,7.0,97.0,89.97,0.0,1.65,1.65,0.0,0.0,0.01
2025-08-11 11:11:54,2.9,7.0,97.0,89.97,0.0,0.89,0.89,0.0,0.0,0.0
2025-08-11 11:11:55,3.2,7.0,98.0,89.97,0.0,2.01,2.01,0.0,0.0,0.0
2025-08-11 11:11:56,4.1,7.0,98.0,89.97,0.0,1.13,1.13,0.0,0.0,0.0
2025-08-11 11:11:57,2.5,7.0,97.0,89.97,0.0,1.82,1.82,0.0,0.0,0.0
2025-08-11 11:11:58,3.6,7.0,0.0,89.97,0.0,1.09,1.09,0.0,0.0,0.01
2025-08-11 11:11:59,3.4,7.0,0.0,89.97,0.0,0.36,0.36,0.0,0.0,0.0
2025-08-11 11:12:00,3.1,7.0,0.0,89.97,0.0,1.66,1.66,0.0,0.0,0.0
2025-08-11 11:12:01,3.5,7.0,0.0,89.97,0.0,0.88,0.88,0.0,0.0,0.01
2025-08-11 11:12:02,2.9,7.0,0.0,89.97,0.0,2.39,2.39,0.0,0.0,0.0
2025-08-11 11:12:03,2.8,7.0,0.0,89.97,0.0,0.6,0.6,0.0,0.0,0.0
2025-08-11 11:12:04,3.0,7.0,0.0,89.97,0.0,1.93,1.93,0.0,0.0,0.0
2025-08-11 11:12:05,2.6,7.0,0.0,89.97,0.0,1.35,1.35,0.0,0.0,0.0
2025-08-11 11:12:06,3.3,7.0,0.0,89.97,0.0,1.72,1.72,0.0,0.0,0.0
2025-08-11 11:12:07,3.0,7.0,0.0,89.97,0.0,1.2,1.2,0.0,0.0,0.0
2025-08-11 11:12:08,3.8,7.0,0.0,89.97,0.0,6.2,6.2,0.0,0.0,0.0
2025-08-11 11:12:09,3.0,7.0,0.0,89.97,0.0,0.85,0.85,0.0,0.0,0.0
2025-08-11 11:12:10,3.3,7.0,0.0,89.97,0.0,2.26,2.26,0.0,0.0,0.0
2025-08-11 11:12:11,2.7,7.0,0.0,89.97,0.0,0.76,0.76,0.0,0.0,0.01
2025-08-11 11:12:12,3.2,7.0,0.0,89.97,0.0,1.64,1.64,0.0,0.0,0.0
2025-08-11 11:12:13,3.3,7.0,0.0,89.97,0.0,1.04,1.04,0.0,0.0,0.0
2025-08-11 11:12:14,2.8,7.0,0.0,89.97,0.0,1.86,1.86,0.0,0.0,0.0
2025-08-11 11:12:15,3.8,7.0,0.0,89.97,0.0,1.21,1.21,0.0,0.0,0.0
2025-08-11 11:12:16,3.3,7.0,0.0,89.97,0.0,1.77,1.77,0.0,0.0,0.0
2025-08-11 11:12:17,3.0,7.0,0.0,89.97,0.0,0.72,0.72,0.0,0.0,0.0
2025-08-11 11:12:18,3.4,7.0,0.0,89.97,0.0,2.56,2.56,0.0,0.0,0.0
2025-08-11 11:12:19,3.7,7.0,0.0,89.97,0.0,1.02,1.02,0.0,0.0,0.0
2025-08-11 11:12:20,4.2,7.0,0.0,89.97,0.0,2.18,2.18,0.0,0.0,0.0
2025-08-11 11:12:21,3.6,7.0,0.0,89.97,0.0,0.93,0.93,0.0,0.0,0.0
2025-08-11 11:12:22,2.7,7.0,0.0,89.97,0.0,1.78,1.78,0.0,0.0,0.0
2025-08-11 11:12:23,2.6,7.0,0.0,89.97,0.0,0.88,0.88,0.0,0.0,0.0
2025-08-11 11:12:24,2.7,7.0,0.0,89.97,0.0,1.67,1.67,0.0,0.0,0.0
2025-08-11 11:12:25,3.5,7.0,0.0,89.97,0.0,1.5,1.5,0.0,0.0,0.0
2025-08-11 11:12:26,2.6,7.0,0.0,89.97,0.0,7.48,7.48,0.0,0.0,0.0
2025-08-11 11:12:27,2.5,7.0,0.0,89.97,0.0,2.33,2.33,0.0,0.0,0.0
2025-08-11 11:12:28,5.4,7.0,0.0,89.97,0.0,0.47,0.47,0.0,0.0,0.0
2025-08-11 11:12:29,5.0,7.0,0.0,89.97,0.0,2.42,2.42,0.0,0.0,0.0
2025-08-11 11:12:30,4.5,7.0,0.0,89.97,0.0,0.45,0.45,0.0,0.0,0.0
2025-08-11 11:12:31,3.1,7.0,0.0,89.97,0.0,2.62,2.62,0.0,0.0,0.0
2025-08-11 11:12:32,4.1,7.0,0.0,89.97,0.0,1.13,1.13,0.0,0.0,0.0
2025-08-11 11:12:33,2.6,7.0,0.0,89.97,0.0,1.46,1.46,0.0,0.0,0.0
2025-08-11 11:12:34,2.9,7.0,0.0,89.97,0.0,0.56,0.56,0.0,0.0,0.0
2025-08-11 11:12:35,3.0,7.0,0.0,89.97,0.0,2.22,2.22,0.0,0.0,0.0
2025-08-11 11:12:36,2.9,7.0,0.0,89.97,0.0,1.09,1.09,0.0,0.0,0.0
2025-08-11 11:12:37,3.6,7.0,0.0,89.97,0.0,2.14,2.14,0.0,0.0,0.0
2025-08-11 11:12:38,3.5,7.0,0.0,89.97,0.0,6.28,6.28,0.0,0.0,0.0
2025-08-11 11:12:39,2.8,7.0,0.0,89.97,0.0,0.87,0.87,0.0,0.0,0.0
2025-08-11 11:12:40,3.2,7.0,0.0,89.97,0.0,1.87,1.87,0.0,0.0,0.0
2025-08-11 11:12:41,2.5,7.0,0.0,89.97,0.0,1.27,1.27,0.0,0.0,0.0
2025-08-11 11:12:42,2.9,7.0,0.0,89.97,0.0,1.73,1.73,0.0,0.0,0.0
2025-08-11 11:12:43,2.5,7.0,0.0,89.97,0.0,1.02,1.02,0.0,0.0,0.0
2025-08-11 11:12:44,4.0,7.0,0.0,89.97,0.0,1.57,1.57,0.0,0.0,0.0
2025-08-11 11:12:45,4.1,7.0,0.0,89.97,0.0,1.04,1.04,0.0,0.0,0.0
2025-08-11 11:12:46,3.8,7.0,0.0,89.97,0.0,1.75,1.75,0.0,0.0,0.0
2025-08-11 11:12:47,2.4,7.0,0.0,89.97,0.0,1.63,1.63,0.0,0.0,0.0
2025-08-11 11:12:48,3.9,7.0,0.0,89.97,0.0,1.6,1.6,0.0,0.0,0.0
2025-08-11 11:12:49,2.6,6.9,0.0,89.97,0.0,1.53,1.53,0.0,0.0,0.0
2025-08-11 11:12:50,2.9,6.9,0.0,89.97,0.0,1.8,1.8,0.0,0.0,0.0
2025-08-11 11:12:51,2.4,6.9,0.0,89.97,0.0,0.73,0.73,0.0,0.0,0.0
2025-08-11 11:12:52,3.7,6.9,0.0,89.97,0.0,2.27,2.27,0.0,0.0,0.0
2025-08-11 11:12:53,2.2,6.9,0.0,89.97,0.0,1.07,1.07,0.0,0.0,0.0
2025-08-11 11:12:54,2.4,6.9,0.0,89.97,0.0,1.74,1.74,0.0,0.0,0.0
2025-08-11 11:12:55,3.1,6.9,0.0,89.97,0.0,0.91,0.91,0.0,0.0,0.0
2025-08-11 11:12:56,2.5,6.9,0.0,89.97,0.0,1.86,1.86,0.0,0.0,0.0
2025-08-11 11:12:57,2.4,6.8,0.0,89.97,0.0,1.21,1.21,0.0,0.0,0.0
2025-08-11 11:12:58,3.2,6.8,0.0,89.97,0.0,1.67,1.67,0.0,0.0,0.0
2025-08-11 11:12:59,2.6,6.8,0.0,89.97,0.0,0.99,0.99,0.0,0.0,0.0
2025-08-11 11:13:00,2.9,6.8,0.0,89.97,0.0,1.65,1.65,0.0,0.0,0.0
2025-08-11 11:13:01,2.1,6.8,0.0,89.97,0.0,1.07,1.07,0.0,0.0,0.0
2025-08-11 11:13:02,2.4,6.8,0.0,89.97,0.0,2.0,2.0,0.0,0.0,0.0
2025-08-11 11:13:03,2.3,6.8,0.0,89.97,0.0,0.76,0.76,0.0,0.0,0.0
2025-08-11 11:13:04,3.5,6.7,0.0,89.97,0.0,2.2,2.2,0.0,0.0,0.0
2025-08-11 11:13:05,3.8,6.6,0.0,89.97,0.0,0.92,0.92,0.0,0.0,0.0
2025-08-11 11:13:06,1.8,6.6,0.0,89.97,0.0,1.85,1.85,0.0,0.0,0.0
2025-08-11 11:13:07,2.5,6.6,0.0,89.97,0.0,1.5,1.5,0.0,0.0,0.0
2025-08-11 11:13:08,1.7,6.6,0.0,89.97,0.0,1.61,1.61,0.0,0.0,0.0
2025-08-11 11:13:09,2.1,6.6,0.0,89.97,0.0,5.09,5.09,0.0,0.0,0.0
2025-08-11 11:13:10,1.6,6.6,0.0,89.97,0.0,2.26,2.26,0.0,0.0,0.0
2025-08-11 11:13:11,1.9,6.6,0.0,89.97,0.0,1.14,1.14,0.0,0.0,0.0
2025-08-11 11:13:12,1.3,6.6,0.0,89.97,0.0,2.15,2.15,0.0,0.0,0.0
2025-08-11 11:13:13,2.3,6.6,0.0,89.97,0.0,0.89,0.89,0.0,0.0,0.0
2025-08-11 11:13:14,3.9,6.6,0.0,89.97,0.0,1.62,1.62,0.0,0.0,0.0
2025-08-11 11:13:15,4.5,6.6,0.0,89.97,0.0,1.35,1.35,0.0,0.0,0.0
2025-08-11 11:13:16,1.6,6.6,0.0,89.97,0.0,1.63,1.63,0.0,0.0,0.0
2025-08-11 11:13:17,2.2,6.6,0.0,89.97,0.0,0.62,0.62,0.0,0.0,0.0
2025-08-11 11:13:18,2.8,6.6,0.0,89.97,0.0,0.79,0.79,0.0,0.0,0.0
2025-08-11 11:13:19,3.2,6.6,0.0,89.97,0.0,2.29,2.29,0.0,0.0,0.0
2025-08-11 11:13:20,2.5,6.6,0.0,89.97,0.0,1.02,1.02,0.0,0.0,0.0
2025-08-11 11:13:21,2.1,6.6,0.0,89.97,0.0,1.94,1.94,0.0,0.0,0.0
2025-08-11 11:13:22,1.4,6.6,0.0,89.97,0.0,1.16,1.16,0.0,0.0,0.0
2025-08-11 11:13:23,3.2,6.6,0.0,89.97,0.0,1.83,1.83,0.0,0.0,0.0
2025-08-11 11:13:24,1.3,6.6,0.0,89.97,0.0,0.89,0.89,0.0,0.0,0.0
2025-08-11 11:13:25,2.8,6.6,0.0,89.97,0.0,2.11,2.11,0.0,0.0,0.0
2025-08-11 11:13:26,3.3,6.6,0.0,89.97,0.0,8.46,8.46,0.0,0.0,0.0
2025-08-11 11:13:27,2.1,6.6,0.0,89.97,0.0,2.24,2.24,0.0,0.0,0.0
2025-08-11 11:13:28,2.4,6.6,0.0,89.97,0.0,1.31,1.31,0.0,0.0,0.0
2025-08-11 11:13:29,1.6,6.6,0.0,89.97,0.0,1.88,1.88,0.0,0.0,0.0
2025-08-11 11:13:30,1.3,6.6,0.0,89.97,0.0,0.78,0.78,0.0,0.0,0.0
2025-08-11 11:13:31,1.7,6.6,0.0,89.97,0.0,1.9,1.9,0.0,0.0,0.0
2025-08-11 11:13:32,1.7,6.6,0.0,89.97,0.0,0.72,0.72,0.0,0.0,0.0
2025-08-11 11:13:33,1.8,6.6,0.0,89.97,0.0,2.29,2.29,0.0,0.0,0.0
2025-08-11 11:13:34,1.7,6.6,0.0,89.97,0.0,0.75,0.75,0.0,0.0,0.0
2025-08-11 11:13:35,2.3,6.6,0.0,89.97,0.0,1.95,1.95,0.0,0.0,0.0
2025-08-11 11:13:36,2.0,6.6,0.0,89.97,0.0,1.04,1.04,0.0,0.0,0.0
2025-08-11 11:13:37,2.7,6.6,0.0,89.97,0.0,2.09,2.09,0.0,0.0,0.0
2025-08-11 11:13:38,2.4,6.6,0.0,89.97,0.0,1.21,1.21,0.0,0.0,0.0
2025-08-11 11:13:39,1.9,6.6,0.0,89.97,0.0,1.73,1.73,0.0,0.0,0.0
2025-08-11 11:13:40,1.5,6.6,0.0,89.97,0.0,6.98,6.98,0.0,0.0,0.0
2025-08-11 11:13:41,1.6,6.6,0.0,89.97,0.0,1.75,1.75,0.0,0.0,0.0
2025-08-11 11:13:42,1.5,6.6,0.0,89.97,0.0,0.83,0.83,0.0,0.0,0.0
2025-08-11 11:13:43,1.6,6.6,0.0,89.97,0.0,2.32,2.32,0.0,0.0,0.0
2025-08-11 11:13:44,2.2,6.6,0.0,89.97,0.0,0.81,0.81,0.0,0.0,0.0
2025-08-11 11:13:45,2.2,6.6,0.0,89.97,0.0,1.75,1.75,0.0,0.0,0.0
2025-08-11 11:13:46,2.1,6.6,0.0,89.97,0.0,0.14,0.14,0.0,0.0,0.0
2025-08-11 11:13:47,2.2,6.6,0.0,89.97,0.0,2.7,2.7,0.0,0.0,0.0
2025-08-11 11:13:48,2.4,6.6,0.0,89.97,0.0,0.88,0.88,0.0,0.0,0.0
2025-08-11 11:13:49,3.3,6.6,0.0,89.97,0.0,1.94,1.94,0.0,0.0,0.0
2025-08-11 11:13:50,3.5,6.6,0.0,89.97,0.0,0.88,0.88,0.0,0.0,0.0
2025-08-11 11:13:51,1.8,6.6,0.0,89.97,0.0,1.73,1.73,0.0,0.0,0.0
2025-08-11 11:13:52,1.8,6.6,0.0,89.97,0.0,0.22,0.22,0.0,0.0,0.0
2025-08-11 11:13:53,1.6,6.6,0.0,89.97,0.0,2.54,2.54,0.0,0.0,0.0
2025-08-11 11:13:54,1.9,6.6,0.0,89.97,0.0,1.5,1.5,0.0,0.0,0.0
2025-08-11 11:13:55,1.9,6.6,0.0,89.97,0.0,1.62,1.62,0.0,0.0,0.0
2025-08-11 11:13:56,1.7,6.6,0.0,89.97,0.0,1.12,1.12,0.0,0.0,0.0
2025-08-11 11:13:57,1.3,6.6,0.0,89.97,0.0,1.74,1.74,0.0,0.0,0.0
2025-08-11 11:13:58,3.6,6.6,0.0,89.97,0.0,0.4,0.4,0.0,0.0,0.0
2025-08-11 11:13:59,3.1,6.6,0.0,89.97,0.0,1.38,1.38,0.0,0.0,0.0
2025-08-11 11:14:00,3.0,6.6,0.0,89.97,0.0,1.53,1.53,0.0,0.0,0.0
2025-08-11 11:14:01,2.0,6.6,0.0,89.97,0.0,0.85,0.85,0.0,0.0,0.0
2025-08-11 11:14:02,1.8,6.6,0.0,89.97,0.0,1.63,1.63,0.0,0.0,0.0
2025-08-11 11:14:03,1.6,6.6,0.0,89.97,0.0,0.97,0.97,0.0,0.0,0.0
2025-08-11 11:14:04,2.1,6.6,0.0,89.97,0.0,2.07,2.07,0.0,0.0,0.0
2025-08-11 11:14:05,2.9,6.6,0.0,89.97,0.0,1.02,1.02,0.0,0.0,0.0
2025-08-11 11:14:06,1.9,6.6,0.0,89.97,0.0,1.78,1.78,0.0,0.0,0.0
2025-08-11 11:14:07,1.8,6.6,0.0,89.97,0.0,0.75,0.75,0.0,0.0,0.0
2025-08-11 11:14:08,6.4,6.6,0.0,89.97,0.0,1.76,1.76,0.0,0.0,0.0
2025-08-11 11:14:09,6.5,6.6,0.0,89.97,0.0,1.08,1.08,0.0,0.0,0.0
2025-08-11 11:14:10,4.9,6.6,0.0,89.97,0.0,6.46,6.46,0.0,0.0,0.0
2025-08-11 11:14:11,3.3,6.6,0.0,89.97,0.0,0.98,0.98,0.0,0.0,0.0
2025-08-11 11:14:12,2.9,6.6,0.0,89.97,0.0,1.77,1.77,0.0,0.0,0.0
2025-08-11 11:14:13,2.3,6.6,0.0,89.97,0.0,0.94,0.94,0.0,0.0,0.0
2025-08-11 11:14:14,2.3,6.6,0.0,89.97,0.0,2.06,2.06,0.0,0.0,0.0
2025-08-11 11:14:15,3.5,6.6,0.0,89.97,0.0,1.25,1.25,0.0,0.0,0.0
2025-08-11 11:14:16,2.4,6.6,0.0,89.97,0.0,1.93,1.93,0.0,0.0,0.0
2025-08-11 11:14:17,3.1,6.6,0.0,89.97,0.0,0.88,0.88,0.0,0.0,0.0
2025-08-11 11:14:18,3.4,6.6,0.0,89.97,0.0,1.79,1.79,0.0,0.0,0.0
2025-08-11 11:14:19,2.5,6.6,0.0,89.97,0.0,0.9,0.9,0.0,0.0,0.0
2025-08-11 11:14:20,3.2,6.6,0.0,89.97,0.0,2.54,2.54,0.0,0.0,0.0
2025-08-11 11:14:21,2.2,6.6,0.0,89.97,0.0,0.67,0.67,0.0,0.0,0.0
2025-08-11 11:14:22,2.8,6.6,0.0,89.97,0.0,1.74,1.74,0.0,0.0,0.0
2025-08-11 11:14:23,2.6,6.6,0.0,89.97,0.0,0.89,0.89,0.0,0.0,0.0
2025-08-11 11:14:24,2.4,6.6,0.0,89.97,0.0,1.81,1.81,0.0,0.0,0.0
2025-08-11 11:14:25,3.2,6.6,0.0,89.97,0.0,0.87,0.87,0.0,0.0,0.0
2025-08-11 11:14:26,2.7,6.6,0.0,89.97,0.0,10.4,10.4,0.0,0.0,0.0
2025-08-11 11:14:27,2.9,6.6,0.0,89.97,0.0,1.0,1.0,0.0,0.0,0.0
2025-08-11 11:14:28,3.3,6.6,0.0,89.97,0.0,1.67,1.67,0.0,0.0,0.0
2025-08-11 11:14:29,3.0,6.6,0.0,89.97,0.0,0.93,0.93,0.0,0.0,0.0
2025-08-11 11:14:30,1.3,6.6,0.0,89.97,0.0,2.45,2.45,0.0,0.0,0.0
2025-08-11 11:14:31,1.8,6.6,0.0,89.97,0.0,0.99,0.99,0.0,0.0,0.0
2025-08-11 11:14:32,2.6,6.6,0.0,89.97,0.0,1.6,1.6,0.0,0.0,0.0
2025-08-11 11:14:33,2.2,6.6,0.0,89.97,0.0,1.1,1.1,0.0,0.0,0.0
2025-08-11 11:14:34,3.1,6.6,0.0,89.97,0.0,0.18,0.18,0.0,0.0,0.0
2025-08-11 11:14:36,2.9,6.6,0.0,89.97,0.0,2.07,2.07,0.0,0.0,0.0
2025-08-11 11:14:37,2.0,6.6,0.0,89.97,0.0,0.85,0.85,0.0,0.0,0.0
2025-08-11 11:14:38,2.4,6.6,0.0,89.97,0.0,1.63,1.63,0.0,0.0,0.0
2025-08-11 11:14:39,1.9,6.6,0.0,89.97,0.0,0.98,0.98,0.0,0.0,0.0
2025-08-11 11:14:40,3.2,6.6,0.0,89.97,0.0,1.82,1.82,0.0,0.0,0.0
2025-08-11 11:14:41,1.6,6.6,0.0,89.97,0.0,1.21,1.21,0.0,0.0,0.0
2025-08-11 11:14:42,1.6,6.6,0.0,89.97,0.0,8.76,8.76,0.0,0.0,0.0
2025-08-11 11:14:43,1.2,6.6,0.0,89.97,0.0,0.81,0.81,0.0,0.0,0.0
2025-08-11 11:14:44,3.3,6.6,0.0,89.97,0.0,1.89,1.89,0.0,0.0,0.0
2025-08-11 11:14:45,3.2,6.6,0.0,89.97,0.0,0.94,0.94,0.0,0.0,0.0
2025-08-11 11:14:46,4.8,6.6,0.0,89.97,0.0,2.07,2.07,0.0,0.0,0.0
2025-08-11 11:14:47,1.6,6.6,0.0,89.97,0.0,0.67,0.67,0.0,0.0,0.0
2025-08-11 11:14:48,3.0,6.6,0.0,89.97,0.0,1.95,1.95,0.0,0.0,0.0
2025-08-11 11:14:49,1.6,6.6,0.0,89.97,0.0,0.94,0.94,0.0,0.0,0.0
2025-08-11 11:14:50,1.7,6.6,0.0,89.97,0.0,1.95,1.95,0.0,0.0,0.0
2025-08-11 11:14:51,1.8,6.6,0.0,89.97,0.0,1.05,1.05,0.0,0.0,0.0
2025-08-11 11:14:52,1.6,6.6,0.0,89.97,0.0,1.85,1.85,0.0,0.0,0.0
2025-08-11 11:14:53,1.7,6.6,0.0,89.97,0.0,0.88,0.88,0.0,0.0,0.0
2025-08-11 11:14:54,1.9,6.6,0.0,89.97,0.0,1.92,1.92,0.0,0.0,0.0
2025-08-11 11:14:55,1.3,6.6,0.0,89.97,0.0,1.02,1.02,0.0,0.01,0.01
2025-08-11 11:14:56,2.5,6.6,0.0,89.97,0.0,1.91,1.91,0.0,0.0,0.0
2025-08-11 11:14:57,1.4,6.6,0.0,89.97,0.0,1.19,1.19,0.0,0.0,0.0
2025-08-11 11:14:58,1.6,6.6,0.0,89.97,0.0,1.84,1.84,0.0,0.0,0.0
2025-08-11 11:14:59,2.5,6.6,0.0,89.97,0.0,1.07,1.07,0.0,0.0,0.0
2025-08-11 11:15:00,1.9,6.6,0.0,89.97,0.0,1.79,1.79,0.0,0.0,0.0
2025-08-11 11:15:01,2.1,6.6,0.0,89.97,0.0,0.96,0.96,0.0,0.0,0.0
2025-08-11 11:15:02,2.9,6.6,0.0,89.97,0.0,2.19,2.19,0.0,0.0,0.0
2025-08-11 11:15:03,2.9,6.6,0.0,89.97,0.0,0.99,0.99,0.0,0.0,0.0
2025-08-11 11:15:04,1.7,6.6,0.0,89.97,0.0,1.83,1.83,0.0,0.0,0.0
2025-08-11 11:15:05,2.0,6.6,0.0,89.97,0.0,0.26,0.26,0.0,0.0,0.0
2025-08-11 11:15:06,1.9,6.6,0.0,89.97,0.0,1.01,1.01,0.0,0.0,0.0
2025-08-11 11:15:07,2.7,6.6,0.0,89.97,0.0,2.13,2.13,0.0,0.0,0.0
2025-08-11 11:15:08,1.7,6.6,0.0,89.97,0.0,0.69,0.69,0.0,0.0,0.0
2025-08-11 11:15:09,2.1,6.6,0.0,89.97,0.0,2.1,2.1,0.0,0.0,0.0
2025-08-11 11:15:10,1.5,6.6,0.0,89.97,0.0,0.84,0.84,0.0,0.0,0.0
2025-08-11 11:15:11,1.4,6.6,0.0,89.97,0.0,1.67,1.67,0.0,0.0,0.0
2025-08-11 11:15:12,1.4,6.6,0.0,89.97,0.0,5.43,5.43,0.0,0.0,0.0
2025-08-11 11:15:13,1.9,6.6,0.0,89.97,0.0,1.98,1.98,0.0,0.0,0.0
2025-08-11 11:15:14,1.6,6.6,0.0,89.97,0.0,0.74,0.74,0.0,0.0,0.0
2025-08-11 11:15:15,2.1,6.6,0.0,89.97,0.0,2.14,2.14,0.0,0.0,0.0
2025-08-11 11:15:16,3.6,6.6,0.0,89.97,0.0,0.8,0.8,0.0,0.0,0.0
2025-08-11 11:15:17,2.6,6.6,0.0,89.97,0.0,2.13,2.13,0.0,0.01,0.01
2025-08-11 11:15:18,3.1,6.6,0.0,89.97,0.0,0.93,0.93,0.0,0.0,0.0
2025-08-11 11:15:19,2.8,6.6,0.0,89.97,0.0,1.64,1.64,0.0,0.0,0.0
2025-08-11 11:15:20,3.6,6.6,0.0,89.97,0.0,1.36,1.36,0.0,0.0,0.0
2025-08-11 11:15:21,1.9,6.6,0.0,89.97,0.0,1.6,1.6,0.0,0.0,0.0
2025-08-11 11:15:22,1.9,6.6,0.0,89.97,0.0,0.49,0.49,0.0,0.0,0.0
2025-08-11 11:15:23,1.7,6.6,0.0,89.97,0.0,0.78,0.78,0.0,0.0,0.0
2025-08-11 11:15:24,1.7,6.6,0.0,89.97,0.0,1.72,1.72,0.0,0.0,0.0
2025-08-11 11:15:25,2.4,6.6,0.0,89.97,0.0,1.41,1.41,0.0,0.0,0.0
2025-08-11 11:15:26,1.6,6.6,0.0,89.97,0.0,1.81,1.81,0.0,0.0,0.0
2025-08-11 11:15:27,1.5,6.6,0.0,89.97,0.0,8.47,8.47,0.0,0.0,0.0
2025-08-11 11:15:28,2.3,6.6,0.0,89.97,0.0,2.24,2.24,0.0,0.0,0.0
2025-08-11 11:15:29,3.6,6.6,0.0,89.97,0.0,0.95,0.95,0.0,0.0,0.0
2025-08-11 11:15:30,2.7,6.6,0.0,89.97,0.0,1.94,1.94,0.0,0.0,0.0
2025-08-11 11:15:31,1.1,6.6,0.0,89.97,0.0,0.88,0.88,0.0,0.0,0.0
2025-08-11 11:15:32,1.7,6.6,0.0,89.97,0.0,1.61,1.61,0.0,0.0,0.0
2025-08-11 11:15:33,1.5,6.6,0.0,89.97,0.0,1.38,1.38,0.0,0.0,0.0
2025-08-11 11:15:34,1.9,6.6,0.0,89.97,0.0,1.69,1.69,0.0,0.0,0.0
2025-08-11 11:15:35,1.7,6.6,0.0,89.97,0.0,1.31,1.31,0.0,0.0,0.0
2025-08-11 11:15:36,1.8,6.6,0.0,89.97,0.0,1.77,1.77,0.0,0.0,0.0
2025-08-11 11:15:37,2.2,6.6,0.0,89.97,0.0,0.77,0.77,0.0,0.0,0.0
2025-08-11 11:15:38,2.0,6.6,0.0,89.97,0.0,2.41,2.41,0.0,0.0,0.0
2025-08-11 11:15:39,2.0,6.6,0.0,89.97,0.0,0.8,0.8,0.0,0.0,0.0
2025-08-11 11:15:40,9.2,6.7,0.0,89.97,0.0,1.81,1.81,0.0,0.0,0.0
2025-08-11 11:15:41,7.7,6.9,0.0,89.97,0.0,1.01,1.01,0.0,0.0,0.0
2025-08-11 11:15:42,1.7,6.9,0.0,89.97,0.0,1.81,1.81,0.0,0.0,0.0
2025-08-11 11:15:43,2.0,6.9,0.0,89.97,0.0,7.56,7.56,0.0,0.0,0.0
2025-08-11 11:15:44,1.7,6.9,0.0,89.97,0.0,1.83,1.83,0.0,0.0,0.0
2025-08-11 11:15:45,1.8,6.9,0.0,89.97,0.0,84.88,84.88,0.0,0.0,0.0
2025-08-11 11:15:46,2.8,6.9,0.0,89.97,0.0,2.05,2.05,0.0,0.0,0.0
2025-08-11 11:15:47,2.2,6.9,0.0,89.97,0.0,0.73,0.73,0.0,0.0,0.0
2025-08-11 11:15:48,2.3,6.9,0.0,89.97,0.0,2.23,2.23,0.0,0.0,0.0
2025-08-11 11:15:49,2.5,6.9,0.0,89.97,0.0,0.77,0.77,0.0,0.0,0.0
2025-08-11 11:15:50,2.0,6.9,0.0,89.97,0.0,1.72,1.72,0.0,0.0,0.0
2025-08-11 11:15:51,2.0,6.9,0.0,89.97,0.0,1.09,1.09,0.0,0.0,0.0
2025-08-11 11:15:52,1.9,6.9,0.0,89.97,0.0,1.68,1.68,0.0,0.0,0.0
2025-08-11 11:15:53,3.3,6.9,0.0,89.97,0.0,1.08,1.08,0.0,0.0,0.0
2025-08-11 11:15:54,2.6,6.9,0.0,89.97,0.0,1.67,1.67,0.0,0.0,0.0
2025-08-11 11:15:55,4.3,6.9,0.0,89.97,0.0,1.18,1.18,0.0,0.0,0.0
2025-08-11 11:15:56,1.7,6.9,0.0,89.97,0.0,1.93,1.93,0.0,0.0,0.0
2025-08-11 11:15:57,1.8,6.9,0.0,89.97,0.0,0.39,0.39,0.0,0.0,0.0
2025-08-11 11:15:58,2.1,6.9,0.0,89.97,0.0,2.84,2.84,0.0,0.0,0.0
2025-08-11 11:15:59,2.2,6.9,0.0,89.97,0.0,0.98,0.98,0.0,0.0,0.0
2025-08-11 11:16:00,2.1,6.9,0.0,89.97,0.0,1.63,1.63,0.0,0.0,0.0
2025-08-11 11:16:01,2.9,6.9,0.0,89.97,0.0,1.09,1.09,0.0,0.0,0.0
2025-08-11 11:16:02,1.6,6.9,0.0,89.97,0.0,0.27,0.27,0.0,0.0,0.0
2025-08-11 11:16:03,2.2,6.9,0.0,89.97,0.0,2.27,2.27,0.0,0.0,0.0
2025-08-11 11:16:04,3.3,6.9,0.0,89.97,0.0,0.94,0.94,0.0,0.0,0.0
2025-08-11 11:16:05,3.3,6.9,0.0,89.97,0.0,1.82,1.82,0.0,0.0,0.0
2025-08-11 11:16:06,1.8,6.9,0.0,89.97,0.0,0.8,0.8,0.0,0.0,0.0
2025-08-11 11:16:07,2.7,6.9,0.0,89.97,0.0,1.66,1.66,0.0,0.0,0.0
2025-08-11 11:16:08,1.4,6.9,0.0,89.97,0.0,1.75,1.75,0.0,0.0,0.0
2025-08-11 11:16:09,2.2,6.9,0.0,89.97,0.0,1.51,1.51,0.0,0.0,0.0
2025-08-11 11:16:10,2.2,6.9,0.0,89.97,0.0,0.94,0.94,0.0,0.0,0.0
2025-08-11 11:16:11,1.8,6.9,0.0,89.97,0.0,1.62,1.62,0.0,0.0,0.0
2025-08-11 11:16:12,1.4,6.9,0.0,89.97,0.0,1.23,1.23,0.0,0.0,0.0
2025-08-11 11:16:13,2.8,6.9,0.0,89.97,0.0,6.57,6.57,0.0,0.0,0.0
2025-08-11 11:16:14,3.2,6.9,0.0,89.97,0.0,1.34,1.34,0.0,0.0,0.0
2025-08-11 11:16:15,2.6,6.9,0.0,89.97,0.0,2.01,2.01,0.0,0.0,0.0
2025-08-11 11:16:16,2.2,6.9,0.0,89.97,0.0,0.88,0.88,0.0,0.0,0.0
2025-08-11 11:16:17,2.6,6.9,0.0,89.97,0.0,1.91,1.91,0.0,0.0,0.0
2025-08-11 11:16:18,2.6,6.9,0.0,89.97,0.0,0.88,0.88,0.0,0.0,0.0
2025-08-11 11:16:19,1.8,6.9,0.0,89.97,0.0,2.21,2.21,0.0,0.0,0.0
2025-08-11 11:16:20,2.5,6.9,0.0,89.97,0.0,0.89,0.89,0.0,0.0,0.0
2025-08-11 11:16:21,1.8,6.9,0.0,89.97,0.0,1.59,1.59,0.0,0.0,0.0
2025-08-11 11:16:22,1.8,6.9,0.0,89.97,0.0,0.9,0.9,0.0,0.0,0.0
2025-08-11 11:16:23,2.0,6.9,0.0,89.97,0.0,1.99,1.99,0.0,0.0,0.0
2025-08-11 11:16:24,1.7,6.9,0.0,89.97,0.0,1.16,1.16,0.0,0.0,0.0
2025-08-11 11:16:25,2.7,6.9,0.0,89.97,0.0,1.91,1.91,0.0,0.0,0.0
2025-08-11 11:16:26,1.8,6.9,0.0,89.97,0.0,0.78,0.78,0.0,0.0,0.0
2025-08-11 11:16:27,1.8,6.9,0.0,89.97,0.0,9.65,9.65,0.0,0.0,0.0
2025-08-11 11:16:28,2.2,6.9,0.0,89.97,0.0,1.13,1.13,0.0,0.0,0.0
2025-08-11 11:16:29,1.6,6.9,0.0,89.97,0.0,2.06,2.06,0.0,0.0,0.0
2025-08-11 11:16:30,6.7,6.9,0.0,89.97,0.0,0.85,0.85,0.0,0.0,0.0
2025-08-11 11:16:31,2.7,6.9,0.0,89.97,0.0,1.75,1.75,0.0,0.0,0.0
2025-08-11 11:16:32,3.7,6.9,0.0,89.97,0.0,0.66,0.66,0.0,0.0,0.0
2025-08-11 11:16:33,2.5,6.9,0.0,89.97,0.0,1.76,1.76,0.0,0.0,0.0
2025-08-11 11:16:34,2.4,6.9,0.0,89.97,0.0,0.45,0.45,0.0,0.0,0.0
2025-08-11 11:16:35,3.3,6.9,0.0,89.97,0.0,0.81,0.81,0.0,0.0,0.0
2025-08-11 11:16:36,2.4,6.9,0.0,89.97,0.0,1.91,1.91,0.0,0.0,0.0
2025-08-11 11:16:37,3.9,6.9,0.0,89.97,0.0,0.63,0.63,0.0,0.0,0.0
2025-08-11 11:16:38,2.4,6.9,0.0,89.97,0.0,2.01,2.01,0.0,0.0,0.0
2025-08-11 11:16:39,3.2,6.9,0.0,89.97,0.0,1.53,1.53,0.0,0.0,0.0
2025-08-11 11:16:40,2.6,6.9,0.0,89.97,0.0,1.7,1.7,0.0,0.0,0.0
2025-08-11 11:16:41,2.5,6.9,0.0,89.97,0.0,0.22,0.22,0.0,0.0,0.0
2025-08-11 11:16:42,3.0,6.9,0.0,89.97,0.0,2.28,2.28,0.0,0.0,0.0
2025-08-11 11:16:43,3.6,6.9,0.0,89.97,0.0,0.99,0.99,0.0,0.0,0.0
2025-08-11 11:16:44,4.2,6.9,0.0,89.97,0.0,8.29,8.29,0.0,0.0,0.0
2025-08-11 11:16:45,5.7,6.9,0.0,89.97,0.0,0.81,0.81,0.0,0.0,0.0
2025-08-11 11:16:46,3.1,6.9,0.0,89.97,0.0,0.91,0.91,0.0,0.0,0.0
2025-08-11 11:16:47,2.7,6.9,0.0,89.97,0.0,1.74,1.74,0.0,0.0,0.0
2025-08-11 11:16:48,3.8,6.9,0.0,89.97,0.0,0.82,0.82,0.0,0.0,0.0
2025-08-11 11:16:49,4.4,6.9,0.0,89.97,0.0,1.89,1.89,0.0,0.0,0.0
2025-08-11 11:16:50,4.0,6.9,0.0,89.97,0.0,1.42,1.42,0.0,0.0,0.0
2025-08-11 11:16:51,3.4,6.9,0.0,89.97,0.0,1.85,1.85,0.0,0.0,0.0
2025-08-11 11:16:52,2.5,6.9,0.0,89.97,0.0,0.84,0.84,0.0,0.0,0.0
2025-08-11 11:16:53,2.6,6.9,0.0,89.97,0.0,1.75,1.75,0.0,0.0,0.0
2025-08-11 11:16:54,2.3,6.9,0.0,89.97,0.0,1.16,1.16,0.0,0.0,0.0
2025-08-11 11:16:55,3.4,6.9,0.0,89.97,0.0,1.79,1.79,0.0,0.0,0.0
2025-08-11 11:16:56,2.1,6.9,0.0,89.97,0.0,1.13,1.13,0.0,0.0,0.0
2025-08-11 11:16:57,2.9,6.9,0.0,89.97,0.0,1.9,1.9,0.0,0.0,0.0
2025-08-11 11:16:58,3.6,6.9,0.0,89.97,0.0,0.95,0.95,0.0,0.0,0.0
2025-08-11 11:16:59,4.1,6.9,0.0,89.97,0.0,2.02,2.02,0.0,0.0,0.0
2025-08-11 11:17:00,3.1,6.9,0.0,89.97,0.0,0.72,0.72,0.0,0.0,0.0
2025-08-11 11:17:01,2.7,6.9,0.0,89.97,0.0,1.75,1.75,0.0,0.0,0.0
2025-08-11 11:17:02,3.3,6.9,0.0,89.97,0.0,1.22,1.22,0.0,0.0,0.0
2025-08-11 11:17:03,2.9,6.9,0.0,89.97,0.0,1.92,1.92,0.0,0.0,0.0
2025-08-11 11:17:04,2.7,6.9,0.0,89.97,0.0,1.23,1.23,0.0,0.0,0.0
2025-08-11 11:17:05,2.7,6.9,0.0,89.97,0.0,1.81,1.81,0.0,0.0,0.0
2025-08-11 11:17:06,2.6,6.9,0.0,89.97,0.0,0.8,0.8,0.0,0.0,0.0
2025-08-11 11:17:07,3.8,6.9,0.0,89.97,0.0,2.37,2.37,0.0,0.0,0.0
2025-08-11 11:17:08,2.3,6.9,0.0,89.97,0.0,0.62,0.62,0.0,0.0,0.0
2025-08-11 11:17:09,2.6,6.9,0.0,89.97,0.0,2.04,2.04,0.0,0.0,0.0
2025-08-11 11:17:10,2.2,6.9,0.0,89.97,0.0,0.75,0.75,0.0,0.0,0.0
2025-08-11 11:17:11,3.5,6.9,0.0,89.97,0.0,1.98,1.98,0.0,0.0,0.0
2025-08-11 11:17:12,2.9,6.9,0.0,89.97,0.0,1.21,1.21,0.0,0.0,0.0
2025-08-11 11:17:14,1.5,6.9,0.0,89.97,0.0,1.55,1.55,0.0,0.0,0.0
2025-08-11 11:17:15,1.8,6.9,0.0,89.97,0.0,6.3,6.3,0.0,0.0,0.0
2025-08-11 11:17:16,1.9,6.9,0.0,89.97,0.0,1.77,1.77,0.0,0.0,0.0
2025-08-11 11:17:17,4.4,6.9,0.0,89.97,0.0,1.06,1.06,0.0,0.0,0.0
2025-08-11 11:17:18,2.0,6.9,0.0,89.97,0.0,1.63,1.63,0.0,0.0,0.0
2025-08-11 11:17:19,3.1,6.9,0.0,89.97,0.0,0.22,0.22,0.0,0.0,0.0
2025-08-11 11:17:20,1.7,6.9,0.0,89.97,0.0,1.24,1.24,0.0,0.0,0.0
2025-08-11 11:17:21,2.6,6.9,0.0,89.97,0.0,1.63,1.63,0.0,0.0,0.0
2025-08-11 11:17:22,2.3,6.9,0.0,89.97,0.0,0.58,0.58,0.0,0.0,0.0
2025-08-11 11:17:23,2.0,6.9,0.0,89.97,0.0,1.05,1.05,0.0,0.0,0.0
2025-08-11 11:17:24,2.0,6.9,0.0,89.97,0.0,1.94,1.94,0.0,0.0,0.0
2025-08-11 11:17:25,1.5,6.9,0.0,89.97,0.0,1.21,1.21,0.0,0.0,0.0
2025-08-11 11:17:26,2.2,6.9,0.0,89.97,0.0,1.85,1.85,0.0,0.0,0.0
2025-08-11 11:17:27,1.7,6.9,0.0,89.97,0.0,0.98,0.98,0.0,0.0,0.0
2025-08-11 11:17:28,2.2,6.9,0.0,89.97,0.0,9.55,9.55,0.0,0.0,0.0
2025-08-11 11:17:29,2.2,6.9,0.0,89.97,0.0,1.02,1.02,0.0,0.0,0.0
2025-08-11 11:17:30,2.2,6.9,0.0,89.97,0.0,1.78,1.78,0.0,0.0,0.0
2025-08-11 11:17:31,1.5,6.9,0.0,89.97,0.0,0.64,0.64,0.0,0.0,0.0
2025-08-11 11:17:32,2.2,6.9,0.0,89.97,0.0,1.98,1.98,0.0,0.0,0.0
2025-08-11 11:17:33,2.0,6.9,0.0,89.97,0.0,1.11,1.11,0.0,0.0,0.0
2025-08-11 11:17:34,2.7,6.9,0.0,89.97,0.0,1.91,1.91,0.0,0.0,0.0
2025-08-11 11:17:35,5.8,6.9,0.0,89.97,0.0,0.84,0.84,0.0,0.0,0.0
2025-08-11 11:17:36,5.1,6.9,0.0,89.97,0.0,1.99,1.99,0.0,0.0,0.0
2025-08-11 11:17:37,3.0,6.9,0.0,89.97,0.0,0.88,0.88,0.0,0.0,0.0
2025-08-11 11:17:38,3.0,6.9,0.0,89.97,0.0,1.86,1.86,0.0,0.0,0.0
2025-08-11 11:17:39,2.6,6.9,0.0,89.97,0.0,1.14,1.14,0.0,0.0,0.0
2025-08-11 11:17:40,3.9,6.9,0.0,89.97,0.0,2.11,2.11,0.0,0.0,0.0
2025-08-11 11:17:41,2.1,6.9,0.0,89.97,0.0,1.14,1.14,0.0,0.0,0.0
2025-08-11 11:17:42,2.4,6.9,0.0,89.97,0.0,1.82,1.82,0.0,0.0,0.0
2025-08-11 11:17:43,4.6,6.9,0.0,89.97,0.0,0.9,0.9,0.0,0.0,0.0
2025-08-11 11:17:44,3.9,6.9,0.0,89.97,0.0,2.29,2.29,0.0,0.0,0.0
2025-08-11 11:17:45,3.0,6.9,0.0,89.97,0.0,1.02,1.02,0.0,0.0,0.0
2025-08-11 11:17:46,2.1,6.9,0.0,89.97,0.0,8.46,8.46,0.0,0.0,0.0
2025-08-11 11:17:47,3.0,6.9,0.0,89.97,0.0,0.75,0.75,0.0,0.0,0.0
2025-08-11 11:17:48,2.3,6.9,0.0,89.97,0.0,1.87,1.87,0.0,0.0,0.0
2025-08-11 11:17:49,3.1,6.9,0.0,89.97,0.0,1.1,1.1,0.0,0.0,0.0
2025-08-11 11:17:50,2.3,6.9,0.0,89.97,0.0,2.09,2.09,0.0,0.0,0.0
2025-08-11 11:17:51,3.7,6.9,0.0,89.97,0.0,0.97,0.97,0.0,0.0,0.0
2025-08-11 11:17:52,2.4,6.9,0.0,89.97,0.0,1.64,1.64,0.0,0.0,0.0
2025-08-11 11:17:53,2.3,6.9,0.0,89.97,0.0,0.96,0.96,0.0,0.0,0.0
2025-08-11 11:17:54,1.8,6.9,0.0,89.97,0.0,1.88,1.88,0.0,0.0,0.0
2025-08-11 11:17:55,2.9,6.9,0.0,89.97,0.0,0.78,0.78,0.0,0.0,0.0
2025-08-11 11:17:56,2.2,6.9,0.0,89.97,0.0,2.02,2.02,0.0,0.0,0.0
2025-08-11 11:17:57,2.1,6.9,0.0,89.97,0.0,0.82,0.82,0.0,0.0,0.0
2025-08-11 11:17:58,1.5,6.9,0.0,89.97,0.0,1.53,1.53,0.0,0.0,0.0
2025-08-11 11:17:59,2.2,6.9,0.0,89.97,0.0,0.72,0.72,0.0,0.0,0.0
2025-08-11 11:18:00,1.7,6.9,0.0,89.97,0.0,2.28,2.28,0.0,0.0,0.0
2025-08-11 11:18:01,2.8,6.9,0.0,89.97,0.0,1.26,1.26,0.0,0.0,0.0
2025-08-11 11:18:02,2.2,6.9,0.0,89.97,0.0,1.41,1.41,0.0,0.0,0.0
2025-08-11 11:18:03,1.8,6.9,0.0,89.97,0.0,0.36,0.36,0.0,0.0,0.0
2025-08-11 11:18:04,1.9,6.9,0.0,89.97,0.0,2.49,2.49,0.0,0.0,0.0
2025-08-11 11:18:05,2.2,6.9,0.0,89.97,0.0,1.1,1.1,0.0,0.0,0.0
2025-08-11 11:18:06,2.1,6.9,0.0,89.97,0.0,1.59,1.59,0.0,0.0,0.0
2025-08-11 11:18:07,3.4,6.9,0.0,89.97,0.0,0.55,0.55,0.0,0.0,0.0
2025-08-11 11:18:08,2.8,6.9,0.0,89.97,0.0,0.95,0.95,0.0,0.0,0.0
2025-08-11 11:18:09,1.8,6.9,0.0,89.97,0.0,2.05,2.05,0.0,0.0,0.0
2025-08-11 11:18:10,1.8,6.9,0.0,89.97,0.0,0.88,0.88,0.0,0.0,0.0
2025-08-11 11:18:11,2.0,6.9,0.0,89.97,0.0,1.75,1.75,0.0,0.0,0.0
2025-08-11 11:18:12,1.4,6.9,0.0,89.97,0.0,1.09,1.09,0.0,0.0,0.0
2025-08-11 11:18:13,2.4,6.9,0.0,89.97,0.0,1.72,1.72,0.0,0.0,0.0
2025-08-11 11:18:14,1.6,6.9,0.0,89.97,0.0,1.38,1.38,0.0,0.0,0.0
2025-08-11 11:18:15,2.3,6.9,0.0,89.97,0.0,1.73,1.73,0.0,0.0,0.0
2025-08-11 11:18:16,1.8,6.9,0.0,89.97,0.0,0.92,0.92,0.0,0.0,0.0
2025-08-11 11:18:17,2.7,6.9,0.0,89.97,0.0,6.45,6.45,0.0,0.0,0.0
2025-08-11 11:18:18,2.0,6.9,0.0,89.97,0.0,0.87,0.87,0.0,0.0,0.0
2025-08-11 11:18:19,3.6,6.9,0.0,89.97,0.0,1.69,1.69,0.0,0.0,0.0
2025-08-11 11:18:20,3.7,6.9,0.0,89.97,0.0,1.45,1.45,0.0,0.0,0.0
2025-08-11 11:18:21,2.9,6.9,0.0,89.97,0.0,1.88,1.88,0.0,0.0,0.0
2025-08-11 11:18:22,2.0,6.9,0.0,89.97,0.0,0.85,0.85,0.0,0.0,0.0
2025-08-11 11:18:23,2.2,6.9,0.0,89.97,0.0,1.88,1.88,0.0,0.0,0.0
2025-08-11 11:18:24,1.6,6.9,0.0,89.97,0.0,0.98,0.98,0.0,0.0,0.0
2025-08-11 11:18:25,2.4,6.9,0.0,89.97,0.0,2.41,2.41,0.0,0.0,0.0
2025-08-11 11:18:26,2.9,6.9,0.0,89.97,0.0,0.85,0.85,0.0,0.0,0.0
2025-08-11 11:18:27,2.6,6.9,0.0,89.97,0.0,3.81,3.81,0.0,0.0,0.0
2025-08-11 11:18:28,3.1,6.9,0.0,89.97,0.0,7.03,7.03,0.0,0.0,0.0
2025-08-11 11:18:29,3.5,6.9,0.0,89.97,0.0,2.04,2.04,0.0,0.0,0.0
2025-08-11 11:18:30,3.0,6.9,0.0,89.97,0.0,1.36,1.36,0.0,0.0,0.0
2025-08-11 11:18:31,2.2,6.9,0.0,89.97,0.0,1.85,1.85,0.0,0.0,0.0
2025-08-11 11:18:32,1.8,6.9,0.0,89.97,0.0,0.71,0.71,0.0,0.0,0.0
2025-08-11 11:18:33,2.9,6.9,0.0,89.97,0.0,1.68,1.68,0.0,0.0,0.0
2025-08-11 11:18:34,2.5,6.9,0.0,89.97,0.0,1.15,1.15,0.0,0.0,0.0
2025-08-11 11:18:35,1.6,6.9,0.0,89.97,0.0,1.91,1.91,0.0,0.0,0.0
2025-08-11 11:18:36,2.0,6.9,0.0,89.97,0.0,0.96,0.96,0.0,0.0,0.0
2025-08-11 11:18:37,2.5,6.9,0.0,89.97,0.0,1.73,1.73,0.0,0.0,0.0
2025-08-11 11:18:38,2.2,6.9,0.0,89.97,0.0,1.02,1.02,0.0,0.0,0.0
2025-08-11 11:18:39,2.1,6.9,0.0,89.97,0.0,1.71,1.71,0.0,0.0,0.0
2025-08-11 11:18:40,2.3,6.9,0.0,89.97,0.0,1.76,1.76,0.0,0.0,0.0
2025-08-11 11:18:41,3.4,6.9,0.0,89.97,0.0,1.53,1.53,0.0,0.0,0.0
2025-08-11 11:18:42,2.4,6.9,0.0,89.97,0.0,0.39,0.39,0.0,0.0,0.0
2025-08-11 11:18:43,3.3,6.9,0.0,89.97,0.0,2.24,2.24,0.0,0.0,0.0
2025-08-11 11:18:44,3.1,6.9,0.0,89.97,0.0,1.17,1.17,0.0,0.0,0.0
2025-08-11 11:18:45,3.1,6.9,0.0,89.97,0.0,1.63,1.63,0.0,0.0,0.0
2025-08-11 11:18:46,4.9,6.9,0.0,89.97,0.0,0.61,0.61,0.0,0.0,0.0
2025-08-11 11:18:47,3.3,6.9,0.0,89.97,0.0,7.36,7.36,0.0,0.0,0.0
2025-08-11 11:18:48,3.1,6.9,0.0,89.97,0.0,1.68,1.68,0.0,0.0,0.0
2025-08-11 11:18:49,2.7,6.9,0.0,89.97,0.0,0.88,0.88,0.0,0.0,0.0
2025-08-11 11:18:50,2.7,6.9,0.0,89.97,0.0,1.78,1.78,0.0,0.0,0.0
2025-08-11 11:18:51,2.2,6.9,0.0,89.97,0.0,1.48,1.48,0.0,0.0,0.0
2025-08-11 11:18:52,2.4,6.9,0.0,89.97,0.0,1.5,1.5,0.0,0.0,0.0
2025-08-11 11:18:53,1.6,6.9,0.0,89.97,0.0,0.94,0.94,0.0,0.0,0.0
2025-08-11 11:18:54,2.0,6.9,0.0,89.97,0.0,1.84,1.84,0.0,0.0,0.0
2025-08-11 11:18:55,2.5,6.9,0.0,89.97,0.0,0.89,0.89,0.0,0.0,0.0
2025-08-11 11:18:56,2.0,6.9,0.0,89.97,0.0,1.93,1.93,0.0,0.0,0.0
2025-08-11 11:18:57,1.5,6.9,0.0,89.97,0.0,1.56,1.56,0.0,0.0,0.0
2025-08-11 11:18:58,2.3,6.9,0.0,89.97,0.0,1.65,1.65,0.0,0.0,0.0
2025-08-11 11:18:59,1.9,6.9,0.0,89.97,0.0,0.95,0.95,0.0,0.0,0.0
2025-08-11 11:19:00,2.2,6.9,0.0,89.97,0.0,1.6,1.6,0.0,0.0,0.0
2025-08-11 11:19:01,1.7,6.9,0.0,89.97,0.0,0.87,0.87,0.0,0.0,0.0
2025-08-11 11:19:02,2.1,6.9,0.0,89.97,0.0,2.23,2.23,0.0,0.0,0.0
2025-08-11 11:19:03,1.8,6.9,0.0,89.97,0.0,0.77,0.77,0.0,0.0,0.0
2025-08-11 11:19:04,3.4,6.9,0.0,89.97,0.0,1.87,1.87,0.0,0.0,0.0
2025-08-11 11:19:05,3.8,6.9,0.0,89.97,0.0,0.9,0.9,0.0,0.0,0.0
2025-08-11 11:19:06,2.4,6.9,0.0,89.97,0.0,1.92,1.92,0.0,0.0,0.0
2025-08-11 11:19:07,2.6,6.9,0.0,89.97,0.0,1.3,1.3,0.0,0.0,0.0
2025-08-11 11:19:08,2.0,6.9,0.0,89.97,0.0,1.58,1.58,0.0,0.0,0.0
2025-08-11 11:19:09,1.8,6.9,0.0,89.97,0.0,1.0,1.0,0.0,0.0,0.0
2025-08-11 11:19:10,2.2,6.9,0.0,89.97,0.0,1.61,1.61,0.0,0.0,0.0
2025-08-11 11:19:11,4.6,6.9,0.0,89.97,0.0,0.92,0.92,0.0,0.0,0.0
2025-08-11 11:19:12,2.5,6.9,0.0,89.97,0.0,1.72,1.72,0.0,0.0,0.0
2025-08-11 11:19:13,2.9,6.9,0.0,89.97,0.0,1.25,1.25,0.0,0.0,0.0
2025-08-11 11:19:14,4.0,6.9,0.0,89.97,0.0,1.81,1.81,0.0,0.0,0.0
2025-08-11 11:19:15,4.1,6.9,0.0,89.97,0.0,0.86,0.86,0.0,0.0,0.0
2025-08-11 11:19:16,2.7,6.9,0.0,89.97,0.0,1.72,1.72,0.0,0.0,0.0
2025-08-11 11:19:17,6.2,6.9,0.0,89.97,0.0,1.13,1.13,0.0,0.0,0.0
2025-08-11 11:19:18,4.6,6.9,0.0,89.97,0.0,4.94,4.94,0.0,0.0,0.0
2025-08-11 11:19:19,3.3,6.9,0.0,89.97,0.0,1.66,1.66,0.0,0.0,0.0
2025-08-11 11:19:20,2.7,6.9,0.0,89.97,0.0,0.06,0.06,0.0,0.0,0.0
2025-08-11 11:19:21,4.4,6.9,0.0,89.97,0.0,0.36,0.36,0.0,0.0,0.0
2025-08-11 11:19:22,4.0,6.9,0.0,89.97,0.0,1.18,1.18,0.0,0.0,0.0
2025-08-11 11:19:23,2.8,6.9,0.0,89.97,0.0,2.24,2.24,0.0,0.0,0.0
2025-08-11 11:19:24,2.4,6.9,0.0,89.97,0.0,0.94,0.94,0.0,0.0,0.0
2025-08-11 11:19:25,3.6,6.9,0.0,89.97,0.0,2.2,2.2,0.0,0.0,0.0
2025-08-11 11:19:26,2.6,6.9,0.0,89.97,0.0,0.92,0.92,0.0,0.0,0.0
2025-08-11 11:19:27,3.0,6.9,0.0,89.97,0.0,6.32,6.32,0.0,0.0,0.0
2025-08-11 11:19:28,3.0,6.9,0.0,89.97,0.0,3.79,3.79,0.0,0.0,0.0
2025-08-11 11:19:29,3.0,6.9,0.0,89.97,0.0,1.73,1.73,0.0,0.0,0.0
2025-08-11 11:19:30,1.7,6.9,0.0,89.97,0.0,0.81,0.81,0.0,0.0,0.0
2025-08-11 11:19:31,1.9,6.9,0.0,89.97,0.0,2.12,2.12,0.0,0.0,0.0
2025-08-11 11:19:32,2.1,6.9,0.0,89.97,0.0,0.81,0.81,0.0,0.0,0.0
2025-08-11 11:19:33,1.8,6.9,0.0,89.97,0.0,2.22,2.22,0.0,0.0,0.0
2025-08-11 11:19:34,1.9,6.9,0.0,89.97,0.0,0.73,0.73,0.0,0.0,0.0
2025-08-11 11:19:35,2.6,6.9,0.0,89.97,0.0,1.92,1.92,0.0,0.0,0.0
2025-08-11 11:19:36,1.5,6.9,0.0,89.97,0.0,0.92,0.92,0.0,0.0,0.0
2025-08-11 11:19:37,3.2,6.9,0.0,89.97,0.0,2.01,2.01,0.0,0.0,0.0
2025-08-11 11:19:38,1.6,6.9,0.0,89.97,0.0,0.69,0.69,0.0,0.0,0.0
2025-08-11 11:19:39,2.7,6.9,0.0,89.97,0.0,2.14,2.14,0.0,0.0,0.0
2025-08-11 11:19:40,1.7,6.9,0.0,89.97,0.0,0.69,0.69,0.0,0.0,0.0
2025-08-11 11:19:41,1.8,6.9,0.0,89.97,0.0,2.0,2.0,0.0,0.0,0.0
2025-08-11 11:19:42,1.9,6.9,0.0,89.97,0.0,0.9,0.9,0.0,0.0,0.0
2025-08-11 11:19:43,1.8,6.9,0.0,89.97,0.0,1.81,1.81,0.0,0.0,0.0
2025-08-11 11:19:44,1.9,6.9,0.0,89.97,0.0,1.27,1.27,0.0,0.0,0.0
2025-08-11 11:19:45,1.9,6.9,0.0,89.97,0.0,2.02,2.02,0.0,0.0,0.0
2025-08-11 11:19:46,2.1,6.9,0.0,89.97,0.0,0.7,0.7,0.0,0.0,0.0
2025-08-11 11:19:47,2.6,6.9,0.0,89.97,0.0,1.79,1.79,0.0,0.0,0.0
2025-08-11 11:19:48,2.1,6.9,0.0,89.97,0.0,7.22,7.22,0.0,0.0,0.0
2025-08-11 11:19:49,4.2,6.9,0.0,89.97,0.0,2.02,2.02,0.0,0.0,0.0
2025-08-11 11:19:50,3.3,6.9,0.0,89.97,0.0,0.29,0.29,0.0,0.0,0.0
2025-08-11 11:19:51,2.4,6.9,0.0,89.97,0.0,2.5,2.5,0.0,0.0,0.0
2025-08-11 11:19:52,2.7,6.9,0.0,89.97,0.0,0.82,0.82,0.0,0.0,0.0
2025-08-11 11:19:53,1.6,6.9,0.0,89.97,0.0,1.93,1.93,0.0,0.0,0.0
2025-08-11 11:19:54,2.4,6.9,0.0,89.97,0.0,1.41,1.41,0.0,0.0,0.0
2025-08-11 11:19:55,2.2,6.9,0.0,89.97,0.0,1.89,1.89,0.0,0.0,0.0
2025-08-11 11:19:56,2.1,6.9,0.0,89.97,0.0,0.81,0.81,0.0,0.0,0.0
2025-08-11 11:19:57,1.6,6.9,0.0,89.97,0.0,1.74,1.74,0.0,0.0,0.0
2025-08-11 11:19:58,2.9,6.9,0.0,89.97,0.0,0.75,0.75,0.0,0.0,0.0
2025-08-11 11:19:59,3.1,6.9,0.0,89.97,0.0,2.29,2.29,0.0,0.0,0.0
2025-08-11 11:20:00,2.6,6.9,0.0,89.97,0.0,1.17,1.17,0.0,0.0,0.0
2025-08-11 11:20:01,2.7,6.9,0.0,89.97,0.0,1.46,1.46,0.0,0.0,0.0
2025-08-11 11:20:02,3.7,6.9,0.0,89.97,0.0,0.36,0.36,0.0,0.0,0.0
2025-08-11 11:20:03,1.8,6.9,0.0,89.97,0.0,2.08,2.08,0.0,0.0,0.0
2025-08-11 11:20:04,1.8,6.9,0.0,89.97,0.0,0.51,0.51,0.0,0.0,0.0
2025-08-11 11:20:05,2.1,6.9,0.0,89.97,0.0,0.49,0.49,0.0,0.0,0.0
2025-08-11 11:20:06,2.1,6.9,0.0,89.97,0.0,2.29,2.29,0.0,0.0,0.0
2025-08-11 11:20:07,2.2,6.9,0.0,89.97,0.0,0.91,0.91,0.0,0.0,0.0
2025-08-11 11:20:08,2.4,6.9,0.0,89.97,0.0,1.7,1.7,0.0,0.0,0.0
2025-08-11 11:20:09,3.4,6.9,0.0,89.97,0.0,0.77,0.77,0.0,0.0,0.0
2025-08-11 11:20:10,3.4,6.9,0.0,89.97,0.0,2.47,2.47,0.0,0.0,0.0
2025-08-11 11:20:11,1.9,6.9,0.0,89.97,0.0,1.05,1.05,0.0,0.0,0.0
2025-08-11 11:20:12,2.0,6.9,0.0,89.97,0.0,1.62,1.62,0.0,0.0,0.0
2025-08-11 11:20:13,2.0,6.9,0.0,89.97,0.0,0.82,0.82,0.0,0.0,0.0
2025-08-11 11:20:14,1.6,6.9,0.0,89.97,0.0,1.9,1.9,0.0,0.0,0.0
2025-08-11 11:20:15,2.0,6.9,0.0,89.97,0.0,1.64,1.64,0.0,0.0,0.0
2025-08-11 11:20:16,1.8,6.9,0.0,89.97,0.0,2.05,2.05,0.0,0.0,0.0
2025-08-11 11:20:17,3.0,6.9,98.0,89.97,0.0,0.95,0.95,0.0,0.01,0.01
2025-08-11 11:20:18,2.8,6.9,98.0,89.97,0.0,1.51,1.51,0.0,0.0,0.0
2025-08-11 11:20:20,3.3,6.9,98.0,89.97,0.0,4.56,4.56,0.0,0.0,0.0
2025-08-11 11:20:21,3.3,6.9,97.0,89.97,0.0,3.38,3.38,0.0,0.0,0.01
2025-08-11 11:20:22,2.7,6.9,97.0,89.97,0.0,0.7,0.7,0.0,0.0,0.0
2025-08-11 11:20:23,3.3,6.9,97.0,89.97,0.0,1.71,1.71,0.0,0.0,0.0
2025-08-11 11:20:24,2.9,6.9,98.0,89.97,0.0,1.03,1.03,0.0,0.0,0.0
2025-08-11 11:20:25,2.4,6.9,98.0,89.97,0.0,1.87,1.87,0.0,0.0,0.0
2025-08-11 11:20:26,3.3,6.9,98.0,89.97,0.0,1.71,1.71,0.0,0.0,0.0
2025-08-11 11:20:27,2.7,6.9,98.0,89.97,0.0,1.82,1.82,0.0,0.0,0.0
2025-08-11 11:20:28,2.8,6.9,98.0,89.97,0.0,8.4,8.4,0.0,0.0,0.0
2025-08-11 11:20:29,2.8,6.9,97.0,89.97,0.0,0.32,0.32,0.0,0.0,0.0
2025-08-11 11:20:30,3.2,6.9,97.0,89.97,0.0,1.7,1.7,0.0,0.0,0.0
2025-08-11 11:20:31,2.5,6.9,97.0,89.97,0.0,2.92,2.92,0.0,0.0,0.01
2025-08-11 11:20:32,3.0,6.9,98.0,89.97,0.0,1.01,1.01,0.0,0.0,0.0
2025-08-11 11:20:33,3.8,6.9,98.0,89.97,0.0,1.62,1.62,0.0,0.0,0.0
2025-08-11 11:20:34,3.0,6.9,98.0,89.97,0.0,0.51,0.51,0.0,0.0,0.0
2025-08-11 11:20:35,4.6,6.9,97.0,89.97,0.0,2.26,2.26,0.0,0.0,0.0
2025-08-11 11:20:36,5.4,6.9,97.0,89.97,0.0,1.08,1.08,0.0,0.0,0.0
2025-08-11 11:20:37,2.8,6.9,98.0,89.97,0.0,0.79,0.79,0.0,0.0,0.0
2025-08-11 11:20:38,3.4,6.9,97.0,89.97,0.0,1.78,1.78,0.0,0.0,0.0
2025-08-11 11:20:39,2.3,6.9,97.0,89.97,0.0,0.76,0.76,0.0,0.0,0.0
2025-08-11 11:20:40,3.3,6.9,98.0,89.97,0.0,1.74,1.74,0.0,0.0,0.0
2025-08-11 11:20:41,2.4,6.9,98.0,89.97,0.0,1.09,1.09,0.0,0.0,0.0
2025-08-11 11:20:42,2.8,6.9,98.0,89.97,0.0,1.73,1.73,0.0,0.0,0.0
2025-08-11 11:20:43,2.6,6.9,98.0,89.97,0.0,0.79,0.79,0.0,0.0,0.0
2025-08-11 11:20:44,4.3,6.9,97.0,89.97,0.0,1.67,1.67,0.0,0.0,0.0
2025-08-11 11:20:45,3.6,6.9,98.0,89.97,0.0,0.84,0.84,0.0,0.0,0.0
2025-08-11 11:20:46,3.2,6.9,97.0,89.97,0.0,2.39,2.39,0.0,0.0,0.0
2025-08-11 11:20:47,5.1,6.9,97.0,89.97,0.0,0.98,0.98,0.0,0.0,0.0
2025-08-11 11:20:48,3.2,6.9,70.0,89.97,0.0,1.79,1.79,0.01,0.0,0.01
2025-08-11 11:20:49,2.7,6.9,0.0,89.97,0.0,0.76,0.76,0.0,0.0,0.0
2025-08-11 11:20:50,4.0,6.9,0.0,89.97,0.0,8.13,8.13,0.0,0.0,0.0
2025-08-11 11:20:51,3.6,6.9,0.0,89.97,0.0,1.0,1.0,0.0,0.0,0.0
2025-08-11 11:20:52,3.4,6.9,0.0,89.97,0.0,2.07,2.07,0.0,0.0,0.0
2025-08-11 11:20:53,3.2,6.9,0.0,89.97,0.0,1.17,1.17,0.0,0.0,0.0
2025-08-11 11:20:54,3.0,6.9,0.0,89.97,0.0,1.83,1.83,0.0,0.0,0.0
2025-08-11 11:20:55,2.9,6.9,0.0,89.97,0.0,0.95,0.95,0.0,0.0,0.0
2025-08-11 11:20:56,3.3,6.9,0.0,89.97,0.0,1.91,1.91,0.0,0.0,0.0
2025-08-11 11:20:57,1.4,6.9,0.0,89.97,0.0,0.97,0.97,0.0,0.0,0.0
2025-08-11 11:20:58,1.6,6.9,0.0,89.97,0.0,1.75,1.75,0.0,0.0,0.0
2025-08-11 11:20:59,2.2,6.9,0.0,89.97,0.0,1.39,1.39,0.0,0.0,0.0
2025-08-11 11:21:00,3.4,6.9,0.0,89.97,0.0,1.73,1.73,0.0,0.0,0.0
2025-08-11 11:21:01,2.9,6.9,0.0,89.97,0.0,0.84,0.84,0.0,0.0,0.0
2025-08-11 11:21:02,2.0,6.9,0.0,89.97,0.0,2.11,2.11,0.0,0.0,0.0
2025-08-11 11:21:03,2.2,6.9,0.0,89.97,0.0,0.78,0.78,0.0,0.0,0.0
2025-08-11 11:21:04,1.9,6.9,0.0,89.97,0.0,1.7,1.7,0.0,0.0,0.0
2025-08-11 11:21:05,2.4,6.9,0.0,89.97,0.0,0.57,0.57,0.0,0.0,0.0
2025-08-11 11:21:06,2.2,6.9,0.0,89.97,0.0,2.77,2.77,0.0,0.0,0.0
2025-08-11 11:21:07,2.1,6.9,0.0,89.97,0.0,1.52,1.52,0.0,0.0,0.0
2025-08-11 11:21:08,2.5,6.9,0.0,89.97,0.0,1.58,1.58,0.0,0.0,0.0
2025-08-11 11:21:09,1.8,6.9,0.0,89.97,0.0,1.09,1.09,0.0,0.0,0.0
2025-08-11 11:21:10,1.9,6.9,0.0,89.97,0.0,1.76,1.76,0.0,0.0,0.0
2025-08-11 11:21:11,1.9,6.9,0.0,89.97,0.0,0.82,0.82,0.0,0.0,0.0
2025-08-11 11:21:12,1.7,6.9,0.0,89.97,0.0,1.82,1.82,0.0,0.0,0.0
2025-08-11 11:21:13,2.4,6.9,0.0,89.97,0.0,1.1,1.1,0.0,0.0,0.0
2025-08-11 11:21:14,1.7,6.9,0.0,89.97,0.0,1.51,1.51,0.0,0.0,0.0
2025-08-11 11:21:15,2.7,6.9,0.0,89.97,0.0,1.29,1.29,0.0,0.0,0.0
2025-08-11 11:21:16,1.6,6.9,0.0,89.97,0.0,1.69,1.69,0.0,0.0,0.0
2025-08-11 11:21:17,2.6,6.9,0.0,89.97,0.0,1.09,1.09,0.0,0.0,0.0
2025-08-11 11:21:18,2.8,6.9,0.0,89.97,0.0,0.67,0.67,0.0,0.0,0.0
2025-08-11 11:21:19,4.9,6.9,0.0,89.97,0.0,1.55,1.55,0.0,0.0,0.0
2025-08-11 11:21:20,3.5,6.9,0.0,89.97,0.0,1.09,1.09,0.0,0.0,0.0
2025-08-11 11:21:21,3.0,6.9,0.0,89.97,0.0,6.41,6.41,0.0,0.0,0.0
2025-08-11 11:21:22,2.1,6.9,0.0,89.97,0.0,0.95,0.95,0.0,0.0,0.0
2025-08-11 11:21:23,2.3,6.9,0.0,89.97,0.0,1.98,1.98,0.0,0.0,0.0
2025-08-11 11:21:24,1.4,6.9,0.0,89.97,0.0,0.9,0.9,0.0,0.0,0.0
2025-08-11 11:21:25,4.1,6.9,0.0,89.97,0.0,1.98,1.98,0.0,0.0,0.0
2025-08-11 11:21:26,1.7,6.9,0.0,89.97,0.0,1.03,1.03,0.0,0.0,0.0
2025-08-11 11:21:27,2.0,6.9,0.0,89.97,0.0,1.71,1.71,0.0,0.0,0.0
2025-08-11 11:21:28,2.2,6.9,0.0,89.97,0.0,8.16,8.16,0.0,0.0,0.0
2025-08-11 11:21:29,3.6,6.9,0.0,89.97,0.0,1.92,1.92,0.0,0.0,0.0
2025-08-11 11:21:30,2.7,6.9,0.0,89.97,0.0,1.23,1.23,0.0,0.0,0.0
2025-08-11 11:21:31,2.0,6.9,0.0,89.97,0.0,1.58,1.58,0.0,0.0,0.0
2025-08-11 11:21:32,1.5,6.9,0.0,89.97,0.0,0.77,0.77,0.0,0.0,0.0
2025-08-11 11:21:33,2.2,6.9,0.0,89.97,0.0,2.11,2.11,0.0,0.0,0.0
2025-08-11 11:21:34,2.5,6.9,0.0,89.97,0.0,1.15,1.15,0.0,0.0,0.0
2025-08-11 11:21:35,5.7,6.9,0.0,89.97,0.0,1.93,1.93,0.0,0.0,0.0
2025-08-11 11:21:36,2.5,6.9,0.0,89.97,0.0,0.97,0.97,0.0,0.0,0.0
2025-08-11 11:21:37,4.0,6.9,0.0,89.97,0.0,1.83,1.83,0.0,0.0,0.0
2025-08-11 11:21:38,2.8,6.9,0.0,89.97,0.0,1.24,1.24,0.0,0.0,0.0
2025-08-11 11:21:39,3.5,6.9,0.0,89.97,0.0,1.75,1.75,0.0,0.0,0.0
2025-08-11 11:21:40,3.2,6.9,0.0,89.97,0.0,0.71,0.71,0.0,0.0,0.0
2025-08-11 11:21:41,3.4,6.9,0.0,89.97,0.0,2.15,2.15,0.0,0.0,0.0
2025-08-11 11:21:42,2.6,6.9,0.0,89.97,0.0,0.8,0.8,0.0,0.0,0.0
2025-08-11 11:21:43,2.7,6.9,0.0,89.97,0.0,2.35,2.35,0.0,0.0,0.0
2025-08-11 11:21:44,2.3,6.9,0.0,89.97,0.0,0.71,0.71,0.0,0.0,0.0
2025-08-11 11:21:45,3.2,6.9,0.0,89.97,0.0,1.84,1.84,0.0,0.0,0.0
2025-08-11 11:21:46,3.2,6.9,0.0,89.97,0.0,0.98,0.98,0.0,0.0,0.0
2025-08-11 11:21:47,2.5,6.9,0.0,89.97,0.0,1.98,1.98,0.0,0.0,0.0
2025-08-11 11:21:48,2.8,6.9,0.0,89.97,0.0,1.15,1.15,0.0,0.0,0.0
2025-08-11 11:21:49,2.7,6.9,0.0,89.97,0.0,1.61,1.61,0.0,0.0,0.0
2025-08-11 11:21:50,3.3,6.9,0.0,89.97,0.0,0.43,0.43,0.0,0.0,0.0
2025-08-11 11:21:51,3.6,6.9,0.0,89.97,0.0,8.79,8.79,0.0,0.0,0.0
2025-08-11 11:21:52,4.3,6.9,0.0,89.97,0.0,0.93,0.93,0.0,0.0,0.0
2025-08-11 11:21:53,4.8,6.9,0.0,89.97,0.0,1.61,1.61,0.0,0.0,0.0
2025-08-11 11:21:54,2.9,6.9,0.0,89.97,0.0,1.54,1.54,0.0,0.0,0.0
2025-08-11 11:21:55,2.2,6.9,0.0,89.97,0.0,1.65,1.65,0.0,0.0,0.0
2025-08-11 11:21:56,1.8,6.9,0.0,89.97,0.0,1.21,1.21,0.0,0.0,0.0
2025-08-11 11:21:57,1.6,6.9,0.0,89.97,0.0,1.6,1.6,0.0,0.0,0.0
2025-08-11 11:21:58,2.5,6.9,0.0,89.97,0.0,1.03,1.03,0.0,0.0,0.0
2025-08-11 11:21:59,2.0,6.9,0.0,89.97,0.0,1.78,1.78,0.0,0.0,0.0
2025-08-11 11:22:00,2.0,6.9,0.0,89.97,0.0,0.51,0.51,0.0,0.0,0.0
2025-08-11 11:22:01,2.0,6.9,0.0,89.97,0.0,2.54,2.54,0.0,0.0,0.0
2025-08-11 11:22:02,3.1,6.9,0.0,89.97,0.0,0.97,0.97,0.0,0.0,0.0
2025-08-11 11:22:03,1.8,6.9,0.0,89.97,0.0,0.15,0.15,0.0,0.0,0.0
2025-08-11 11:22:04,3.7,6.9,0.0,89.97,0.0,1.8,1.8,0.0,0.0,0.0
2025-08-11 11:22:05,3.6,6.9,0.0,89.97,0.0,1.21,1.21,0.0,0.0,0.0
2025-08-11 11:22:06,2.7,6.9,0.0,89.97,0.0,1.97,1.97,0.0,0.0,0.0
2025-08-11 11:22:07,2.7,6.9,0.0,89.97,0.0,0.94,0.94,0.0,0.0,0.0
2025-08-11 11:22:08,2.2,6.9,0.0,89.97,0.0,1.66,1.66,0.0,0.0,0.0
2025-08-11 11:22:09,1.7,6.9,0.0,89.97,0.0,0.93,0.93,0.0,0.0,0.0
2025-08-11 11:22:10,2.0,6.9,0.0,89.97,0.0,2.11,2.11,0.0,0.0,0.0
2025-08-11 11:22:11,1.8,6.9,0.0,89.97,0.0,1.27,1.27,0.0,0.0,0.0
2025-08-11 11:22:12,2.3,6.9,0.0,89.97,0.0,1.65,1.65,0.0,0.0,0.0
2025-08-11 11:22:13,2.2,6.9,0.0,89.97,0.0,0.91,0.91,0.0,0.0,0.0
2025-08-11 11:22:14,3.7,6.9,0.0,89.97,0.0,1.73,1.73,0.0,0.0,0.0
2025-08-11 11:22:15,2.5,6.9,0.0,89.97,0.0,1.37,1.37,0.0,0.0,0.0
2025-08-11 11:22:16,2.1,6.9,0.0,89.97,0.0,1.92,1.92,0.0,0.0,0.0
2025-08-11 11:22:17,2.6,6.9,0.0,89.97,0.0,1.85,1.85,0.0,0.0,0.0
2025-08-11 11:22:18,2.1,6.9,0.0,89.97,0.0,1.7,1.7,0.0,0.0,0.0
2025-08-11 11:22:19,2.3,6.9,0.0,89.97,0.0,1.05,1.05,0.0,0.0,0.0
2025-08-11 11:22:20,1.8,6.9,0.0,89.97,0.0,2.14,2.14,0.0,0.0,0.0
2025-08-11 11:22:21,1.7,6.9,0.0,89.97,0.0,0.92,0.92,0.0,0.0,0.0
2025-08-11 11:22:22,2.0,6.9,0.0,89.97,0.0,6.77,6.77,0.0,0.0,0.0
2025-08-11 11:22:23,2.1,6.9,0.0,89.97,0.0,0.78,0.78,0.0,0.0,0.0
2025-08-11 11:22:24,1.7,6.9,0.0,89.97,0.0,1.98,1.98,0.0,0.0,0.0
2025-08-11 11:22:25,2.8,6.9,0.0,89.97,0.0,1.31,1.31,0.0,0.0,0.0
2025-08-11 11:22:26,2.0,6.9,0.0,89.97,0.0,1.86,1.86,0.0,0.0,0.0
2025-08-11 11:22:27,1.6,6.9,0.0,89.97,0.0,2.65,2.65,0.0,0.0,0.0
2025-08-11 11:22:28,3.4,6.9,0.0,89.97,0.0,7.34,7.34,0.0,0.0,0.0
2025-08-11 11:22:29,2.1,6.9,0.0,89.97,0.0,2.0,2.0,0.0,0.0,0.0
2025-08-11 11:22:30,3.3,6.9,0.0,89.97,0.0,2.76,2.76,0.0,0.0,0.0
2025-08-11 11:22:31,2.1,6.9,0.0,89.97,0.0,1.05,1.05,0.0,0.0,0.0
2025-08-11 11:22:32,1.5,6.9,0.0,89.97,0.0,2.24,2.24,0.0,0.0,0.0
2025-08-11 11:22:33,2.5,6.9,0.0,89.97,0.0,0.71,0.71,0.0,0.0,0.0
2025-08-11 11:22:34,2.6,6.9,0.0,89.97,0.0,1.98,1.98,0.0,0.0,0.0
2025-08-11 11:22:35,2.4,6.9,0.0,89.97,0.0,0.74,0.74,0.0,0.0,0.0
2025-08-11 11:22:36,1.4,6.9,0.0,89.97,0.0,2.34,2.34,0.0,0.0,0.0
2025-08-11 11:22:37,3.5,6.9,0.0,89.97,0.0,0.67,0.67,0.0,0.0,0.0
2025-08-11 11:22:38,1.3,6.9,0.0,89.97,0.0,1.99,1.99,0.0,0.0,0.0
2025-08-11 11:22:39,1.9,6.9,0.0,89.97,0.0,0.32,0.32,0.0,0.0,0.0
2025-08-11 11:22:40,1.7,6.9,0.0,89.97,0.0,0.97,0.97,0.0,0.0,0.0
2025-08-11 11:22:41,2.3,6.9,0.0,89.97,0.0,2.07,2.07,0.0,0.0,0.0
2025-08-11 11:22:42,3.1,6.9,0.0,89.97,0.0,1.23,1.23,0.0,0.0,0.0
2025-08-11 11:22:43,3.2,6.9,0.0,89.97,0.0,1.74,1.74,0.0,0.0,0.0
2025-08-11 11:22:44,1.9,6.9,0.0,89.97,0.0,1.02,1.02,0.0,0.0,0.0
2025-08-11 11:22:45,2.2,6.9,0.0,89.97,0.0,1.79,1.79,0.0,0.0,0.0
2025-08-11 11:22:46,1.5,6.9,0.0,89.97,0.0,1.29,1.29,0.0,0.0,0.0
2025-08-11 11:22:47,4.3,6.9,0.0,89.97,0.0,1.88,1.88,0.0,0.0,0.0
2025-08-11 11:22:48,3.3,6.9,0.0,89.97,0.0,0.69,0.69,0.0,0.0,0.0
2025-08-11 11:22:49,3.9,6.9,0.0,89.97,0.0,1.99,1.99,0.0,0.0,0.0
2025-08-11 11:22:50,3.1,6.9,0.0,89.97,0.0,0.7,0.7,0.0,0.0,0.0
2025-08-11 11:22:51,2.3,6.9,0.0,89.97,0.0,2.25,2.25,0.0,0.0,0.0
2025-08-11 11:22:52,2.1,6.9,0.0,89.97,0.0,1.04,1.04,0.0,0.0,0.0
2025-08-11 11:22:53,2.2,6.9,0.0,89.97,0.0,7.61,7.61,0.0,0.0,0.0
2025-08-11 11:22:54,1.8,6.9,0.0,89.97,0.0,0.74,0.74,0.0,0.0,0.0
2025-08-11 11:22:55,3.1,6.9,0.0,89.97,0.0,1.88,1.88,0.01,0.01,0.02
2025-08-11 11:22:56,1.6,6.9,0.0,89.97,0.0,1.22,1.22,0.0,0.0,0.0
2025-08-11 11:22:57,1.9,6.9,0.0,89.97,0.0,1.92,1.92,0.0,0.0,0.0
2025-08-11 11:22:58,3.2,6.9,0.0,89.97,0.0,0.92,0.92,0.01,0.01,0.02
2025-08-11 11:22:59,3.5,6.9,0.0,89.97,0.0,2.0,2.0,0.0,0.0,0.0
2025-08-11 11:23:00,2.3,6.9,0.0,89.97,0.0,0.69,0.69,0.0,0.0,0.01
2025-08-11 11:23:01,1.6,6.9,0.0,89.97,0.0,2.17,2.17,0.0,0.01,0.01
2025-08-11 11:23:02,1.9,6.9,0.0,89.97,0.0,0.95,0.95,0.0,0.0,0.0
2025-08-11 11:23:03,2.5,6.9,0.0,89.97,0.0,1.93,1.93,0.0,0.0,0.0
2025-08-11 11:23:04,2.5,6.9,0.0,89.97,0.0,0.82,0.82,0.0,0.0,0.0
2025-08-11 11:23:05,2.1,6.9,0.0,89.97,0.0,1.74,1.74,0.0,0.0,0.0
2025-08-11 11:23:06,1.7,6.9,0.0,89.97,0.0,1.36,1.36,0.0,0.0,0.0
2025-08-11 11:23:07,2.6,6.9,0.0,89.97,0.0,1.81,1.81,0.0,0.0,0.0
2025-08-11 11:23:08,1.9,6.9,0.0,89.97,0.0,1.02,1.02,0.0,0.0,0.0
2025-08-11 11:23:09,2.0,6.9,0.0,89.97,0.0,1.72,1.72,0.0,0.0,0.0
2025-08-11 11:23:10,3.5,6.9,0.0,89.97,0.0,0.89,0.89,0.0,0.0,0.0
2025-08-11 11:23:11,1.9,6.9,0.0,89.97,0.0,2.06,2.06,0.0,0.0,0.0
2025-08-11 11:23:12,1.9,6.9,0.0,89.97,0.0,0.22,0.22,0.0,0.0,0.0
2025-08-11 11:23:13,2.2,6.9,0.0,89.97,0.0,2.49,2.49,0.0,0.0,0.0
2025-08-11 11:23:14,2.4,6.9,0.0,89.97,0.0,1.2,1.2,0.0,0.0,0.0
2025-08-11 11:23:15,1.7,6.9,0.0,89.97,0.0,1.63,1.63,0.0,0.0,0.0
2025-08-11 11:23:16,1.9,6.9,0.0,89.97,0.0,0.46,0.46,0.0,0.0,0.0
2025-08-11 11:23:17,2.3,6.9,0.0,89.97,0.0,0.99,0.99,0.0,0.0,0.0
2025-08-11 11:23:18,3.5,6.9,0.0,89.97,0.0,1.54,1.54,0.0,0.0,0.0
2025-08-11 11:23:19,2.3,6.9,0.0,89.97,0.0,1.06,1.06,0.0,0.0,0.0
2025-08-11 11:23:20,4.9,6.9,0.0,89.97,0.0,1.67,1.67,0.0,0.0,0.0
2025-08-11 11:23:21,1.6,6.9,0.0,89.97,0.0,0.95,0.95,0.0,0.0,0.0
2025-08-11 11:23:22,2.3,6.9,0.0,89.97,0.0,1.97,1.97,0.0,0.0,0.0
2025-08-11 11:23:23,1.6,6.9,0.0,89.97,0.0,5.93,5.93,0.0,0.0,0.0
2025-08-11 11:23:24,2.2,6.9,0.0,89.97,0.0,1.84,1.84,0.0,0.0,0.0
2025-08-11 11:23:25,2.2,6.9,0.0,89.97,0.0,1.02,1.02,0.0,0.0,0.0
2025-08-11 11:23:26,1.9,6.9,0.0,89.97,0.0,1.94,1.94,0.0,0.0,0.0
2025-08-11 11:23:27,1.7,6.9,0.0,89.97,0.0,1.42,1.42,0.0,0.0,0.0
2025-08-11 11:23:28,6.9,6.9,0.0,89.97,0.0,8.96,8.96,0.0,0.0,0.0
2025-08-11 11:23:29,6.8,6.9,0.0,89.97,0.0,0.87,0.87,0.0,0.0,0.0
2025-08-11 11:23:30,3.1,6.9,0.0,89.97,0.0,2.1,2.1,0.0,0.0,0.0
2025-08-11 11:23:31,2.4,6.9,0.0,89.97,0.0,0.76,0.76,0.0,0.0,0.0
2025-08-11 11:23:32,2.9,6.9,0.0,89.97,0.0,2.36,2.36,0.0,0.0,0.0
2025-08-11 11:23:33,4.3,6.9,0.0,89.97,0.0,1.2,1.2,0.0,0.0,0.0
2025-08-11 11:23:34,5.5,6.9,0.0,89.97,0.0,1.64,1.64,0.0,0.0,0.0
2025-08-11 11:23:35,5.0,6.9,0.0,89.97,0.0,0.41,0.41,0.0,0.0,0.0
2025-08-11 11:23:36,2.9,6.9,0.0,89.97,0.0,2.69,2.69,0.0,0.0,0.0
2025-08-11 11:23:37,3.7,6.9,0.0,89.97,0.0,1.21,1.21,0.0,0.0,0.0
2025-08-11 11:23:38,2.6,6.9,0.0,89.97,0.0,1.72,1.72,0.0,0.0,0.0
2025-08-11 11:23:39,3.1,6.9,0.0,89.97,0.0,0.78,0.78,0.0,0.0,0.0
2025-08-11 11:23:40,2.9,6.9,0.0,89.97,0.0,2.05,2.05,0.0,0.0,0.0
2025-08-11 11:23:41,2.6,6.9,0.0,89.97,0.0,0.66,0.66,0.0,0.0,0.0
2025-08-11 11:23:42,2.5,6.9,0.0,89.97,0.0,2.17,2.17,0.0,0.0,0.0
2025-08-11 11:23:43,4.1,6.9,0.0,89.97,0.0,0.98,0.98,0.0,0.0,0.0
2025-08-11 11:23:44,4.0,6.9,0.0,89.97,0.0,2.14,2.14,0.0,0.0,0.0
2025-08-11 11:23:45,3.2,6.9,0.0,89.97,0.0,0.98,0.98,0.0,0.0,0.0
2025-08-11 11:23:46,3.7,6.9,0.0,89.97,0.0,1.86,1.86,0.0,0.0,0.0
2025-08-11 11:23:48,3.6,6.9,0.0,89.97,0.0,1.17,1.17,0.0,0.0,0.0
2025-08-11 11:23:49,2.9,6.9,0.0,89.97,0.0,1.64,1.64,0.0,0.0,0.0
2025-08-11 11:23:50,3.9,6.9,0.0,89.97,0.0,0.42,0.42,0.0,0.0,0.0
2025-08-11 11:23:51,3.0,6.9,0.0,89.97,0.0,2.23,2.23,0.0,0.0,0.0
2025-08-11 11:23:52,2.8,6.9,0.0,89.97,0.0,1.11,1.11,0.01,0.01,0.01
2025-08-11 11:23:53,2.6,6.9,0.0,89.97,0.0,0.31,0.31,0.0,0.01,0.01
2025-08-11 11:23:54,3.0,6.9,0.0,89.97,0.0,2.0,2.0,0.0,0.01,0.02
2025-08-11 11:23:55,2.7,6.9,0.0,89.97,0.0,7.38,7.38,0.0,0.0,0.0
2025-08-11 11:23:56,4.0,6.9,0.0,89.97,0.0,1.96,1.96,0.0,0.0,0.01
2025-08-11 11:23:57,2.8,6.9,0.0,89.97,0.0,1.05,1.05,0.01,0.02,0.04
2025-08-11 11:23:58,2.7,6.9,0.0,89.97,0.0,1.75,1.75,0.01,0.01,0.02
2025-08-11 11:23:59,2.9,6.9,0.0,89.97,0.0,1.48,1.48,0.01,0.01,0.01
2025-08-11 11:24:00,3.0,6.9,0.0,89.97,0.0,1.65,1.65,0.0,0.0,0.0
2025-08-11 11:24:01,2.6,6.9,0.0,89.97,0.0,0.81,0.81,0.0,0.0,0.0
2025-08-11 11:24:02,3.0,6.9,0.0,89.97,0.0,2.19,2.19,0.0,0.0,0.0
2025-08-11 11:24:03,3.9,6.9,0.0,89.97,0.0,1.03,1.03,0.0,0.0,0.0
2025-08-11 11:24:04,3.2,6.9,0.0,89.97,0.0,2.24,2.24,0.0,0.0,0.0
2025-08-11 11:24:05,3.3,6.9,0.0,89.97,0.0,0.88,0.88,0.0,0.0,0.0
2025-08-11 11:24:06,3.3,6.9,0.0,89.97,0.0,1.85,1.85,0.0,0.0,0.0
2025-08-11 11:24:07,2.8,6.9,0.0,89.97,0.0,0.68,0.68,0.0,0.0,0.0
2025-08-11 11:24:08,3.9,6.9,0.0,89.97,0.0,2.02,2.02,0.0,0.01,0.01
2025-08-11 11:24:09,2.5,6.9,0.0,89.97,0.0,1.39,1.39,0.0,0.0,0.0
2025-08-11 11:24:10,3.2,6.9,0.0,89.97,0.0,1.74,1.74,0.0,0.0,0.0
2025-08-11 11:24:11,2.6,6.9,0.0,89.97,0.0,0.85,0.85,0.0,0.0,0.0
2025-08-11 11:24:12,2.7,6.9,0.0,89.97,0.0,1.78,1.78,0.0,0.0,0.0
2025-08-11 11:24:13,2.8,6.9,0.0,89.97,0.0,0.86,0.86,0.0,0.0,0.0
2025-08-11 11:24:14,2.7,6.9,0.0,89.97,0.0,2.27,2.27,0.0,0.0,0.0
2025-08-11 11:24:15,3.5,6.9,0.0,89.97,0.0,0.82,0.82,0.0,0.01,0.01
2025-08-11 11:24:16,2.9,6.9,0.0,89.97,0.0,1.95,1.95,0.0,0.0,0.0
2025-08-11 11:24:17,2.8,6.9,0.0,89.97,0.0,0.88,0.88,0.0,0.0,0.0
2025-08-11 11:24:18,3.0,6.9,0.0,89.97,0.0,1.57,1.57,0.0,0.0,0.0
2025-08-11 11:24:19,3.8,6.9,0.0,89.97,0.0,0.61,0.61,0.0,0.0,0.0
2025-08-11 11:24:20,4.8,6.9,0.0,89.97,0.0,1.03,1.03,0.0,0.0,0.0
2025-08-11 11:24:21,3.3,6.9,0.0,89.97,0.0,1.79,1.79,0.0,0.0,0.0
2025-08-11 11:24:22,3.2,6.9,0.0,89.97,0.0,0.69,0.69,0.0,0.0,0.0
2025-08-11 11:24:23,2.7,6.9,0.0,89.97,0.0,1.75,1.75,0.0,0.0,0.0
2025-08-11 11:24:24,3.5,6.9,0.0,89.97,0.0,1.33,1.33,0.0,0.0,0.0
2025-08-11 11:24:25,5.7,6.9,0.0,89.97,0.0,6.79,6.79,0.0,0.0,0.0
2025-08-11 11:24:26,3.7,6.9,0.0,89.97,0.0,0.48,0.48,0.0,0.0,0.0
2025-08-11 11:24:27,2.6,6.9,0.0,89.97,0.0,1.7,1.7,0.0,0.0,0.0
2025-08-11 11:24:28,4.7,6.9,0.0,89.97,0.0,0.68,0.68,0.0,0.0,0.0
2025-08-11 11:24:29,4.7,6.9,0.0,89.97,0.0,9.58,9.58,0.0,0.0,0.0
2025-08-11 11:24:30,3.7,6.9,0.0,89.97,0.0,1.19,1.19,0.0,0.0,0.0
2025-08-11 11:24:31,2.6,6.9,0.0,89.97,0.0,2.39,2.39,0.0,0.0,0.0
2025-08-11 11:24:32,2.7,6.9,0.0,89.97,0.0,0.39,0.39,0.0,0.0,0.0
2025-08-11 11:24:33,2.6,6.9,0.0,89.97,0.0,2.3,2.3,0.0,0.0,0.0
2025-08-11 11:24:34,2.9,6.9,0.0,89.97,0.0,0.46,0.46,0.0,0.0,0.0
2025-08-11 11:24:35,2.8,6.9,0.0,89.97,0.0,2.41,2.41,0.0,0.0,0.0
2025-08-11 11:24:36,2.0,6.9,0.0,89.97,0.0,0.81,0.81,0.0,0.0,0.0
2025-08-11 11:24:37,1.7,6.9,0.0,89.97,0.0,0.63,0.63,0.0,0.0,0.0
2025-08-11 11:24:38,2.7,6.9,0.0,89.97,0.0,1.71,1.71,0.0,0.0,0.0
2025-08-11 11:24:39,2.1,6.9,0.0,89.97,0.0,0.94,0.94,0.0,0.0,0.0
2025-08-11 11:24:40,2.3,6.9,0.0,89.97,0.0,1.63,1.63,0.0,0.0,0.0
2025-08-11 11:24:41,2.0,6.9,0.0,89.97,0.0,1.61,1.61,0.0,0.0,0.0
2025-08-11 11:24:42,2.2,6.9,0.0,89.97,0.0,1.83,1.83,0.0,0.0,0.0
2025-08-11 11:24:43,1.8,6.9,0.0,89.97,0.0,0.88,0.88,0.0,0.0,0.0
2025-08-11 11:24:44,1.9,6.9,0.0,89.97,0.0,1.6,1.6,0.0,0.0,0.0
2025-08-11 11:24:45,1.8,6.9,0.0,89.97,0.0,0.72,0.72,0.0,0.0,0.0
2025-08-11 11:24:46,2.4,6.9,0.0,89.97,0.0,2.43,2.43,0.0,0.0,0.0
2025-08-11 11:24:47,1.7,6.9,0.0,89.97,0.0,1.09,1.09,0.0,0.0,0.0
2025-08-11 11:24:48,4.5,6.9,0.0,89.97,0.0,1.67,1.67,0.0,0.0,0.0
2025-08-11 11:24:49,2.1,6.9,0.0,89.97,0.0,0.79,0.79,0.0,0.0,0.0
2025-08-11 11:24:50,3.4,6.9,0.0,89.97,0.0,1.77,1.77,0.0,0.0,0.0
2025-08-11 11:24:51,1.8,6.9,0.0,89.97,0.0,1.11,1.11,0.0,0.0,0.0
2025-08-11 11:24:52,2.5,6.9,0.0,89.97,0.0,1.87,1.87,0.0,0.0,0.0
2025-08-11 11:24:53,2.4,6.9,0.0,89.97,0.0,0.82,0.82,0.0,0.0,0.0
2025-08-11 11:24:54,1.8,6.9,0.0,89.97,0.0,1.8,1.8,0.0,0.0,0.0
2025-08-11 11:24:55,2.7,6.9,0.0,89.97,0.0,0.86,0.86,0.0,0.0,0.0
2025-08-11 11:24:56,2.2,6.9,0.0,89.97,0.0,8.59,8.59,0.0,0.0,0.0
2025-08-11 11:24:57,1.8,6.9,0.0,89.97,0.0,1.04,1.04,0.0,0.0,0.0
2025-08-11 11:24:58,2.1,6.9,0.0,89.97,0.0,1.66,1.66,0.0,0.0,0.0
2025-08-11 11:24:59,2.0,6.9,0.0,89.97,0.0,1.04,1.04,0.0,0.0,0.0
2025-08-11 11:25:00,2.2,6.9,0.0,89.97,0.0,1.72,1.72,0.0,0.0,0.0
2025-08-11 11:25:01,1.9,6.9,0.0,89.97,0.0,1.3,1.3,0.0,0.0,0.0
2025-08-11 11:25:02,1.7,6.9,0.0,89.97,0.0,1.76,1.76,0.0,0.0,0.0
2025-08-11 11:25:03,2.1,6.9,0.0,89.97,0.0,0.19,0.19,0.0,0.0,0.0
2025-08-11 11:25:04,2.9,6.9,0.0,89.97,0.0,2.96,2.96,0.0,0.0,0.0
2025-08-11 11:25:05,5.6,6.9,0.0,89.97,0.0,1.01,1.01,0.0,0.0,0.0
2025-08-11 11:25:06,2.3,6.9,0.0,89.97,0.0,1.63,1.63,0.0,0.0,0.0
2025-08-11 11:25:07,2.3,6.9,0.0,89.97,0.0,1.39,1.39,0.0,0.0,0.0
2025-08-11 11:25:08,2.0,6.9,0.0,89.97,0.0,1.95,1.95,0.0,0.0,0.0
2025-08-11 11:25:09,2.0,6.9,0.0,89.97,0.0,0.95,0.95,0.0,0.0,0.0
2025-08-11 11:25:10,1.5,6.9,0.0,89.97,0.0,1.54,1.54,0.0,0.0,0.0
2025-08-11 11:25:11,1.8,6.9,0.0,89.97,0.0,1.16,1.16,0.0,0.0,0.0
2025-08-11 11:25:12,1.9,6.9,0.0,89.97,0.0,1.9,1.9,0.0,0.0,0.0
2025-08-11 11:25:13,2.1,6.9,0.0,89.97,0.0,0.65,0.65,0.0,0.0,0.0
2025-08-11 11:25:14,2.9,6.9,0.0,89.97,0.0,0.8,0.8,0.0,0.0,0.0
2025-08-11 11:25:15,4.7,6.9,0.0,89.97,0.0,2.16,2.16,0.0,0.0,0.0
2025-08-11 11:25:16,2.5,6.9,0.0,89.97,0.0,1.06,1.06,0.0,0.0,0.0
2025-08-11 11:25:17,2.8,6.9,0.0,89.97,0.0,2.44,2.44,0.0,0.0,0.0
2025-08-11 11:25:18,2.4,6.9,0.0,89.97,0.0,1.07,1.07,0.0,0.01,0.01
2025-08-11 11:25:19,2.2,6.9,0.0,89.97,0.0,1.62,1.62,0.0,0.0,0.0
2025-08-11 11:25:20,3.7,6.9,0.0,89.97,0.0,0.95,0.95,0.0,0.0,0.0
2025-08-11 11:25:21,3.4,6.9,0.0,89.97,0.0,1.79,1.79,0.0,0.0,0.0
2025-08-11 11:25:22,1.8,6.9,0.0,89.97,0.0,0.73,0.73,0.0,0.0,0.0
2025-08-11 11:25:23,1.7,6.9,0.0,89.97,0.0,2.26,2.26,0.0,0.0,0.0
2025-08-11 11:25:24,1.4,6.9,0.0,89.97,0.0,0.74,0.74,0.0,0.0,0.0
2025-08-11 11:25:25,3.8,6.9,0.0,89.97,0.0,1.88,1.88,0.0,0.0,0.0
2025-08-11 11:25:26,1.9,6.9,0.0,89.97,0.0,6.12,6.12,0.0,0.0,0.0
2025-08-11 11:25:27,1.9,6.9,0.0,89.97,0.0,1.7,1.7,0.0,0.0,0.0
2025-08-11 11:25:28,2.0,6.9,0.0,89.97,0.0,1.49,1.49,0.0,0.0,0.0
2025-08-11 11:25:29,2.3,6.9,0.0,89.97,0.0,9.12,9.12,0.0,0.0,0.0
2025-08-11 11:25:30,1.6,6.9,0.0,89.97,0.0,0.88,0.88,0.0,0.0,0.0
2025-08-11 11:25:31,1.5,6.9,0.0,89.97,0.0,1.96,1.96,0.0,0.0,0.0
2025-08-11 11:25:32,1.9,6.9,0.0,89.97,0.0,0.68,0.68,0.0,0.0,0.0
2025-08-11 11:25:33,2.0,6.9,0.0,89.97,0.0,2.82,2.82,0.0,0.0,0.0
2025-08-11 11:25:34,2.0,6.9,0.0,89.97,0.0,1.07,1.07,0.0,0.0,0.0
2025-08-11 11:25:35,2.3,6.9,0.0,89.97,0.0,1.69,1.69,0.0,0.0,0.0
2025-08-11 11:25:36,2.2,6.9,0.0,89.97,0.0,0.75,0.75,0.0,0.0,0.0
2025-08-11 11:25:37,3.9,6.9,0.0,89.97,0.0,1.54,1.54,0.0,0.0,0.0
2025-08-11 11:25:38,1.9,6.9,0.0,89.97,0.0,1.91,1.91,0.0,0.0,0.0
2025-08-11 11:25:39,1.7,6.9,0.0,89.97,0.0,1.88,1.88,0.0,0.0,0.0
2025-08-11 11:25:40,1.9,6.9,0.0,89.97,0.0,0.63,0.63,0.0,0.0,0.0
2025-08-11 11:25:41,1.9,6.9,0.0,89.97,0.0,1.85,1.85,0.0,0.0,0.0
2025-08-11 11:25:42,1.7,6.9,0.0,89.97,0.0,0.67,0.67,0.0,0.0,0.0
2025-08-11 11:25:43,2.0,6.9,0.0,89.97,0.0,2.28,2.28,0.0,0.0,0.0
2025-08-11 11:25:44,1.9,6.9,0.0,89.97,0.0,0.42,0.42,0.0,0.0,0.0
2025-08-11 11:25:45,2.2,6.9,0.0,89.97,0.0,2.22,2.22,0.0,0.0,0.0
2025-08-11 11:25:46,1.9,6.9,0.0,89.97,0.0,0.96,0.96,0.0,0.0,0.0
2025-08-11 11:25:47,1.6,6.9,0.0,89.97,0.0,1.74,1.74,0.0,0.0,0.0
2025-08-11 11:25:48,2.7,6.9,0.0,89.97,0.0,0.97,0.97,0.0,0.0,0.0
2025-08-11 11:25:49,2.5,6.9,0.0,89.97,0.0,0.97,0.97,0.0,0.0,0.0
2025-08-11 11:25:50,5.5,6.9,0.0,89.97,0.0,1.73,1.73,0.0,0.0,0.0
2025-08-11 11:25:51,2.2,6.9,0.0,89.97,0.0,2.19,2.19,0.0,0.0,0.0
2025-08-11 11:25:52,2.0,6.9,0.0,89.97,0.0,0.95,0.95,0.0,0.0,0.0
2025-08-11 11:25:53,1.7,6.9,0.0,89.97,0.0,0.54,0.54,0.0,0.0,0.0
2025-08-11 11:25:54,1.8,6.9,0.0,89.97,0.0,1.86,1.86,0.0,0.0,0.0
2025-08-11 11:25:55,2.7,6.9,0.0,89.97,0.0,0.79,0.79,0.0,0.0,0.0
2025-08-11 11:25:56,2.0,6.9,0.0,89.97,0.0,1.98,1.98,0.0,0.0,0.0
2025-08-11 11:25:57,1.5,6.9,0.0,89.97,0.0,7.97,7.97,0.0,0.0,0.0
2025-08-11 11:25:58,3.5,6.9,0.0,89.97,0.0,1.75,1.75,0.0,0.0,0.0
2025-08-11 11:25:59,3.6,6.9,0.0,89.97,0.0,1.13,1.13,0.0,0.0,0.0
2025-08-11 11:26:00,2.7,6.9,0.0,89.97,0.0,1.62,1.62,0.0,0.0,0.0
2025-08-11 11:26:01,1.5,6.9,0.0,89.97,0.0,0.9,0.9,0.0,0.0,0.0
2025-08-11 11:26:02,3.1,6.9,0.0,89.97,0.0,1.67,1.67,0.0,0.0,0.0
2025-08-11 11:26:03,1.6,6.9,0.0,89.97,0.0,1.38,1.38,0.0,0.0,0.0
2025-08-11 11:26:04,2.1,6.9,0.0,89.97,0.0,1.92,1.92,0.0,0.0,0.0
2025-08-11 11:26:05,2.5,6.9,0.0,89.97,0.0,0.97,0.97,0.0,0.0,0.0
2025-08-11 11:26:06,2.0,6.9,0.0,89.97,0.0,1.86,1.86,0.0,0.0,0.0
2025-08-11 11:26:07,4.1,6.9,0.0,89.97,0.0,0.81,0.81,0.0,0.0,0.0
2025-08-11 11:26:08,3.1,6.9,0.0,89.97,0.0,1.9,1.9,0.0,0.0,0.0
2025-08-11 11:26:09,2.4,6.9,0.0,89.97,0.0,1.76,1.76,0.0,0.0,0.0
2025-08-11 11:26:10,1.9,6.9,0.0,89.97,0.0,1.69,1.69,0.0,0.0,0.0
2025-08-11 11:26:11,1.8,6.9,0.0,89.97,0.0,0.96,0.96,0.0,0.0,0.0
2025-08-11 11:26:12,2.1,6.9,0.0,89.97,0.0,1.66,1.66,0.0,0.0,0.0
2025-08-11 11:26:13,2.4,6.9,0.0,89.97,0.0,0.79,0.79,0.0,0.0,0.0
2025-08-11 11:26:14,1.6,6.9,0.0,89.97,0.0,2.59,2.59,0.0,0.0,0.0
2025-08-11 11:26:15,1.9,6.9,0.0,89.97,0.0,1.29,1.29,0.0,0.0,0.0
2025-08-11 11:26:16,2.0,6.9,0.0,89.97,0.0,1.82,1.82,0.0,0.0,0.0
2025-08-11 11:26:17,6.6,6.9,0.0,89.97,0.0,0.94,0.94,0.0,0.0,0.0
2025-08-11 11:26:18,3.2,6.9,0.0,89.97,0.0,1.6,1.6,0.0,0.0,0.0
2025-08-11 11:26:19,2.6,6.9,0.0,89.97,0.0,1.55,1.55,0.0,0.0,0.0
2025-08-11 11:26:20,4.7,6.9,0.0,89.97,0.0,1.69,1.69,0.0,0.0,0.0
2025-08-11 11:26:21,2.9,6.9,0.0,89.97,0.0,0.41,0.41,0.0,0.0,0.0
2025-08-11 11:26:22,2.8,6.9,0.0,89.97,0.0,2.1,2.1,0.0,0.0,0.0
2025-08-11 11:26:23,2.9,6.9,0.0,89.97,0.0,0.95,0.95,0.0,0.0,0.0
2025-08-11 11:26:24,2.3,6.9,0.0,89.97,0.0,1.98,1.98,0.0,0.0,0.0
2025-08-11 11:26:25,3.3,6.9,0.0,89.97,0.0,1.07,1.07,0.0,0.0,0.0
2025-08-11 11:26:26,3.0,6.9,0.0,89.97,0.0,2.26,2.26,0.0,0.0,0.0
2025-08-11 11:26:27,2.7,6.9,0.0,89.97,0.0,0.48,0.48,0.0,0.0,0.0
2025-08-11 11:26:28,3.7,6.9,0.0,89.97,0.0,5.89,5.89,0.0,0.0,0.0
2025-08-11 11:26:29,3.7,6.9,0.0,89.97,0.0,9.24,9.24,0.0,0.0,0.0
2025-08-11 11:26:30,2.6,6.9,0.0,89.97,0.0,1.61,1.61,0.0,0.0,0.0
2025-08-11 11:26:31,2.5,6.9,0.0,89.97,0.0,1.98,1.98,0.0,0.0,0.0
2025-08-11 11:26:32,2.8,6.9,0.0,89.97,0.0,0.85,0.85,0.0,0.0,0.0
2025-08-11 11:26:33,2.8,6.9,0.0,89.97,0.0,1.76,1.76,0.0,0.0,0.0
2025-08-11 11:26:34,4.1,6.9,0.0,89.97,0.0,1.14,1.14,0.0,0.0,0.0
2025-08-11 11:26:35,4.1,6.9,0.0,89.97,0.0,2.07,2.07,0.0,0.0,0.0
2025-08-11 11:26:36,2.8,6.9,0.0,89.97,0.0,0.97,0.97,0.0,0.0,0.0
2025-08-11 11:26:37,3.7,6.9,0.0,89.97,0.0,1.74,1.74,0.0,0.0,0.0
2025-08-11 11:26:38,2.3,6.9,0.0,89.97,0.0,0.94,0.94,0.0,0.0,0.0
2025-08-11 11:26:39,2.9,6.9,0.0,89.97,0.0,1.96,1.96,0.0,0.0,0.0
2025-08-11 11:26:40,2.2,6.9,0.0,89.97,0.0,0.99,0.99,0.0,0.0,0.0
2025-08-11 11:26:41,2.9,6.9,0.0,89.97,0.0,1.82,1.82,0.0,0.0,0.0
2025-08-11 11:26:42,2.2,6.9,0.0,89.97,0.0,0.67,0.67,0.0,0.0,0.0
2025-08-11 11:26:43,3.9,6.9,0.0,89.97,0.0,2.09,2.09,0.0,0.0,0.0
2025-08-11 11:26:44,3.9,6.9,0.0,89.97,0.0,0.88,0.88,0.0,0.0,0.0
2025-08-11 11:26:45,3.5,6.9,0.0,89.97,0.0,1.93,1.93,0.0,0.0,0.0
2025-08-11 11:26:46,2.6,6.9,0.0,89.97,0.0,1.3,1.3,0.0,0.0,0.0
2025-08-11 11:26:47,2.0,6.9,0.0,89.97,0.0,1.85,1.85,0.0,0.0,0.0
2025-08-11 11:26:48,4.2,6.9,0.0,89.97,0.0,0.7,0.7,0.0,0.0,0.0
2025-08-11 11:26:49,2.2,6.9,0.0,89.97,0.0,1.88,1.88,0.0,0.0,0.0
2025-08-11 11:26:50,3.0,6.9,0.0,89.97,0.0,0.89,0.89,0.0,0.0,0.0
2025-08-11 11:26:51,2.1,6.9,0.0,89.97,0.0,2.25,2.25,0.0,0.0,0.0
2025-08-11 11:26:52,1.7,6.9,0.0,89.97,0.0,0.84,0.84,0.0,0.0,0.0
2025-08-11 11:26:53,1.7,6.9,0.0,89.97,0.0,1.97,1.97,0.0,0.0,0.0
2025-08-11 11:26:54,2.0,6.9,0.0,89.97,0.0,0.73,0.73,0.0,0.0,0.0
2025-08-11 11:26:55,3.8,6.9,0.0,89.97,0.0,2.35,2.35,0.0,0.0,0.0
2025-08-11 11:26:56,2.2,6.9,0.0,89.97,0.0,1.18,1.18,0.0,0.0,0.0
2025-08-11 11:26:57,2.5,6.9,0.0,89.97,0.0,1.85,1.85,0.0,0.0,0.0
2025-08-11 11:26:58,3.3,6.9,0.0,89.97,0.0,7.19,7.19,0.0,0.0,0.0
2025-08-11 11:26:59,2.5,6.9,0.0,89.97,0.0,1.49,1.49,0.0,0.0,0.0
2025-08-11 11:27:00,1.9,6.9,0.0,89.97,0.0,1.25,1.25,0.0,0.0,0.0
2025-08-11 11:27:01,2.0,6.9,0.0,89.97,0.0,1.65,1.65,0.0,0.0,0.0
2025-08-11 11:27:02,2.1,6.9,0.0,89.97,0.0,1.34,1.34,0.0,0.0,0.0
2025-08-11 11:27:03,1.8,6.9,0.0,89.97,0.0,1.53,1.53,0.0,0.0,0.0
2025-08-11 11:27:04,2.0,6.9,0.0,89.97,0.0,0.43,0.43,0.0,0.0,0.0
2025-08-11 11:27:05,2.4,6.9,0.0,89.97,0.0,2.67,2.67,0.0,0.0,0.0
2025-08-11 11:27:06,2.8,6.9,0.0,89.97,0.0,1.33,1.33,0.0,0.0,0.0
2025-08-11 11:27:07,2.4,6.9,0.0,89.97,0.0,2.1,2.1,0.0,0.0,0.0
2025-08-11 11:27:08,2.2,6.9,0.0,89.97,0.0,0.35,0.35,0.0,0.0,0.0
2025-08-11 11:27:09,1.8,6.9,0.0,89.97,0.0,2.19,2.19,0.0,0.0,0.0
2025-08-11 11:27:10,1.8,6.9,0.0,89.97,0.0,0.43,0.43,0.0,0.0,0.0
2025-08-11 11:27:11,1.3,6.9,0.0,89.97,0.0,1.03,1.03,0.0,0.0,0.0
2025-08-11 11:27:12,2.4,6.9,0.0,89.97,0.0,2.24,2.24,0.0,0.0,0.0
2025-08-11 11:27:13,1.9,6.9,0.0,89.97,0.0,0.88,0.88,0.0,0.0,0.0
2025-08-11 11:27:14,2.5,6.9,0.0,89.97,0.0,1.83,1.83,0.0,0.0,0.0
2025-08-11 11:27:15,1.5,6.9,0.0,89.97,0.0,0.99,0.99,0.0,0.0,0.0
2025-08-11 11:27:16,2.2,6.9,0.0,89.97,0.0,1.85,1.85,0.0,0.0,0.0
2025-08-11 11:27:17,4.1,6.9,0.0,89.97,0.0,1.04,1.04,0.0,0.0,0.0
2025-08-11 11:27:18,2.7,6.9,0.0,89.97,0.0,1.72,1.72,0.0,0.0,0.0
2025-08-11 11:27:19,3.7,6.9,0.0,89.97,0.0,0.84,0.84,0.0,0.0,0.0
2025-08-11 11:27:20,3.5,6.9,0.0,89.97,0.0,1.78,1.78,0.0,0.0,0.0
2025-08-11 11:27:21,2.8,6.9,0.0,89.97,0.0,0.99,0.99,0.0,0.0,0.0
2025-08-11 11:27:22,3.2,6.9,0.0,89.97,0.0,1.88,1.88,0.0,0.0,0.0
2025-08-11 11:27:23,1.5,6.9,0.0,89.97,0.0,1.27,1.27,0.0,0.0,0.0
2025-08-11 11:27:24,1.8,6.9,0.0,89.97,0.0,1.93,1.93,0.0,0.0,0.0
2025-08-11 11:27:25,2.0,6.9,0.0,89.97,0.0,0.91,0.91,0.0,0.0,0.0
2025-08-11 11:27:26,3.2,6.9,0.0,89.97,0.0,1.89,1.89,0.0,0.0,0.0
2025-08-11 11:27:27,1.8,6.9,0.0,89.97,0.0,1.04,1.04,0.0,0.0,0.0
2025-08-11 11:27:28,3.2,6.9,0.0,89.97,0.0,2.18,2.18,0.0,0.0,0.0
2025-08-11 11:27:29,3.6,6.9,0.0,89.97,0.0,12.9,12.9,0.0,0.0,0.0
2025-08-11 11:27:30,2.2,6.9,0.0,89.97,0.0,2.11,2.11,0.0,0.0,0.0
2025-08-11 11:27:31,1.7,6.9,0.0,89.97,0.0,0.97,0.97,0.0,0.0,0.0
2025-08-11 11:27:32,2.2,6.9,0.0,89.97,0.0,2.1,2.1,0.0,0.0,0.0
2025-08-11 11:27:33,1.6,6.9,0.0,89.97,0.0,0.99,0.99,0.0,0.0,0.0
2025-08-11 11:27:34,1.7,6.9,0.0,89.97,0.0,1.95,1.95,0.0,0.0,0.0
2025-08-11 11:27:35,2.4,6.9,0.0,89.97,0.0,1.09,1.09,0.0,0.0,0.0
2025-08-11 11:27:36,2.0,6.9,0.0,89.97,0.0,1.83,1.83,0.0,0.0,0.0
2025-08-11 11:27:37,2.4,6.9,0.0,89.97,0.0,0.81,0.81,0.0,0.0,0.0
2025-08-11 11:27:38,1.4,6.9,0.0,89.97,0.0,1.82,1.82,0.0,0.0,0.0
2025-08-11 11:27:39,2.1,6.9,0.0,89.97,0.0,1.25,1.25,0.0,0.0,0.0
2025-08-11 11:27:40,2.0,6.9,0.0,89.97,0.0,1.6,1.6,0.0,0.0,0.0
2025-08-11 11:27:41,2.0,6.9,0.0,89.97,0.0,1.13,1.13,0.0,0.0,0.0
2025-08-11 11:27:42,1.6,6.9,0.0,89.97,0.0,1.7,1.7,0.0,0.0,0.0
2025-08-11 11:27:43,3.9,6.9,0.0,89.97,0.0,1.16,1.16,0.0,0.0,0.0
2025-08-11 11:27:44,1.6,6.9,0.0,89.97,0.0,2.06,2.06,0.0,0.0,0.0
2025-08-11 11:27:45,2.3,6.9,0.0,89.97,0.0,1.21,1.21,0.0,0.0,0.0
2025-08-11 11:27:46,1.7,6.9,0.0,89.97,0.0,1.51,1.51,0.0,0.0,0.0
2025-08-11 11:27:47,2.2,6.9,0.0,89.97,0.0,0.64,0.64,0.0,0.0,0.0
2025-08-11 11:27:48,2.2,6.9,0.0,89.97,0.0,0.92,0.92,0.0,0.0,0.0
2025-08-11 11:27:49,3.1,6.9,0.0,89.97,0.0,2.27,2.27,0.0,0.0,0.0
2025-08-11 11:27:50,3.1,6.9,0.0,89.97,0.0,0.96,0.96,0.0,0.0,0.0
2025-08-11 11:27:51,3.0,6.9,0.0,89.97,0.0,1.52,1.52,0.0,0.0,0.0
2025-08-11 11:27:52,2.7,6.9,0.0,89.97,0.0,0.96,0.96,0.0,0.0,0.0
2025-08-11 11:27:53,2.0,6.9,0.0,89.97,0.0,2.01,2.01,0.0,0.0,0.0
2025-08-11 11:27:55,1.5,6.9,0.0,89.97,0.0,1.45,1.45,0.0,0.0,0.0
2025-08-11 11:27:56,2.5,6.9,0.0,89.97,0.0,1.78,1.78,0.0,0.0,0.0
2025-08-11 11:27:57,1.7,6.9,0.0,89.97,0.0,0.81,0.81,0.0,0.0,0.0
2025-08-11 11:27:58,1.9,6.9,0.0,89.97,0.0,1.8,1.8,0.0,0.0,0.0
2025-08-11 11:27:59,1.7,6.9,0.0,89.97,0.0,0.84,0.84,0.0,0.0,0.0
2025-08-11 11:28:00,2.5,6.9,0.0,89.97,0.0,8.71,8.71,0.0,0.0,0.0
2025-08-11 11:28:01,1.7,6.9,0.0,89.97,0.0,0.83,0.83,0.0,0.0,0.0
2025-08-11 11:28:02,1.7,6.9,0.0,89.97,0.0,1.93,1.93,0.0,0.0,0.0
2025-08-11 11:28:03,2.8,6.9,0.0,89.97,0.0,0.63,0.63,0.0,0.0,0.0
2025-08-11 11:28:04,2.4,6.9,0.0,89.97,0.0,1.9,1.9,0.0,0.0,0.0
2025-08-11 11:28:05,4.2,6.9,0.0,89.97,0.0,0.86,0.86,0.0,0.0,0.0
2025-08-11 11:28:06,2.7,6.9,0.0,89.97,0.0,2.26,2.26,0.0,0.0,0.0
2025-08-11 11:28:07,1.9,6.9,0.0,89.97,0.0,0.64,0.64,0.0,0.0,0.0
2025-08-11 11:28:08,3.8,6.9,0.0,89.97,0.0,1.86,1.86,0.0,0.0,0.0
2025-08-11 11:28:09,1.8,6.9,0.0,89.97,0.0,0.68,0.68,0.0,0.0,0.0
2025-08-11 11:28:10,2.0,6.9,0.0,89.97,0.0,1.9,1.9,0.0,0.0,0.0
2025-08-11 11:28:11,2.0,6.9,0.0,89.97,0.0,1.58,1.58,0.0,0.0,0.0
2025-08-11 11:28:12,1.7,6.9,0.0,89.97,0.0,1.84,1.84,0.0,0.0,0.0
2025-08-11 11:28:13,1.6,6.9,0.0,89.97,0.0,0.81,0.81,0.0,0.0,0.0
2025-08-11 11:28:14,4.7,6.9,0.0,89.97,0.0,1.82,1.82,0.0,0.0,0.0
2025-08-11 11:28:15,4.0,6.9,0.0,89.97,0.0,0.91,0.91,0.0,0.0,0.0
2025-08-11 11:28:16,2.0,6.9,0.0,89.97,0.0,2.69,2.69,0.0,0.0,0.0
2025-08-11 11:28:17,2.0,6.9,0.0,89.97,0.0,0.83,0.83,0.0,0.0,0.0
2025-08-11 11:28:18,2.1,6.9,0.0,89.97,0.0,1.46,1.46,0.0,0.0,0.0
2025-08-11 11:28:19,2.3,6.9,0.0,89.97,0.0,0.44,0.44,0.0,0.0,0.0
2025-08-11 11:28:20,2.2,6.9,0.0,89.97,0.0,2.31,2.31,0.0,0.0,0.0
2025-08-11 11:28:21,2.2,6.9,0.0,89.97,0.0,1.66,1.66,0.0,0.0,0.0
2025-08-11 11:28:22,1.8,6.9,0.0,89.97,0.0,1.45,1.45,0.0,0.0,0.0
2025-08-11 11:28:23,1.5,6.9,0.0,89.97,0.0,0.22,0.22,0.0,0.0,0.0
2025-08-11 11:28:24,1.5,6.9,0.0,89.97,0.0,2.31,2.31,0.0,0.0,0.0
2025-08-11 11:28:25,2.0,6.9,0.0,89.97,0.0,1.14,1.14,0.0,0.0,0.0
2025-08-11 11:28:26,2.9,6.9,0.0,89.97,0.0,2.32,2.32,0.0,0.0,0.0
2025-08-11 11:28:27,4.7,6.9,0.0,89.97,0.0,0.35,0.35,0.0,0.0,0.0
2025-08-11 11:28:28,2.2,6.9,0.0,89.97,0.0,0.98,0.98,0.0,0.0,0.0
2025-08-11 11:28:29,4.3,6.9,0.0,89.97,0.0,1.53,1.53,0.0,0.0,0.0
2025-08-11 11:28:30,4.2,6.9,0.0,89.97,0.0,8.61,8.61,0.0,0.0,0.0
2025-08-11 11:28:31,2.5,6.9,0.0,89.97,0.0,8.86,8.86,0.0,0.0,0.0
2025-08-11 11:28:32,2.1,6.9,0.0,89.97,0.0,1.17,1.17,0.0,0.0,0.0
2025-08-11 11:28:33,2.8,6.9,0.0,89.97,0.0,1.69,1.69,0.0,0.0,0.0
2025-08-11 11:28:34,2.4,6.9,0.0,89.97,0.0,0.96,0.96,0.0,0.0,0.0
2025-08-11 11:28:35,3.0,6.9,0.0,89.97,0.0,1.55,1.55,0.0,0.0,0.0
2025-08-11 11:28:36,2.8,6.9,0.0,89.97,0.0,1.32,1.32,0.0,0.0,0.0
2025-08-11 11:28:37,3.6,6.9,0.0,89.97,0.0,1.84,1.84,0.0,0.0,0.0
2025-08-11 11:28:38,3.5,6.9,0.0,89.97,0.0,0.94,0.94,0.0,0.0,0.0
2025-08-11 11:28:39,2.9,6.9,0.0,89.97,0.0,1.86,1.86,0.0,0.0,0.0
2025-08-11 11:28:40,4.0,6.9,0.0,89.97,0.0,0.64,0.64,0.0,0.0,0.0
2025-08-11 11:28:41,5.1,6.9,0.0,89.97,0.0,1.95,1.95,0.0,0.0,0.0
2025-08-11 11:28:42,3.3,6.9,0.0,89.97,0.0,1.6,1.6,0.0,0.0,0.0
2025-08-11 11:28:43,3.1,6.9,0.0,89.97,0.0,1.93,1.93,0.0,0.0,0.0
2025-08-11 11:28:44,2.5,6.9,0.0,89.97,0.0,1.14,1.14,0.0,0.0,0.0
2025-08-11 11:28:45,3.2,6.9,0.0,89.97,0.0,1.97,1.97,0.0,0.0,0.0
2025-08-11 11:28:46,2.4,6.9,0.0,89.97,0.0,0.96,0.96,0.0,0.0,0.0
2025-08-11 11:28:47,2.6,6.9,0.0,89.97,0.0,1.8,1.8,0.0,0.0,0.0
2025-08-11 11:28:48,2.5,6.9,0.0,89.97,0.0,0.89,0.89,0.0,0.0,0.0
2025-08-11 11:28:49,4.6,6.9,0.0,89.97,0.0,1.87,1.87,0.0,0.0,0.0
2025-08-11 11:28:50,5.3,6.9,0.0,89.97,0.0,0.53,0.53,0.0,0.0,0.0
2025-08-11 11:28:51,3.9,6.9,0.0,89.97,0.0,2.27,2.27,0.0,0.0,0.0
2025-08-11 11:28:52,3.4,6.9,0.0,89.97,0.0,1.08,1.08,0.0,0.0,0.0
2025-08-11 11:28:53,2.7,6.9,0.0,89.97,0.0,2.09,2.09,0.0,0.0,0.0
2025-08-11 11:28:54,2.5,6.9,0.0,89.97,0.0,0.77,0.77,0.0,0.0,0.0
2025-08-11 11:28:55,3.0,6.9,0.0,89.97,0.0,1.93,1.93,0.0,0.0,0.0
2025-08-11 11:28:56,2.8,6.9,0.0,89.97,0.0,0.76,0.76,0.0,0.0,0.0
2025-08-11 11:28:57,2.5,6.9,0.0,89.97,0.0,2.29,2.29,0.0,0.0,0.0
2025-08-11 11:28:58,3.3,6.9,0.0,89.97,0.0,1.0,1.0,0.0,0.0,0.0
2025-08-11 11:28:59,4.9,6.9,0.0,89.97,0.0,1.84,1.84,0.0,0.0,0.0
2025-08-11 11:29:00,5.7,6.9,0.0,89.97,0.0,0.88,0.88,0.0,0.0,0.0
2025-08-11 11:29:01,2.5,6.9,0.0,89.97,0.0,1.76,1.76,0.0,0.0,0.0
2025-08-11 11:29:02,2.5,6.9,0.0,89.97,0.0,5.69,5.69,0.0,0.0,0.0
2025-08-11 11:29:03,2.8,6.9,0.0,89.97,0.0,1.91,1.91,0.0,0.0,0.0
2025-08-11 11:29:04,2.9,6.9,0.0,89.97,0.0,1.16,1.16,0.0,0.0,0.0
2025-08-11 11:29:05,1.6,6.9,0.0,89.97,0.0,1.56,1.56,0.0,0.0,0.0
2025-08-11 11:29:06,1.6,6.9,0.0,89.97,0.0,0.57,0.57,0.0,0.0,0.0
2025-08-11 11:29:07,1.9,6.9,0.0,89.97,0.0,2.35,2.35,0.0,0.0,0.0
2025-08-11 11:29:08,2.7,6.9,0.0,89.97,0.0,0.47,0.47,0.0,0.0,0.0
2025-08-11 11:29:09,1.7,6.9,0.0,89.97,0.0,2.27,2.27,0.0,0.0,0.0
2025-08-11 11:29:10,2.3,6.9,0.0,89.97,0.0,1.01,1.01,0.0,0.0,0.0
2025-08-11 11:29:11,2.0,6.9,0.0,89.97,0.0,0.24,0.24,0.0,0.0,0.0
2025-08-11 11:29:12,1.8,6.9,0.0,89.97,0.0,1.76,1.76,0.0,0.0,0.0
2025-08-11 11:29:13,1.2,6.9,0.0,89.97,0.0,0.9,0.9,0.0,0.0,0.0
2025-08-11 11:29:14,2.1,6.9,0.0,89.97,0.0,1.86,1.86,0.0,0.0,0.0
2025-08-11 11:29:15,2.2,6.9,0.0,89.97,0.0,1.16,1.16,0.0,0.0,0.0
2025-08-11 11:29:16,2.0,6.9,0.0,89.97,0.0,1.83,1.83,0.0,0.0,0.0
2025-08-11 11:29:17,1.6,6.9,0.0,89.97,0.0,0.83,0.83,0.0,0.0,0.0
2025-08-11 11:29:18,3.1,6.9,0.0,89.97,0.0,2.04,2.04,0.0,0.0,0.0
2025-08-11 11:29:19,2.6,6.9,0.0,89.97,0.0,0.93,0.93,0.0,0.0,0.0
2025-08-11 11:29:20,2.6,6.9,0.0,89.97,0.0,2.02,2.02,0.0,0.0,0.0
2025-08-11 11:29:21,1.8,6.9,0.0,89.97,0.0,0.96,0.96,0.0,0.0,0.0
2025-08-11 11:29:22,3.5,6.9,0.0,89.97,0.0,1.55,1.55,0.0,0.0,0.0
2025-08-11 11:29:23,2.9,6.9,0.0,89.97,0.0,0.96,0.96,0.0,0.0,0.0
2025-08-11 11:29:24,2.0,6.9,0.0,89.97,0.0,1.79,1.79,0.0,0.0,0.0
2025-08-11 11:29:25,2.9,6.9,0.0,89.97,0.0,1.19,1.19,0.0,0.0,0.0
2025-08-11 11:29:26,1.8,6.9,0.0,89.97,0.0,1.85,1.85,0.0,0.0,0.0
2025-08-11 11:29:27,1.6,6.9,0.0,89.97,0.0,0.74,0.74,0.0,0.0,0.0
2025-08-11 11:29:28,3.1,6.9,0.0,89.97,0.0,1.74,1.74,0.0,0.0,0.0
2025-08-11 11:29:29,2.0,6.9,0.0,89.97,0.0,1.33,1.33,0.0,0.0,0.0
2025-08-11 11:29:30,3.3,6.9,0.0,89.97,0.0,9.31,9.31,0.0,0.0,0.0
2025-08-11 11:29:31,2.8,6.9,0.0,89.97,0.0,1.48,1.48,0.0,0.0,0.0
2025-08-11 11:29:32,3.0,6.9,0.0,89.97,0.0,8.08,8.08,0.0,0.0,0.0
2025-08-11 11:29:33,3.3,6.9,0.0,89.97,0.0,0.89,0.89,0.0,0.0,0.0
2025-08-11 11:29:34,3.1,6.9,98.0,89.97,0.0,2.41,2.41,0.01,0.02,0.03
2025-08-11 11:29:35,4.8,6.9,96.0,89.97,0.0,0.79,0.79,0.0,0.0,0.0
2025-08-11 11:29:36,3.3,6.9,97.0,89.97,0.0,2.06,2.06,0.0,0.0,0.0
2025-08-11 11:29:37,3.7,6.9,98.0,89.97,0.0,0.73,0.73,0.0,0.0,0.0
2025-08-11 11:29:38,2.5,6.9,98.0,89.97,0.0,1.78,1.78,0.0,0.0,0.0
2025-08-11 11:29:39,3.1,6.9,98.0,89.97,0.0,1.31,1.31,0.0,0.0,0.0
2025-08-11 11:29:40,2.4,6.9,98.0,89.97,0.0,1.7,1.7,0.0,0.0,0.0
2025-08-11 11:29:41,3.0,6.9,98.0,89.97,0.0,0.95,0.95,0.0,0.0,0.0
2025-08-11 11:29:42,2.4,6.9,98.0,89.97,0.0,1.66,1.66,0.0,0.0,0.0
2025-08-11 11:29:43,2.9,6.9,97.0,89.97,0.0,0.97,0.97,0.0,0.0,0.0
2025-08-11 11:29:44,4.0,6.9,96.0,89.97,0.0,1.66,1.66,0.0,0.0,0.0
2025-08-11 11:29:45,3.6,6.9,97.0,89.97,0.0,1.39,1.39,0.0,0.0,0.0
2025-08-11 11:29:46,2.6,6.9,98.0,89.97,0.0,1.94,1.94,0.0,0.0,0.0
2025-08-11 11:29:47,2.9,6.9,98.0,89.97,0.0,0.22,0.22,0.0,0.0,0.0
2025-08-11 11:29:48,2.8,6.9,98.0,89.97,0.0,2.37,2.37,0.0,0.0,0.0
2025-08-11 11:29:49,3.3,6.9,98.0,89.97,0.0,0.95,0.95,0.0,0.0,0.0
2025-08-11 11:29:50,2.4,6.9,98.0,89.97,0.0,0.39,0.39,0.0,0.0,0.0
2025-08-11 11:29:51,3.2,6.9,97.0,89.97,0.0,1.88,1.88,0.0,0.0,0.0
2025-08-11 11:29:52,3.4,6.9,96.0,89.97,0.0,0.84,0.84,0.0,0.0,0.0
2025-08-11 11:29:53,2.8,6.9,98.0,89.97,0.0,2.08,2.08,0.0,0.0,0.0
2025-08-11 11:29:54,2.2,6.9,98.0,89.97,0.0,0.95,0.95,0.0,0.0,0.0
2025-08-11 11:29:55,3.4,6.9,97.0,89.97,0.0,1.7,1.7,0.0,0.0,0.0
2025-08-11 11:29:56,2.5,6.9,98.0,89.97,0.0,1.6,1.6,0.0,0.0,0.0
2025-08-11 11:29:57,2.8,6.9,98.0,89.97,0.0,1.86,1.86,0.0,0.0,0.0
2025-08-11 11:29:58,5.0,6.9,98.0,89.97,0.0,1.08,1.08,0.0,0.0,0.0
2025-08-11 11:29:59,2.9,6.9,98.0,89.97,0.0,1.72,1.72,0.0,0.0,0.0
2025-08-11 11:30:00,2.9,6.9,98.0,89.97,0.0,0.82,0.82,0.0,0.0,0.0
2025-08-11 11:30:01,2.6,6.9,98.0,89.97,0.0,2.23,2.23,0.0,0.0,0.0
2025-08-11 11:30:02,2.2,6.9,98.0,89.97,0.0,0.72,0.72,0.0,0.0,0.0
2025-08-11 11:30:03,4.5,6.9,98.0,89.97,0.0,6.22,6.22,0.0,0.0,0.0
2025-08-11 11:30:04,2.9,6.9,98.0,89.97,0.0,0.82,0.82,0.0,0.0,0.0
2025-08-11 11:30:05,3.3,6.9,98.0,89.97,0.0,2.16,2.16,0.0,0.0,0.0
2025-08-11 11:30:06,2.2,6.9,98.0,89.97,0.0,0.93,0.93,0.0,0.0,0.0
2025-08-11 11:30:07,4.0,6.9,97.0,89.97,0.0,1.76,1.76,0.0,0.0,0.0
2025-08-11 11:30:08,3.2,6.9,97.0,89.97,0.0,1.0,1.0,0.0,0.0,0.0
2025-08-11 11:30:09,2.7,6.9,97.0,89.97,0.0,1.98,1.98,0.0,0.0,0.0
2025-08-11 11:30:10,2.6,6.9,98.0,89.97,0.0,0.82,0.82,0.0,0.0,0.0
2025-08-11 11:30:11,2.4,6.9,98.0,89.97,0.0,2.44,2.44,0.0,0.0,0.0
2025-08-11 11:30:12,2.6,6.9,98.0,89.97,0.0,0.79,0.79,0.0,0.0,0.0
2025-08-11 11:30:13,3.3,6.9,97.0,89.97,0.0,2.23,2.23,0.0,0.0,0.0
2025-08-11 11:30:14,3.1,6.9,98.0,89.97,0.0,0.79,0.79,0.0,0.0,0.0
2025-08-11 11:30:15,2.8,6.9,98.0,89.97,0.0,1.87,1.87,0.0,0.0,0.0
2025-08-11 11:30:16,2.6,6.9,97.0,89.97,0.0,0.85,0.85,0.0,0.0,0.0
2025-08-11 11:30:17,3.0,6.9,97.0,89.97,0.0,1.79,1.79,0.0,0.0,0.0
2025-08-11 11:30:18,3.4,6.9,97.0,89.97,0.0,0.88,0.88,0.0,0.0,0.0
2025-08-11 11:30:19,4.0,6.9,0.0,89.97,0.0,1.75,1.75,0.01,0.0,0.01
2025-08-11 11:30:20,3.7,6.9,0.0,89.97,0.0,0.41,0.41,0.0,0.0,0.0
2025-08-11 11:30:21,2.3,6.9,0.0,89.97,0.0,2.79,2.79,0.0,0.0,0.0
2025-08-11 11:30:22,4.3,6.9,0.0,89.97,0.0,1.09,1.09,0.0,0.0,0.0
2025-08-11 11:30:23,3.2,7.0,0.0,89.97,0.0,1.6,1.6,0.0,0.0,0.0
2025-08-11 11:30:24,2.1,7.0,0.0,89.97,0.0,0.7,0.7,0.0,0.0,0.0
2025-08-11 11:30:25,2.4,7.0,0.0,89.97,0.0,2.48,2.48,0.0,0.0,0.0
2025-08-11 11:30:26,2.0,7.0,0.0,89.97,0.0,1.69,1.69,0.0,0.0,0.0
2025-08-11 11:30:27,1.4,7.0,0.0,89.97,0.0,1.52,1.52,0.0,0.0,0.0
2025-08-11 11:30:28,4.5,7.0,0.0,89.97,0.0,0.57,0.57,0.0,0.0,0.0
2025-08-11 11:30:29,3.7,7.0,0.0,89.97,0.0,1.5,1.5,0.0,0.0,0.0
2025-08-11 11:30:30,5.0,7.0,0.0,89.97,0.0,8.8,8.8,0.0,0.0,0.0
2025-08-11 11:30:31,1.5,7.0,0.0,89.97,0.0,1.78,1.78,0.0,0.0,0.0
2025-08-11 11:30:32,2.4,7.0,0.0,89.97,0.0,1.61,1.61,0.0,0.0,0.0
2025-08-11 11:30:33,1.7,7.0,0.0,89.97,0.0,7.18,7.18,0.0,0.0,0.0
2025-08-11 11:30:34,2.1,7.0,0.0,89.97,0.0,1.8,1.8,0.0,0.0,0.0
2025-08-11 11:30:35,1.5,7.0,0.0,89.97,0.0,1.15,1.15,0.0,0.0,0.0
2025-08-11 11:30:36,2.0,7.0,0.0,89.97,0.0,1.78,1.78,0.0,0.0,0.0
2025-08-11 11:30:37,3.0,7.0,0.0,89.97,0.0,1.58,1.58,0.0,0.0,0.0
2025-08-11 11:30:38,2.3,7.0,0.0,89.97,0.0,1.52,1.52,0.0,0.0,0.0
2025-08-11 11:30:39,1.8,7.0,0.0,89.97,0.0,1.1,1.1,0.0,0.0,0.0
2025-08-11 11:30:40,2.3,7.0,0.0,89.97,0.0,1.64,1.64,0.0,0.0,0.0
2025-08-11 11:30:41,1.5,7.0,0.0,89.97,0.0,0.82,0.82,0.0,0.0,0.0
2025-08-11 11:30:42,2.5,7.0,0.0,89.97,0.0,2.42,2.42,0.0,0.0,0.0
2025-08-11 11:30:43,4.6,7.0,0.0,89.97,0.0,0.95,0.95,0.0,0.0,0.0
2025-08-11 11:30:44,2.9,7.0,0.0,89.97,0.0,1.87,1.87,0.0,0.0,0.0
2025-08-11 11:30:45,2.4,7.0,0.0,89.97,0.0,0.93,0.93,0.0,0.0,0.0
2025-08-11 11:30:46,2.8,7.0,0.0,89.97,0.0,1.83,1.83,0.0,0.0,0.0
2025-08-11 11:30:47,3.0,7.0,0.0,89.97,0.0,0.88,0.88,0.0,0.0,0.0
2025-08-11 11:30:48,3.3,7.0,0.0,89.97,0.0,1.91,1.91,0.0,0.0,0.0
2025-08-11 11:30:49,5.4,7.0,0.0,89.97,0.0,1.1,1.1,0.0,0.0,0.0
2025-08-11 11:30:50,2.9,7.0,0.0,89.97,0.0,1.8,1.8,0.0,0.0,0.0
2025-08-11 11:30:51,2.7,7.0,0.0,89.97,0.0,0.85,0.85,0.0,0.0,0.0
2025-08-11 11:30:52,3.6,7.0,0.0,89.97,0.0,2.13,2.13,0.0,0.0,0.0
2025-08-11 11:30:53,2.6,7.0,0.0,89.97,0.0,1.04,1.04,0.0,0.0,0.0
2025-08-11 11:30:54,2.7,7.0,0.0,89.97,0.0,2.04,2.04,0.0,0.0,0.0
2025-08-11 11:30:55,3.4,7.0,0.0,89.97,0.0,0.86,0.86,0.0,0.0,0.0
2025-08-11 11:30:56,2.4,7.0,0.0,89.97,0.0,1.8,1.8,0.0,0.0,0.0
2025-08-11 11:30:57,3.1,7.0,0.0,89.97,0.0,1.23,1.23,0.0,0.0,0.0
2025-08-11 11:30:58,3.3,7.0,0.0,89.97,0.0,1.78,1.78,0.0,0.0,0.0
2025-08-11 11:30:59,3.1,7.0,0.0,89.97,0.0,0.99,0.99,0.0,0.0,0.0
2025-08-11 11:31:00,3.0,7.0,0.0,89.97,0.0,1.65,1.65,0.0,0.0,0.0
2025-08-11 11:31:01,2.6,7.0,0.0,89.97,0.0,0.84,0.84,0.0,0.0,0.0
2025-08-11 11:31:02,2.4,7.0,0.0,89.97,0.0,2.1,2.1,0.0,0.0,0.0
2025-08-11 11:31:03,3.5,7.0,0.0,89.97,0.0,0.75,0.75,0.0,0.0,0.0
2025-08-11 11:31:04,3.7,7.0,0.0,89.97,0.0,6.88,6.88,0.0,0.0,0.0
2025-08-11 11:31:05,3.1,7.0,0.0,89.97,0.0,0.94,0.94,0.0,0.0,0.0
2025-08-11 11:31:06,2.1,7.0,0.0,89.97,0.0,1.63,1.63,0.0,0.0,0.0
2025-08-11 11:31:07,3.4,7.0,0.0,89.97,0.0,1.76,1.76,0.0,0.0,0.0
2025-08-11 11:31:08,2.2,7.0,0.0,89.97,0.0,1.58,1.58,0.0,0.0,0.0
2025-08-11 11:31:09,2.4,7.0,0.0,89.97,0.0,0.56,0.56,0.0,0.0,0.0
2025-08-11 11:31:10,2.2,7.0,0.0,89.97,0.0,2.31,2.31,0.0,0.0,0.0
2025-08-11 11:31:11,2.3,7.0,0.0,89.97,0.0,0.52,0.52,0.0,0.0,0.0
2025-08-11 11:31:13,2.9,7.0,0.0,89.97,0.0,0.86,0.86,0.0,0.0,0.0
2025-08-11 11:31:14,4.3,7.0,0.0,89.97,0.0,2.42,2.42,0.0,0.0,0.0
2025-08-11 11:31:15,7.5,7.0,0.0,89.97,0.0,0.85,0.85,0.0,0.0,0.0
2025-08-11 11:31:16,3.2,7.0,0.0,89.97,0.0,2.16,2.16,0.0,0.0,0.0
2025-08-11 11:31:17,1.5,7.0,0.0,89.97,0.0,0.93,0.93,0.0,0.0,0.0
2025-08-11 11:31:18,2.9,7.0,0.0,89.97,0.0,1.93,1.93,0.0,0.0,0.0
2025-08-11 11:31:19,2.5,7.0,0.0,89.97,0.0,1.33,1.33,0.0,0.0,0.0
2025-08-11 11:31:20,2.6,7.0,0.0,89.97,0.0,1.78,1.78,0.0,0.0,0.0
2025-08-11 11:31:21,1.9,7.0,0.0,89.97,0.0,1.12,1.12,0.0,0.0,0.0
2025-08-11 11:31:22,4.1,7.0,0.0,89.97,0.0,1.74,1.74,0.0,0.0,0.0
2025-08-11 11:31:23,3.5,7.0,0.0,89.97,0.0,1.03,1.03,0.0,0.0,0.0
2025-08-11 11:31:24,4.3,7.0,0.0,89.97,0.0,2.11,2.11,0.0,0.0,0.0
2025-08-11 11:31:25,3.5,7.0,0.0,89.97,0.0,1.02,1.02,0.0,0.0,0.0
2025-08-11 11:31:26,3.2,7.0,0.0,89.97,0.0,2.4,2.4,0.0,0.0,0.0
2025-08-11 11:31:27,1.7,7.0,0.0,89.97,0.0,0.91,0.91,0.0,0.0,0.0
2025-08-11 11:31:28,2.3,7.0,0.0,89.97,0.0,1.71,1.71,0.0,0.0,0.0
2025-08-11 11:31:29,3.8,7.0,0.0,89.97,0.0,1.05,1.05,0.0,0.0,0.0
2025-08-11 11:31:30,2.4,7.0,0.0,89.97,0.0,1.98,1.98,0.0,0.0,0.0
2025-08-11 11:31:31,2.2,7.0,0.0,89.97,0.0,8.92,8.92,0.0,0.0,0.0
2025-08-11 11:31:32,2.0,7.0,0.0,89.97,0.0,1.92,1.92,0.0,0.0,0.0
2025-08-11 11:31:33,2.0,7.0,0.0,89.97,0.0,0.82,0.82,0.0,0.0,0.0
2025-08-11 11:31:34,3.1,7.0,0.0,89.97,0.0,2.39,2.39,0.0,0.0,0.0
2025-08-11 11:31:35,2.5,7.0,0.0,89.97,0.0,7.71,7.71,0.0,0.0,0.0
2025-08-11 11:31:36,2.6,7.0,0.0,89.97,0.0,1.94,1.94,0.0,0.0,0.0
2025-08-11 11:31:37,1.9,7.0,0.0,89.97,0.0,0.91,0.91,0.0,0.0,0.0
2025-08-11 11:31:38,2.7,7.0,0.0,89.97,0.0,1.77,1.77,0.0,0.0,0.0
2025-08-11 11:31:39,3.9,7.0,0.0,89.97,0.0,1.21,1.21,0.0,0.0,0.0
2025-08-11 11:31:40,3.7,7.0,0.0,89.97,0.0,1.67,1.67,0.0,0.0,0.0
2025-08-11 11:31:41,2.1,7.0,0.0,89.97,0.0,1.03,1.03,0.0,0.0,0.0
2025-08-11 11:31:42,1.5,7.0,0.0,89.97,0.0,1.71,1.71,0.0,0.0,0.0
2025-08-11 11:31:43,1.8,7.0,0.0,89.97,0.0,0.96,0.96,0.0,0.0,0.0
2025-08-11 11:31:44,2.3,7.0,0.0,89.97,0.0,2.17,2.17,0.0,0.0,0.0
2025-08-11 11:31:45,2.5,7.0,0.0,89.97,0.0,0.4,0.4,0.0,0.0,0.0
2025-08-11 11:31:46,2.6,7.0,0.0,89.97,0.0,2.8,2.8,0.0,0.0,0.0
2025-08-11 11:31:47,2.2,7.0,0.0,89.97,0.0,1.17,1.17,0.0,0.0,0.0
2025-08-11 11:31:48,1.7,7.0,0.0,89.97,0.0,1.46,1.46,0.0,0.0,0.0
2025-08-11 11:31:49,4.3,7.0,0.0,89.97,0.0,0.75,0.75,0.0,0.0,0.0
2025-08-11 11:31:50,4.3,7.0,0.0,89.97,0.0,1.02,1.02,0.0,0.0,0.0
2025-08-11 11:31:51,3.7,7.0,0.0,89.97,0.0,1.66,1.66,0.0,0.0,0.0
2025-08-11 11:31:52,5.5,7.0,0.0,89.97,0.0,2.2,2.2,0.0,0.0,0.0
2025-08-11 11:31:53,12.8,7.0,0.0,89.97,0.0,0.35,0.35,0.0,0.0,0.0
2025-08-11 11:31:54,8.5,7.0,0.0,89.97,0.0,1.01,1.01,0.0,0.0,0.0
2025-08-11 11:31:55,10.5,7.0,0.0,89.97,0.0,2.28,2.28,0.0,0.0,0.0
2025-08-11 11:31:56,9.6,7.0,0.0,89.97,0.0,1.21,1.21,0.0,0.0,0.0
2025-08-11 11:31:57,10.6,7.0,0.0,89.97,0.0,1.86,1.86,0.0,0.0,0.0
2025-08-11 11:31:58,9.8,7.0,0.0,89.97,0.0,0.92,0.92,0.0,0.0,0.0
2025-08-11 11:31:59,12.1,7.0,0.0,89.97,0.0,1.63,1.63,0.0,0.0,0.0
2025-08-11 11:32:00,10.9,7.0,0.0,89.97,0.0,1.07,1.07,0.0,0.0,0.0
2025-08-11 11:32:01,10.1,7.0,0.0,89.97,0.0,1.66,1.66,0.0,0.0,0.0
2025-08-11 11:32:02,9.6,7.0,0.0,89.97,0.0,0.98,0.98,0.0,0.0,0.0
2025-08-11 11:32:03,11.3,7.0,0.0,89.97,0.0,1.85,1.85,0.0,0.0,0.0
2025-08-11 11:32:04,4.5,7.0,0.0,89.97,0.0,1.05,1.05,0.0,0.0,0.0
2025-08-11 11:32:05,11.6,6.9,0.0,89.97,0.0,2.0,2.0,0.0,0.0,0.0
2025-08-11 11:32:06,11.7,6.9,0.0,89.97,0.0,5.68,5.68,0.0,0.0,0.0
2025-08-11 11:32:07,10.6,6.9,0.0,89.97,0.0,2.13,2.13,0.0,0.0,0.0
2025-08-11 11:32:08,10.0,6.9,0.0,89.97,0.0,0.64,0.64,0.0,0.0,0.0
2025-08-11 11:32:09,10.1,6.9,0.0,89.97,0.0,1.95,1.95,0.0,0.0,0.0
2025-08-11 11:32:10,9.6,6.9,0.0,89.97,0.0,1.25,1.25,0.0,0.0,0.0
2025-08-11 11:32:11,10.2,6.9,0.0,89.97,0.0,1.82,1.82,0.0,0.0,0.0
2025-08-11 11:32:12,9.1,6.9,0.0,89.97,0.0,0.97,0.97,0.0,0.0,0.0
2025-08-11 11:32:13,9.3,6.9,0.0,89.97,0.0,1.97,1.97,0.0,0.0,0.0
2025-08-11 11:32:14,9.7,6.9,0.0,89.97,0.0,0.77,0.77,0.0,0.0,0.0
2025-08-11 11:32:15,9.7,6.9,0.0,89.97,0.0,2.6,2.6,0.0,0.0,0.0
2025-08-11 11:32:16,9.3,6.9,0.0,89.97,0.0,1.01,1.01,0.0,0.0,0.0
2025-08-11 11:32:17,10.3,6.8,0.0,89.97,0.0,2.21,2.21,0.0,0.0,0.0
2025-08-11 11:32:18,9.4,6.8,0.0,89.97,0.0,0.19,0.19,0.0,0.0,0.0
2025-08-11 11:32:19,10.2,6.8,0.0,89.97,0.0,2.2,2.2,0.0,0.0,0.0
2025-08-11 11:32:20,10.5,6.8,0.0,89.97,0.0,0.95,0.95,0.0,0.0,0.0
2025-08-11 11:32:21,9.2,6.8,0.0,89.97,0.0,2.14,2.14,0.0,0.0,0.0
2025-08-11 11:32:22,9.9,6.8,0.0,89.97,0.0,0.61,0.61,0.0,0.0,0.0
2025-08-11 11:32:23,9.9,6.8,0.0,89.97,0.0,2.18,2.18,0.0,0.0,0.0
2025-08-11 11:32:24,11.0,6.8,0.0,89.97,0.0,0.49,0.49,0.0,0.0,0.0
2025-08-11 11:32:25,9.8,6.8,0.0,89.97,0.0,2.85,2.85,0.0,0.0,0.0
2025-08-11 11:32:26,10.5,6.8,0.0,89.97,0.0,0.64,0.64,0.0,0.0,0.0
2025-08-11 11:32:27,11.4,6.7,0.0,89.97,0.0,1.12,1.12,0.0,0.0,0.0
2025-08-11 11:32:28,5.8,6.6,0.0,89.97,0.0,1.71,1.71,0.0,0.0,0.0
2025-08-11 11:32:29,2.5,6.6,0.0,89.97,0.0,1.12,1.12,0.0,0.0,0.0
2025-08-11 11:32:30,3.3,6.6,0.0,89.97,0.0,2.14,2.14,0.0,0.0,0.0
2025-08-11 11:32:31,2.4,6.6,0.0,89.97,0.0,8.64,8.64,0.0,0.0,0.0
2025-08-11 11:32:32,2.7,6.6,0.0,89.97,0.0,1.92,1.92,0.0,0.0,0.0
2025-08-11 11:32:33,2.5,6.6,0.0,89.97,0.0,0.9,0.9,0.0,0.0,0.0
2025-08-11 11:32:34,3.4,6.6,0.0,89.97,0.0,1.79,1.79,0.0,0.0,0.0
2025-08-11 11:32:35,4.3,6.6,0.0,89.97,0.0,1.25,1.25,0.0,0.0,0.0
2025-08-11 11:32:36,3.5,6.6,0.0,89.97,0.0,1.84,1.84,0.0,0.0,0.0
2025-08-11 11:32:37,2.5,6.6,0.0,89.97,0.0,7.66,7.66,0.0,0.0,0.0
2025-08-11 11:32:38,3.8,6.6,0.0,89.97,0.0,1.7,1.7,0.0,0.0,0.0
2025-08-11 11:32:39,4.9,6.6,0.0,89.97,0.0,0.9,0.9,0.0,0.0,0.0
2025-08-11 11:32:40,4.1,6.6,0.0,89.97,0.0,1.85,1.85,0.0,0.0,0.0
2025-08-11 11:32:41,2.3,6.6,0.0,89.97,0.0,1.17,1.17,0.0,0.0,0.0
2025-08-11 11:32:42,3.2,6.6,0.0,89.97,0.0,1.93,1.93,0.0,0.0,0.0
2025-08-11 11:32:43,4.4,6.6,0.0,89.97,0.0,0.85,0.85,0.0,0.0,0.0
2025-08-11 11:32:44,4.6,6.6,0.0,89.97,0.0,1.76,1.76,0.0,0.0,0.0
2025-08-11 11:32:45,3.7,6.6,0.0,89.97,0.0,0.92,0.92,0.0,0.0,0.0
2025-08-11 11:32:46,2.9,6.6,0.0,89.97,0.0,2.25,2.25,0.0,0.0,0.0
2025-08-11 11:32:47,2.7,6.6,0.0,89.97,0.0,1.08,1.08,0.0,0.0,0.0
2025-08-11 11:32:48,3.9,6.6,0.0,89.97,0.0,1.64,1.64,0.0,0.0,0.0
2025-08-11 11:32:49,2.8,6.6,0.0,89.97,0.0,1.01,1.01,0.0,0.0,0.0
2025-08-11 11:32:50,5.6,6.6,0.0,89.97,0.0,1.65,1.65,0.0,0.0,0.0
2025-08-11 11:32:51,2.4,6.6,0.0,89.97,0.0,1.57,1.57,0.0,0.0,0.0
2025-08-11 11:32:52,2.9,6.6,0.0,89.97,0.0,1.57,1.57,0.0,0.0,0.0
2025-08-11 11:32:53,3.0,6.6,0.0,89.97,0.0,0.98,0.98,0.0,0.0,0.0
2025-08-11 11:32:54,2.9,6.6,0.0,89.97,0.0,1.94,1.94,0.0,0.0,0.0
2025-08-11 11:32:55,4.3,6.6,0.0,89.97,0.0,1.05,1.05,0.0,0.0,0.0
2025-08-11 11:32:56,5.1,6.6,0.0,89.97,0.0,1.99,1.99,0.0,0.0,0.0
2025-08-11 11:32:57,3.2,6.6,0.0,89.97,0.0,1.16,1.16,0.0,0.0,0.0
2025-08-11 11:32:58,4.9,6.6,0.0,89.97,0.0,1.81,1.81,0.0,0.0,0.0
2025-08-11 11:32:59,2.9,6.6,0.0,89.97,0.0,0.85,0.85,0.0,0.0,0.0
2025-08-11 11:33:00,2.8,6.6,0.0,89.97,0.0,1.79,1.79,0.0,0.0,0.0
2025-08-11 11:33:01,2.3,6.6,0.0,89.97,0.0,0.74,0.74,0.0,0.0,0.0
2025-08-11 11:33:02,10.2,6.6,0.0,89.97,0.0,2.1,2.1,0.0,0.0,0.0
2025-08-11 11:33:03,9.3,6.6,0.0,89.97,0.0,1.08,1.08,0.0,0.0,0.0
2025-08-11 11:33:04,10.4,6.6,0.0,89.97,0.0,1.77,1.77,0.0,0.0,0.0
2025-08-11 11:33:05,9.7,6.6,0.0,89.97,0.0,1.05,1.05,0.0,0.0,0.0
2025-08-11 11:33:06,9.7,6.6,0.0,89.97,0.0,1.85,1.85,0.0,0.0,0.0
2025-08-11 11:33:07,10.9,6.6,0.0,89.97,0.0,5.83,5.83,0.0,0.0,0.0
2025-08-11 11:33:08,9.0,6.6,0.0,89.97,0.0,1.43,1.43,0.0,0.0,0.0
2025-08-11 11:33:09,10.1,6.6,0.0,89.97,0.0,0.58,0.58,0.0,0.0,0.0
2025-08-11 11:33:10,9.9,6.6,0.0,89.97,0.0,1.01,1.01,0.0,0.0,0.0
2025-08-11 11:33:11,10.0,6.6,0.0,89.97,0.0,1.51,1.51,0.0,0.0,0.0
2025-08-11 11:33:12,9.4,6.6,0.0,89.97,0.0,3.01,3.01,0.0,0.0,0.0
2025-08-11 11:33:13,10.0,6.6,0.0,89.97,0.0,0.5,0.5,0.0,0.0,0.0
2025-08-11 11:33:14,9.9,6.6,0.0,89.97,0.0,1.12,1.12,0.0,0.0,0.0
2025-08-11 11:33:15,10.1,6.6,0.0,89.97,0.0,1.91,1.91,0.0,0.0,0.0
2025-08-11 11:33:16,9.9,6.6,0.0,89.97,0.0,0.88,0.88,0.0,0.0,0.0
2025-08-11 11:33:17,11.1,6.6,0.0,89.97,0.0,1.83,1.83,0.0,0.0,0.0
2025-08-11 11:33:18,9.6,6.6,0.0,89.97,0.0,1.17,1.17,0.0,0.0,0.0
2025-08-11 11:33:19,11.6,6.6,0.0,89.97,0.0,2.0,2.0,0.0,0.0,0.0
2025-08-11 11:33:20,11.2,6.6,0.0,89.97,0.0,0.79,0.79,0.0,0.0,0.0
2025-08-11 11:33:21,9.6,6.6,0.0,89.97,0.0,1.89,1.89,0.0,0.0,0.0
2025-08-11 11:33:22,10.0,6.6,0.0,89.97,0.0,0.66,0.66,0.0,0.0,0.0
2025-08-11 11:33:23,11.2,6.6,0.0,89.97,0.0,1.98,1.98,0.0,0.0,0.0
2025-08-11 11:33:24,9.4,6.6,0.0,89.97,0.0,0.96,0.96,0.0,0.0,0.0
2025-08-11 11:33:25,12.2,6.6,0.0,89.97,0.0,1.95,1.95,0.0,0.0,0.0
2025-08-11 11:33:26,9.0,6.6,0.0,89.97,0.0,1.05,1.05,0.0,0.0,0.0
2025-08-11 11:33:27,9.4,6.6,0.0,89.97,0.0,1.71,1.71,0.0,0.0,0.0
2025-08-11 11:33:28,11.4,6.6,0.0,89.97,0.0,1.37,1.37,0.0,0.0,0.0
2025-08-11 11:33:29,11.2,6.6,0.0,89.97,0.0,1.65,1.65,0.0,0.0,0.0
2025-08-11 11:33:30,11.1,6.6,0.0,89.97,0.0,0.87,0.87,0.0,0.0,0.0
2025-08-11 11:33:31,9.5,6.6,0.0,89.97,0.0,8.12,8.12,0.0,0.0,0.0
2025-08-11 11:33:32,9.2,6.6,0.0,89.97,0.0,1.78,1.78,0.0,0.0,0.0
2025-08-11 11:33:33,9.5,6.6,0.0,89.97,0.0,0.72,0.72,0.0,0.0,0.0
2025-08-11 11:33:34,9.9,6.6,0.0,89.97,0.0,2.61,2.61,0.0,0.0,0.0
2025-08-11 11:33:35,11.3,6.7,0.0,89.97,0.0,1.19,1.19,0.0,0.0,0.0
2025-08-11 11:33:36,3.2,6.6,0.0,89.97,0.0,1.71,1.71,0.0,0.0,0.0
2025-08-11 11:33:37,3.9,6.6,0.0,89.97,0.0,1.13,1.13,0.0,0.0,0.0
2025-08-11 11:33:38,2.0,6.6,0.0,89.97,0.0,8.48,8.48,0.0,0.0,0.0
2025-08-11 11:33:39,2.9,6.6,0.0,89.97,0.0,1.09,1.09,0.0,0.0,0.0
2025-08-11 11:33:40,2.8,6.6,0.0,89.97,0.0,2.11,2.11,0.0,0.0,0.0
2025-08-11 11:33:41,3.0,6.6,0.0,89.97,0.0,1.0,1.0,0.0,0.0,0.0
2025-08-11 11:33:42,2.0,6.6,0.0,89.97,0.0,1.53,1.53,0.0,0.0,0.0
2025-08-11 11:33:43,2.7,6.6,0.0,89.97,0.0,0.57,0.57,0.0,0.0,0.0
2025-08-11 11:33:44,2.1,6.6,0.0,89.97,0.0,2.2,2.2,0.0,0.0,0.0
2025-08-11 11:33:45,2.8,6.6,0.0,89.97,0.0,0.64,0.64,0.0,0.0,0.0
2025-08-11 11:33:46,2.1,6.6,0.0,89.97,0.0,0.89,0.89,0.0,0.0,0.0
2025-08-11 11:33:47,4.6,6.6,0.0,89.97,0.0,1.69,1.69,0.0,0.0,0.0
2025-08-11 11:33:48,3.2,6.6,0.0,89.97,0.0,1.63,1.63,0.0,0.0,0.0
2025-08-11 11:33:49,2.9,6.6,0.0,89.97,0.0,1.7,1.7,0.0,0.0,0.0
2025-08-11 11:33:50,4.2,6.6,0.0,89.97,0.0,1.13,1.13,0.0,0.0,0.0
2025-08-11 11:33:51,2.9,6.6,0.0,89.97,0.0,1.75,1.75,0.0,0.0,0.0
2025-08-11 11:33:52,2.8,6.6,0.0,89.97,0.0,0.86,0.86,0.0,0.0,0.0
2025-08-11 11:33:53,3.0,6.6,0.0,89.97,0.0,2.52,2.52,0.0,0.0,0.0
2025-08-11 11:33:54,2.2,6.6,0.0,89.97,0.0,0.67,0.67,0.0,0.0,0.0
2025-08-11 11:33:55,3.4,6.6,0.0,89.97,0.0,1.84,1.84,0.0,0.0,0.0
2025-08-11 11:33:56,2.1,6.6,0.0,89.97,0.0,0.75,0.75,0.0,0.0,0.0
2025-08-11 11:33:57,2.5,6.6,0.0,89.97,0.0,2.01,2.01,0.0,0.0,0.0
2025-08-11 11:33:58,3.8,6.6,0.0,89.97,0.0,0.79,0.79,0.0,0.0,0.0
2025-08-11 11:33:59,3.0,6.6,0.0,89.97,0.0,1.75,1.75,0.0,0.0,0.0
2025-08-11 11:34:00,4.2,6.6,0.0,89.97,0.0,0.83,0.83,0.0,0.0,0.0
2025-08-11 11:34:01,2.4,6.6,0.0,89.97,0.0,1.82,1.82,0.0,0.0,0.0
2025-08-11 11:34:02,2.6,6.6,0.0,89.97,0.0,0.89,0.89,0.0,0.0,0.0
2025-08-11 11:34:03,4.1,6.6,0.0,89.97,0.0,1.97,1.97,0.0,0.0,0.0
2025-08-11 11:34:05,5.5,6.6,0.0,89.97,0.0,1.64,1.64,0.0,0.0,0.0
2025-08-11 11:34:06,14.1,6.7,0.0,89.97,0.0,1.89,1.89,0.0,0.0,0.0
2025-08-11 11:34:07,8.5,6.6,0.0,89.97,0.0,0.96,0.96,0.0,0.0,0.0
2025-08-11 11:34:08,10.0,6.6,0.0,89.97,0.0,1.73,1.73,0.0,0.0,0.0
2025-08-11 11:34:09,10.0,6.6,0.0,89.97,0.0,5.22,5.22,0.0,0.0,0.0
2025-08-11 11:34:10,10.0,6.6,0.0,89.97,0.0,1.84,1.84,0.0,0.0,0.0
2025-08-11 11:34:11,9.9,6.6,0.0,89.97,0.0,0.89,0.89,0.0,0.0,0.0
2025-08-11 11:34:12,9.0,6.6,0.0,89.97,0.0,1.66,1.66,0.0,0.0,0.0
2025-08-11 11:34:13,9.5,6.6,0.0,89.97,0.0,0.14,0.14,0.0,0.0,0.0
2025-08-11 11:34:14,10.4,6.6,0.0,89.97,0.0,2.76,2.76,0.0,0.0,0.0
2025-08-11 11:34:15,11.4,6.6,0.0,89.97,0.0,1.24,1.24,0.0,0.0,0.0
2025-08-11 11:34:16,9.9,6.6,0.0,89.97,0.0,1.56,1.56,0.0,0.0,0.0
2025-08-11 11:34:17,10.2,6.6,0.0,89.97,0.0,0.41,0.41,0.0,0.0,0.0
2025-08-11 11:34:18,10.0,6.6,0.0,89.97,0.0,2.29,2.29,0.0,0.0,0.0
2025-08-11 11:34:19,11.4,6.6,0.0,89.97,0.0,0.58,0.58,0.0,0.0,0.0
2025-08-11 11:34:20,9.6,6.6,0.0,89.97,0.0,2.45,2.45,0.0,0.0,0.0
2025-08-11 11:34:21,10.1,6.6,0.0,89.97,0.0,0.3,0.3,0.0,0.0,0.0
2025-08-11 11:34:22,9.9,6.6,0.0,89.97,0.0,2.28,2.28,0.0,0.0,0.0
2025-08-11 11:34:23,9.5,6.6,0.0,89.97,0.0,0.31,0.31,0.0,0.0,0.0
2025-08-11 11:34:24,9.4,6.6,0.0,89.97,0.0,1.09,1.09,0.0,0.0,0.0
2025-08-11 11:34:25,10.1,6.6,0.0,89.97,0.0,2.15,2.15,0.0,0.0,0.0
2025-08-11 11:34:26,11.0,6.6,0.0,89.97,0.0,1.06,1.06,0.0,0.0,0.0
2025-08-11 11:34:27,9.7,6.6,0.0,89.97,0.0,1.77,1.77,0.0,0.0,0.0
2025-08-11 11:34:28,9.1,6.6,0.0,89.97,0.0,0.88,0.88,0.0,0.0,0.0
2025-08-11 11:34:29,10.5,6.6,0.0,89.97,0.0,1.72,1.72,0.0,0.0,0.0
2025-08-11 11:34:30,9.5,6.6,0.0,89.97,0.0,0.81,0.81,0.0,0.0,0.0
2025-08-11 11:34:31,10.1,6.6,0.0,89.97,0.0,2.29,2.29,0.0,0.0,0.0
2025-08-11 11:34:32,10.1,6.6,0.0,89.97,0.0,8.14,8.14,0.0,0.0,0.0
2025-08-11 11:34:33,9.6,6.6,0.0,89.97,0.0,1.83,1.83,0.0,0.0,0.0
2025-08-11 11:34:34,9.5,6.6,0.0,89.97,0.0,0.85,0.85,0.0,0.0,0.0
2025-08-11 11:34:35,9.8,6.6,0.0,89.97,0.0,2.32,2.32,0.0,0.0,0.0
2025-08-11 11:34:36,9.9,6.6,0.0,89.97,0.0,0.96,0.96,0.0,0.0,0.0
2025-08-11 11:34:37,11.1,6.6,0.0,89.97,0.0,1.74,1.74,0.0,0.0,0.0
2025-08-11 11:34:38,12.0,6.6,0.0,89.97,0.0,0.97,0.97,0.0,0.0,0.0
2025-08-11 11:34:39,8.7,6.6,0.0,89.97,0.0,1.55,1.55,0.0,0.0,0.0
2025-08-11 11:34:40,3.2,6.6,0.0,89.97,0.0,7.13,7.13,0.0,0.0,0.0
2025-08-11 11:34:41,2.9,6.6,0.0,89.97,0.0,2.22,2.22,0.0,0.0,0.0
2025-08-11 11:34:42,2.3,6.6,0.0,89.97,0.0,0.87,0.87,0.0,0.0,0.0
2025-08-11 11:34:43,2.4,6.6,0.0,89.97,0.0,1.87,1.87,0.0,0.0,0.0
2025-08-11 11:34:44,2.5,6.6,0.0,89.97,0.0,0.91,0.91,0.0,0.0,0.0
2025-08-11 11:34:45,3.1,6.6,0.0,89.97,0.0,1.95,1.95,0.0,0.0,0.0
2025-08-11 11:34:46,2.2,6.6,0.0,89.97,0.0,1.55,1.55,0.0,0.0,0.0
2025-08-11 11:34:47,2.8,6.6,0.0,89.97,0.0,1.76,1.76,0.0,0.0,0.0
2025-08-11 11:34:48,2.8,6.6,0.0,89.97,0.0,0.7,0.7,0.0,0.0,0.0
2025-08-11 11:34:49,2.8,6.6,0.0,89.97,0.0,1.8,1.8,0.0,0.0,0.0
2025-08-11 11:34:50,5.7,6.6,0.0,89.97,0.0,0.5,0.5,0.0,0.0,0.0
2025-08-11 11:34:51,5.2,6.6,0.0,89.97,0.0,2.97,2.97,0.0,0.0,0.0
2025-08-11 11:34:52,2.5,6.6,0.0,89.97,0.0,0.63,0.63,0.0,0.0,0.0
2025-08-11 11:34:53,3.0,6.6,0.0,89.97,0.0,1.95,1.95,0.0,0.0,0.0
2025-08-11 11:34:54,2.9,6.6,0.0,89.97,0.0,0.73,0.73,0.0,0.0,0.0
2025-08-11 11:34:55,3.1,6.6,0.0,89.97,0.0,2.23,2.23,0.0,0.0,0.0
2025-08-11 11:34:56,2.5,6.6,0.0,89.97,0.0,1.68,1.68,0.0,0.0,0.0
2025-08-11 11:34:57,2.1,6.6,0.0,89.97,0.0,1.62,1.62,0.0,0.0,0.0
2025-08-11 11:34:58,2.8,6.6,0.0,89.97,0.0,0.9,0.9,0.0,0.0,0.0
2025-08-11 11:34:59,4.2,6.6,0.0,89.97,0.0,1.72,1.72,0.0,0.0,0.0
2025-08-11 11:35:00,5.0,6.6,0.0,89.97,0.0,0.54,0.54,0.0,0.0,0.0
2025-08-11 11:35:01,2.8,6.6,0.0,89.97,0.0,2.86,2.86,0.0,0.0,0.0
2025-08-11 11:35:02,2.6,6.6,0.0,89.97,0.0,0.22,0.22,0.0,0.0,0.0
2025-08-11 11:35:03,2.3,6.6,0.0,89.97,0.0,2.37,2.37,0.0,0.0,0.0
2025-08-11 11:35:04,2.8,6.6,0.0,89.97,0.0,0.93,0.93,0.0,0.0,0.0
2025-08-11 11:35:05,2.4,6.6,0.0,89.97,0.0,1.63,1.63,0.0,0.0,0.0
2025-08-11 11:35:06,2.6,6.6,0.0,89.97,0.0,1.02,1.02,0.0,0.0,0.0
2025-08-11 11:35:07,2.4,6.6,0.0,89.97,0.0,0.68,0.68,0.0,0.0,0.0
2025-08-11 11:35:08,3.3,6.6,0.0,89.97,0.0,2.29,2.29,0.0,0.0,0.0
2025-08-11 11:35:09,2.2,6.6,0.0,89.97,0.0,0.27,0.27,0.0,0.0,0.0
2025-08-11 11:35:10,3.0,6.6,0.0,89.97,0.0,6.85,6.85,0.0,0.0,0.0
2025-08-11 11:35:11,3.1,6.6,0.0,89.97,0.0,1.74,1.74,0.0,0.0,0.0
2025-08-11 11:35:12,2.4,6.6,0.0,89.97,0.0,1.75,1.75,0.0,0.0,0.0
2025-08-11 11:35:13,7.0,6.6,0.0,89.97,0.0,0.89,0.89,0.0,0.0,0.0
2025-08-11 11:35:14,10.1,6.6,0.0,89.97,0.0,1.79,1.79,0.0,0.0,0.0
2025-08-11 11:35:15,10.1,6.6,0.0,89.97,0.0,0.96,0.96,0.0,0.0,0.0
2025-08-11 11:35:16,9.8,6.6,0.0,89.97,0.0,1.87,1.87,0.0,0.0,0.0
2025-08-11 11:35:17,10.4,6.6,0.0,89.97,0.0,1.84,1.84,0.0,0.0,0.0
2025-08-11 11:35:18,9.3,6.6,0.0,89.97,0.0,1.42,1.42,0.0,0.0,0.0
2025-08-11 11:35:19,10.7,6.6,0.0,89.97,0.0,1.12,1.12,0.0,0.01,0.01
2025-08-11 11:35:20,9.6,6.6,0.0,89.97,0.0,1.74,1.74,0.0,0.0,0.0
2025-08-11 11:35:21,11.3,6.6,0.0,89.97,0.0,1.04,1.04,0.0,0.0,0.0
2025-08-11 11:35:22,9.8,6.6,0.0,89.97,0.0,1.71,1.71,0.0,0.0,0.0
2025-08-11 11:35:23,10.1,6.6,0.0,89.97,0.0,0.77,0.77,0.0,0.0,0.0
2025-08-11 11:35:24,10.0,6.6,0.0,89.97,0.0,1.81,1.81,0.0,0.0,0.0
2025-08-11 11:35:25,10.3,6.6,0.0,89.97,0.0,0.94,0.94,0.0,0.0,0.0
2025-08-11 11:35:26,11.8,6.6,0.0,89.97,0.0,2.07,2.07,0.0,0.0,0.0
2025-08-11 11:35:27,9.8,6.6,0.0,89.97,0.0,1.38,1.38,0.0,0.0,0.0
2025-08-11 11:35:28,10.1,6.6,0.0,89.97,0.0,1.85,1.85,0.0,0.0,0.0
2025-08-11 11:35:29,9.8,6.6,0.0,89.97,0.0,0.88,0.88,0.0,0.0,0.0
2025-08-11 11:35:30,12.8,6.6,0.0,89.97,0.0,1.58,1.58,0.0,0.0,0.0
2025-08-11 11:35:31,11.2,6.6,0.0,89.97,0.0,4.45,4.45,0.0,0.0,0.0
2025-08-11 11:35:32,9.4,6.6,0.0,89.97,0.0,7.15,7.15,0.0,0.0,0.0
2025-08-11 11:35:33,10.5,6.6,0.0,89.97,0.0,0.22,0.22,0.0,0.0,0.0
2025-08-11 11:35:34,10.6,6.6,0.0,89.97,0.0,2.27,2.27,0.0,0.0,0.0
2025-08-11 11:35:35,11.8,6.6,0.0,89.97,0.0,0.42,0.42,0.0,0.0,0.0
2025-08-11 11:35:36,9.8,6.6,0.0,89.97,0.0,2.99,2.99,0.0,0.0,0.0
2025-08-11 11:35:37,10.6,6.6,0.0,89.97,0.0,0.8,0.8,0.0,0.0,0.0
2025-08-11 11:35:38,9.4,6.6,0.0,89.97,0.0,2.13,2.13,0.0,0.0,0.0
2025-08-11 11:35:39,10.4,6.6,0.0,89.97,0.0,0.99,0.99,0.0,0.0,0.0
2025-08-11 11:35:40,10.0,6.6,0.0,89.97,0.0,1.43,1.43,0.0,0.0,0.0
2025-08-11 11:35:41,9.8,6.6,0.0,89.97,0.0,7.7,7.7,0.0,0.0,0.0
2025-08-11 11:35:42,9.0,6.6,0.0,89.97,0.0,1.56,1.56,0.0,0.0,0.0
2025-08-11 11:35:43,10.3,6.6,0.0,89.97,0.0,0.89,0.89,0.0,0.0,0.0
2025-08-11 11:35:44,11.4,6.6,0.0,89.97,0.0,2.18,2.18,0.0,0.0,0.0
2025-08-11 11:35:45,10.8,6.6,0.0,89.97,0.0,0.44,0.44,0.0,0.0,0.0
2025-08-11 11:35:46,9.6,6.6,0.0,89.97,0.0,2.38,2.38,0.0,0.0,0.0
2025-08-11 11:35:47,7.6,6.6,0.0,89.97,0.0,0.35,0.35,0.0,0.0,0.0
2025-08-11 11:35:48,2.4,6.6,0.0,89.97,0.0,2.4,2.4,0.0,0.0,0.0
2025-08-11 11:35:49,2.5,6.6,0.0,89.97,0.0,0.74,0.74,0.0,0.0,0.0
2025-08-11 11:35:50,2.6,6.6,0.0,89.97,0.0,0.86,0.86,0.0,0.0,0.0
2025-08-11 11:35:51,4.1,6.6,0.0,89.97,0.0,1.97,1.97,0.0,0.0,0.0
2025-08-11 11:35:52,2.3,6.6,0.0,89.97,0.0,0.82,0.82,0.0,0.0,0.0
2025-08-11 11:35:53,2.5,6.6,0.0,89.97,0.0,1.82,1.82,0.0,0.0,0.0
2025-08-11 11:35:54,2.3,6.6,0.0,89.97,0.0,1.31,1.31,0.0,0.0,0.0
2025-08-11 11:35:55,5.2,6.6,0.0,89.97,0.0,1.87,1.87,0.0,0.0,0.0
2025-08-11 11:35:56,2.6,6.6,0.0,89.97,0.0,0.86,0.86,0.0,0.0,0.0
2025-08-11 11:35:57,2.5,6.6,0.0,89.97,0.0,1.94,1.94,0.0,0.0,0.0
2025-08-11 11:35:58,3.0,6.6,0.0,89.97,0.0,0.68,0.68,0.0,0.0,0.0
2025-08-11 11:35:59,2.5,6.6,0.0,89.97,0.0,2.36,2.36,0.0,0.0,0.0
2025-08-11 11:36:00,3.0,6.6,0.0,89.97,0.0,0.77,0.77,0.0,0.0,0.0
2025-08-11 11:36:01,3.4,6.6,0.0,89.97,0.0,1.76,1.76,0.0,0.0,0.0
2025-08-11 11:36:02,2.2,6.6,0.0,89.97,0.0,1.02,1.02,0.0,0.0,0.0
2025-08-11 11:36:03,3.7,6.6,0.0,89.97,0.0,1.9,1.9,0.0,0.0,0.0
2025-08-11 11:36:04,2.8,6.6,0.0,89.97,0.0,1.06,1.06,0.0,0.0,0.0
2025-08-11 11:36:05,3.3,6.6,0.0,89.97,0.0,1.86,1.86,0.0,0.0,0.0
2025-08-11 11:36:06,2.2,6.6,0.0,89.97,0.0,0.66,0.66,0.0,0.0,0.0
2025-08-11 11:36:07,3.9,6.6,0.0,89.97,0.0,2.02,2.02,0.0,0.0,0.0
2025-08-11 11:36:08,2.4,6.6,0.0,89.97,0.0,0.74,0.74,0.0,0.0,0.0
2025-08-11 11:36:09,2.7,6.6,0.0,89.97,0.0,1.97,1.97,0.0,0.0,0.0
2025-08-11 11:36:10,2.4,6.6,0.0,89.97,0.0,1.47,1.47,0.0,0.0,0.0
2025-08-11 11:36:11,2.8,6.6,0.0,89.97,0.0,6.85,6.85,0.0,0.0,0.0
2025-08-11 11:36:12,2.7,6.6,0.0,89.97,0.0,0.85,0.85,0.0,0.0,0.0
2025-08-11 11:36:13,2.4,6.6,0.0,89.97,0.0,1.88,1.88,0.0,0.0,0.0
2025-08-11 11:36:14,3.9,6.6,0.0,89.97,0.0,0.89,0.89,0.0,0.0,0.0
2025-08-11 11:36:15,2.4,6.6,0.0,89.97,0.0,2.31,2.31,0.0,0.0,0.0
2025-08-11 11:36:16,2.7,6.6,0.0,89.97,0.0,0.77,0.77,0.0,0.0,0.0
2025-08-11 11:36:17,2.8,6.6,0.0,89.97,0.0,2.13,2.13,0.0,0.0,0.0
2025-08-11 11:36:18,2.7,6.6,0.0,89.97,0.0,0.68,0.68,0.0,0.0,0.0
2025-08-11 11:36:19,3.8,6.6,0.0,89.97,0.0,1.53,1.53,0.0,0.0,0.0
2025-08-11 11:36:20,5.9,6.6,0.0,89.97,0.0,1.22,1.22,0.0,0.0,0.0
2025-08-11 11:36:21,4.3,6.6,0.0,89.97,0.0,2.22,2.22,0.0,0.0,0.0
2025-08-11 11:36:22,3.6,6.6,0.0,89.97,0.0,0.52,0.52,0.0,0.0,0.0
2025-08-11 11:36:23,1.5,6.6,0.0,89.97,0.0,2.25,2.25,0.0,0.0,0.0
2025-08-11 11:36:24,2.1,6.6,0.0,89.97,0.0,1.12,1.12,0.0,0.0,0.0
2025-08-11 11:36:25,2.3,6.6,0.0,89.97,0.0,2.28,2.28,0.0,0.0,0.0
2025-08-11 11:36:26,1.8,6.6,0.0,89.97,0.0,0.41,0.41,0.0,0.0,0.0
2025-08-11 11:36:27,1.6,6.6,0.0,89.97,0.0,1.14,1.14,0.0,0.0,0.0
2025-08-11 11:36:28,3.2,6.6,0.0,89.97,0.0,1.75,1.75,0.0,0.0,0.0
2025-08-11 11:36:29,2.8,6.6,0.0,89.97,0.0,0.81,0.81,0.0,0.0,0.0
2025-08-11 11:36:30,3.6,6.6,0.0,89.97,0.0,2.12,2.12,0.0,0.0,0.0
2025-08-11 11:36:31,3.3,6.6,0.0,89.97,0.0,7.72,7.72,0.0,0.0,0.0
2025-08-11 11:36:32,2.2,6.5,0.0,89.97,0.0,1.25,1.25,0.0,0.0,0.0
2025-08-11 11:36:33,2.1,6.5,0.0,89.97,0.0,1.89,1.89,0.0,0.0,0.0
2025-08-11 11:36:34,1.5,6.5,0.0,89.97,0.0,0.87,0.87,0.0,0.0,0.0
2025-08-11 11:36:35,2.0,6.5,0.0,89.97,0.0,1.74,1.74,0.0,0.0,0.0
2025-08-11 11:36:36,1.7,6.5,0.0,89.97,0.0,1.31,1.31,0.0,0.0,0.0
2025-08-11 11:36:37,2.7,6.5,0.0,89.97,0.0,1.98,1.98,0.0,0.0,0.0
2025-08-11 11:36:38,1.9,6.5,0.0,89.97,0.0,0.82,0.82,0.0,0.0,0.0
2025-08-11 11:36:39,2.0,6.5,0.0,89.97,0.0,1.79,1.79,0.0,0.0,0.0
2025-08-11 11:36:40,2.1,6.5,0.0,89.97,0.0,0.66,0.66,0.0,0.0,0.0
2025-08-11 11:36:41,2.5,6.5,0.0,89.97,0.0,2.58,2.58,0.0,0.0,0.01
2025-08-11 11:36:42,1.6,6.5,0.0,89.97,0.0,7.33,7.33,0.0,0.0,0.01
2025-08-11 11:36:43,1.9,6.5,0.0,89.97,0.0,2.15,2.15,0.0,0.0,0.0
2025-08-11 11:36:44,1.9,6.5,0.0,89.97,0.0,0.96,0.96,0.0,0.0,0.0
2025-08-11 11:36:45,1.5,6.5,0.0,89.97,0.0,2.0,2.0,0.0,0.0,0.0
2025-08-11 11:36:46,1.5,6.5,0.0,89.97,0.0,1.02,1.02,0.0,0.0,0.0
2025-08-11 11:36:47,1.7,6.5,0.0,89.97,0.0,1.79,1.79,0.0,0.0,0.0
2025-08-11 11:36:48,2.0,6.5,0.0,89.97,0.0,0.81,0.81,0.0,0.0,0.0
2025-08-11 11:36:49,1.9,6.5,0.0,89.97,0.0,1.92,1.92,0.0,0.0,0.0
2025-08-11 11:36:50,5.2,6.5,0.0,89.97,0.0,0.81,0.81,0.01,0.01,0.02
2025-08-11 11:36:51,3.7,6.5,0.0,89.97,0.0,2.37,2.37,0.01,0.01,0.01
2025-08-11 11:36:52,4.2,6.3,0.0,89.97,0.0,0.88,0.88,0.0,0.0,0.01
2025-08-11 11:36:53,2.4,6.2,100.0,0.85,0.0,1.85,1.85,0.01,0.01,0.01
2025-08-11 11:36:54,2.1,6.2,100.0,0.85,0.0,0.85,0.85,0.02,0.04,0.06
2025-08-11 11:36:55,3.3,6.2,0.0,0.85,0.0,2.2,2.2,0.0,0.0,0.0
2025-08-11 11:36:56,2.8,6.1,0.0,0.85,0.0,1.26,1.26,0.0,0.0,0.0
2025-08-11 11:36:57,2.4,6.1,0.0,0.85,0.0,1.81,1.81,0.01,0.01,0.02
2025-08-11 11:36:58,2.8,6.1,0.0,0.85,0.0,0.76,0.76,0.01,0.01,0.01
